id,source,text,title,author,rating,date,url,sentiment,category,metadata_app_id,metadata_thumbs_up,metadata_review_id,metadata_version,metadata_sentiment_polarity,metadata_sentiment_subjectivity,metadata_sentiment_confidence,metadata_feed_url,metadata_published
911ed1a90a9397a42d8bc4721097d214,playstore,"Works well, app loading is just annoyingly slow.",,Pierre Bester,3.0,2025-09-13T23:17:49,,Negative,App Performance,com.microsoft.familysafety,0.0,19e901bd-a911-4af8-b58c-47a068bf959e,2.0.3.1064,-0.30000000000000004,0.39999999999999997,0.30000000000000004,,
913da85d62e631749600d47a290a5396,playstore,DON'T BOTHER Constantly having its us not you error when trying to set this up and traceid error on the webpage. I done as below submitting feedback with logs and countless Microsoft people remotely connect with no resolution just constant told 48 hours and case would be closed. Qustodio is far smoother and worth the money.,,Carla D,1.0,2025-09-13T20:44:54,,Neutral,Others,com.microsoft.familysafety,2.0,603b5a0c-4f1f-46b7-8a8e-012b5532920d,2.0.3.1064,0.02857142857142857,0.3666666666666667,0.02857142857142857,,
cea55804dfe1876886223537ca1f2d2c,playstore,like,,shahram asadzadeh,5.0,2025-09-13T18:33:17,,Neutral,Others,com.microsoft.familysafety,0.0,1222eed9-7d07-4080-8ef0-79a7659431ec,2.0.3.1064,0.0,0.0,0.0,,
200670b8ffbbfee70b7bfd1da75727cd,playstore,lock device still not working,,Emiel Kosse,2.0,2025-09-13T16:10:50,,Neutral,Devices,com.microsoft.familysafety,0.0,c9f900c7-d9cc-4445-9eb9-b3cb6c6927ab,2.0.3.1064,0.0,0.0,0.0,,
b363d660cd9a47369793b2581bf4d89b,playstore,I have been using this app for 4 years it's great.,,Seena John,5.0,2025-09-13T12:46:17,,Positive,Others,com.microsoft.familysafety,0.0,3cf91b3f-49e5-4c55-afdf-565ed955c9ed,2.0.3.1064,0.8,0.75,0.8,,
b8451ac3b6feccf9ee9c9b0961369677,playstore,it won't let you use Google chrome,,lieam johnson,3.0,2025-09-12T18:57:34,,Neutral,Others,com.microsoft.familysafety,0.0,bb30c74f-cb9b-46cb-a151-9aa3b95d4a6a,2.0.3.1064,0.0,0.0,0.0,,
890af46e8563ef18027ad96a0d29b6b7,playstore,really helpful if setup well.,,rex cub,5.0,2025-09-11T00:03:07,,Positive,Setup & Configuration,com.microsoft.familysafety,0.0,d2b5251f-9143-4c45-ac72-f26d1ca45603,2.0.3.1064,0.2,0.2,0.2,,
99d9a1cb9e57aa285bac2f5480cd6214,playstore,Very confusing and never works. The user experience is terrible. Does not take you to the correct place or show you any meaningful information. Should delete,,Mark Sm,1.0,2025-09-10T18:26:05,,Negative,Full Frustration,com.microsoft.familysafety,0.0,34395069-6657-41a9-b8d6-c7f191833911,2.0.3.1064,-0.2966666666666667,0.6733333333333333,0.2966666666666667,,
23f0b6b07bce8a01dd6f6de6e6f1c2ce,playstore,The app doesnt load and is very slow. I'm a subscriber and this seems to be a waste of time and money.,,Ivo Miletic,1.0,2025-09-10T17:47:06,,Negative,App Performance,com.microsoft.familysafety,0.0,7cc95179-cdf7-4ee9-b62f-552ee5a90a14,,-0.29500000000000004,0.26,0.29500000000000004,,
7065681f9fde980011486523c70f7935,playstore,"just use the windows app on your PC. this app never works. Every time I click on see all apps to make adjustments, the app thinks Activity reporting is off. but it's not. useless app.",,Tommy Law,1.0,2025-09-09T22:28:47,,Positive,App Usage,com.microsoft.familysafety,0.0,2284fd5a-7cf3-4c6f-a20f-956b534aa110,2.0.3.1064,0.25,0.2,0.25,,
8047d7a6cb0668fa5a10c574c8423d25,playstore,"my kids are locked out, the app does not received any notification for allowing another extended hours of screentime. they cannot studies in a critical moment where its an exam week.",,Richard Hanz Monfort Kalaw,1.0,2025-09-09T17:01:58,,Neutral,Notifications & Alerts,com.microsoft.familysafety,0.0,c4b46080-5445-4a9d-b01c-07359438012b,2.0.3.1064,0.0,0.8,0.0,,
b639374d46b1384b6f2e1a6131f7b6dc,playstore,"Basically doesn't work, keeps telling me (parent) I can't set app limits unless activity monitoring is turned on. So I turn it on, then try again but it's turned itself off and asks me to turn activity monitoring on again. Very frustrating.",,J Lo,2.0,2025-09-09T11:49:31,,Negative,Privacy Concerns,com.microsoft.familysafety,0.0,858e4af7-c5cb-4e70-af28-ba3262728ccc,2.0.3.1064,-0.52,1.0,0.52,,
b87fa3b4ce7fda3f1a21c68481b5684a,playstore,"""7 h 35 min used today out of 4 hr"" what's the point in time limits if it sails right past them?",,Jennifer M,1.0,2025-09-09T10:51:18,,Neutral,Screen Time,com.microsoft.familysafety,0.0,e7172852-fcd4-4dbd-ae49-478697e372d4,2.0.3.1064,0.01785714285714285,0.39285714285714285,0.01785714285714285,,
812d8531e30ab1a817dbf2cf4574f783,playstore,"Made two accounts for my son on accident. doesn't let me remove the account he doesn't use, and says I need to be the Organizer who set up the account. I'm definitely logged in as the Organizer and only adult on the account.",,Jacob Hughlette,1.0,2025-09-08T04:55:00,,Neutral,Login & Account Issues,com.microsoft.familysafety,0.0,e700ef0d-45c7-4a5e-85df-f6479521c0fe,2.0.3.1064,0.03333333333333333,0.6,0.03333333333333333,,
8147cd3cc38e12219735f2cb2ca86d81,playstore,I'd give it zero if I could. Awful and convoluted experience. Stick to Google if you can. Settings management doesn't easily show all the options I need and the interface is uselessly recursive.,,Christian Hunkus,1.0,2025-09-08T01:54:56,,Negative,Setup & Configuration,com.microsoft.familysafety,0.0,5435bae6-2397-4a94-a24a-86b5828d853b,2.0.3.1064,-0.35555555555555557,0.6777777777777779,0.35555555555555557,,
2745b1c6e58daebb785a0cebd9db990c,playstore,"seems unreliable, child seems to still be on the pc after time limits set and even the lock device doesn't always lock the device.",,Paul M,1.0,2025-09-07T22:34:37,,Neutral,Screen Time,com.microsoft.familysafety,5.0,7c4cd7e2-5b4f-41d2-b227-8cb1413c5432,2.0.3.1064,0.0,0.0,0.0,,
9498ced101d2aa5b6ec3e1485def1376,playstore,its perfect.,,Ariel James,5.0,2025-09-07T01:30:54,,Positive,Others,com.microsoft.familysafety,0.0,b6498c06-bfc6-41fa-8064-31b505938698,2.0.3.1064,1.0,1.0,1.0,,
59eee57e162f471abe2a884e8555e83d,playstore,"Constant App issues. Lock Out feature is not working, button non functional and I've force stopped the app and restarted, still non functional.",,Scott Stamm,1.0,2025-09-06T19:09:56,,Neutral,Others,com.microsoft.familysafety,1.0,58b29918-507f-458a-b2b0-3b32972f3994,2.0.3.1064,0.0,0.3333333333333333,0.0,,
24bae7c3dea975a00e82709358197d0c,playstore,"It gives you impression that it works, but it is not, you can spend hours on devices debugging why time limits doesn't work or why it doesn't appear under user devices. If compared to family link, which sadly works only on android, this product is unfinished in so many ways.",,Rolands Primačenkovs,2.0,2025-09-06T14:17:54,,Neutral,Screen Time,com.microsoft.familysafety,1.0,d3a2020f-c86e-4fbf-8aba-10ed72bb0fce,2.0.3.1064,0.0,0.8333333333333334,0.0,,
32f90b1c0ebe2b966ea5f155d2955b39,playstore,"it can not lock PC by real time, and the we can not block app or limit app like android do, microsoft needs to learn from google about this kind of app. and this app is slow respons",,Febriyanto Nugroho,2.0,2025-09-06T09:45:22,,Positive,App Blocking,com.microsoft.familysafety,1.0,fa706c0c-d82f-4885-b3c8-6c41eada554e,2.0.3.1064,0.16666666666666666,0.5333333333333333,0.16666666666666666,,
539732e699079b342b280056904ef4b1,playstore,"This app sucks. It is difficult to use, and any instruction I can find on how to use it does not match what is in the app itself. No wonder so many people let their kids run free on the internet.",,Tatjana Odins-Cape,1.0,2025-09-04T20:57:36,,Neutral,Others,com.microsoft.familysafety,1.0,77d9dc5e-8c7e-4688-9244-53aa7ed77d84,2.0.3.1064,0.024999999999999994,0.65,0.024999999999999994,,
6ba74bae13b076f34f6d7488e6cfde62,playstore,Very useful to monitor the kids' computer usage for their safety,,Nila Murti,5.0,2025-09-04T12:31:32,,Positive,Others,com.microsoft.familysafety,0.0,a53c4490-3bc6-4195-8463-83916f508d00,2.0.3.1064,0.39,0.0,0.39,,
43bffc1209b4953b8b50212a13213fde,playstore,"My account on Microsoft is stuck as a Kid account, and there are no organizers there, HELP! 😭",,rod basilan (Sprelaxor),1.0,2025-09-04T12:00:11,,Neutral,Login & Account Issues,com.microsoft.familysafety,0.0,f8e3d91d-f4ec-4c60-9d38-234899ea075e,,0.0,0.0,0.0,,
8d0349c34bedf210a70a8178c4c25d53,playstore,as usual performance is crazy with Microsoft. every touch it load and load data. nothing smooth. any way this is not new thing from microsoft,,Ayman Salah,1.0,2025-09-03T22:40:51,,Negative,App Performance,com.microsoft.familysafety,1.0,9a8eaa57-4c76-4737-9133-8a8d4f048272,2.0.3.1064,-0.12954545454545452,0.5261363636363636,0.12954545454545452,,
66802bb9b30453c4983e0da006ecfe01,playstore,if I could give negative i would,,Kaleiya Chisholm,1.0,2025-09-02T02:11:07,,Negative,Others,com.microsoft.familysafety,0.0,b2fb4ab7-e7b7-4748-a432-24781b193136,,-0.3,0.4,0.3,,
767293e13ee4e9b1413a502dfd6bba0d,playstore,useless app keeps blocking Google even though it's downloaded through Google play store,,Theodore Wong Jun Fay,1.0,2025-09-01T19:01:39,,Negative,App Blocking,com.microsoft.familysafety,0.0,c9f68490-b01f-4908-a1f8-6296ef4034ee,2.0.3.1064,-0.5,0.2,0.5,,
3f0e215e3f4441f3e8596dad80eb6b0a,playstore,You don't have to change everything because you can. The new user interface and ways to manage screen time was really unnecessary. Why did the connected devices disappear now with the newer version? Don't the Microsoft engineers have anything better than changing working features?,,Adnan Erhan Akgül,1.0,2025-09-01T13:10:54,,Neutral,Screen Time,com.microsoft.familysafety,13.0,8035967a-3e06-4172-9e05-0d2fec5b78d7,2.0.3.1064,0.07878787878787878,0.6181818181818182,0.07878787878787878,,
eb09b3d1ef5d7f52f314ac1240a9530d,playstore,"It's mind-boggling how the richest company in the world with the largest number of customers so confidently keeps on making the worst software in the world for years. Oh I know, that's what monopoly does to the companies.",,Ed Garas,1.0,2025-09-01T01:17:16,,Neutral,Full Frustration,com.microsoft.familysafety,0.0,ae177d86-f106-4060-9c67-cad3687539e0,2.0.3.1064,0.0,0.9444444444444445,0.0,,
c47fd652e7d87443fd9cc4bb6e856514,playstore,Changing settings in the app fixes nothing. Kids still can't access multi-player content. Waste of storage space. Terrible company,,Notgoing Toshowname,1.0,2025-09-01T00:30:24,,Negative,Setup & Configuration,com.microsoft.familysafety,0.0,d56e919b-c980-497c-9d53-716da7a34192,2.0.3.1064,-0.6,0.5,0.6,,
9b21dd6f2689b8d3462d5c248733e734,playstore,"best way to give your kids a break from the screen.No worries of what they watch. You can review what they search and what they watch.control the app access or even block sites and apps that are not of your liking. get weekly reports from each child account sent to your email. So yes, this ""Family Safety"" app and for Android ""Family link"" are a must-have to keep your kids safe.One thing to note is that kids always find workarounds when time limits or apps are blocked,discord browser not blocked",,Patrick Mwangi,5.0,2025-08-31T12:14:03,,Positive,Screen Time,com.microsoft.familysafety,1.0,03dec689-6415-4714-9dc5-19ed72209ade,2.0.3.1064,1.0,0.3,1.0,,
7a8735521e43af90282d42347bbd0182,playstore,Garbage! You can't even turn off the email notifications. No customer service to speak of.,,Chap,1.0,2025-08-30T20:03:44,,Neutral,Notifications & Alerts,com.microsoft.familysafety,0.0,44a0ca09-dd6b-47c9-9740-1e08fb3d5993,2.0.3.1064,0.0,0.0,0.0,,
893d2bb27663aba59580382297c51721,playstore,Not possible to adjust time without changing the schedule. Why can't I just subject 30 minutes from today's time without having to adjust the schedule for every Saturday? then I have to remember to change it back the next day. Poor product design.,,Esben Agersnap,2.0,2025-08-30T15:14:39,,Negative,User Interface,com.microsoft.familysafety,0.0,f940c31e-ad43-4cd2-abb3-4a1ec43575e9,2.0.3.1064,-0.11333333333333333,0.3866666666666666,0.11333333333333333,,
ff5df76cadd114598a79cc5aad517a5d,playstore,Microsoft does it again; every setting you need with features that are barely usable. Fire whoever is in charge of this garbage and hire someone with basic understanding of your users' needs.,,Sam Weight,1.0,2025-08-30T05:29:40,,Neutral,Others,com.microsoft.familysafety,0.0,afe94b6c-4892-43a9-9634-edc7f0807f51,2.0.3.1064,0.025,0.1125,0.025,,
c6f7a0d4e11cffeb692c05b7faad8d2b,playstore,Offers some control over content but the screen time features seem unreliable. My teenager is consistently playing past the set limit somehow.,,Kora B.,3.0,2025-08-29T11:32:06,,Neutral,Screen Time,com.microsoft.familysafety,0.0,63e2fbbe-297b-465a-ab23-8ec338099b34,2.0.3.1064,0.033333333333333326,0.16666666666666666,0.033333333333333326,,
af6519612e9065f52f1c90b0c395315f,playstore,"absolutely worthless app. all I want to do is prevent my child from accidentally coming across pornography while using his school computer. impossible with Microsoft. I spent an hour trying to set it up with zero progress and zero path forward. all I need is a check box, ""Don't show porn to my child,"" not all this bloat and endless webpage holes and apps that lead to nothing. extremely disappointed.",,Ryan Caplin,1.0,2025-08-29T11:06:12,,Negative,Full Frustration,com.microsoft.familysafety,0.0,56ecc4f4-6abc-4170-93e3-a53dfb81527f,2.0.3.1064,-0.4883333333333334,0.7,0.4883333333333334,,
8681d993af2b8f8a956aed36a4f7d536,playstore,I got locked out completely and my parents will also usually have problems with the app,,Anatolii Poliakov,1.0,2025-08-29T01:19:45,,Negative,Others,com.microsoft.familysafety,0.0,a27fe826-38f1-4aa7-9905-1409b0852683,,-0.075,0.325,0.075,,
78cd1b810b5bc49887a0e139945b8d15,playstore,"Can't login, ""too many request"" error message.",,I Made Ariana,1.0,2025-08-28T16:10:21,,Positive,Notifications & Alerts,com.microsoft.familysafety,0.0,83850617-7a9d-40a9-9e52-1f21ec3e1afb,2.0.3.1064,0.5,0.5,0.5,,
26cb3eee029268eb410d136feabe3bac,playstore,try and open it and it's just a white screen.,,Aisha Monk,1.0,2025-08-27T21:16:40,,Neutral,Others,com.microsoft.familysafety,1.0,e772ee75-3a01-4775-983e-40a228172ecc,2.0.3.1064,0.0,0.25,0.0,,
067a287e838d5f78aa71b625607ea4bd,playstore,"I would give this a couple more stars if bonus time could be given without the user having to request it. Without that feature, it's more annoying than it is useful.",,Harold Min,2.0,2025-08-27T18:29:14,,Positive,Full Frustration,com.microsoft.familysafety,0.0,0632ed1b-ff1c-48c6-912f-1a7499b0f7ad,2.0.3.1064,0.12499999999999999,0.475,0.12499999999999999,,
a58792776fc697f9a3e3f23c757e8e92,playstore,does not work at all. It's been over a year since I was able to set any limits for my child and actually have it do anything.,,E S,1.0,2025-08-27T17:22:22,,Positive,Others,com.microsoft.familysafety,0.0,c3669ff6-85ad-4919-92bf-77440f40792e,2.0.3.1064,0.25,0.3625,0.25,,
e95660fc364d919259860b387aea9886,playstore,"Needs a lot of work on granting time / removing time. If I use a custom time, most often it doesn't work and I have to go to the machine to add time. Other times it won't reliably unlock the device. I also can just add time from the app, but have to wait for a request. Nor can I easily remove existing time if needed. Please fix the issues.",,Kevin M,2.0,2025-08-27T09:08:40,,Positive,Devices,com.microsoft.familysafety,7.0,bd5fe88d-9ae7-4211-826b-ad6d021cca3b,2.0.3.1064,0.26944444444444443,0.5694444444444445,0.26944444444444443,,
9cbdf96f75fc3ebe96f96da310a05d29,playstore,refresh lama di android,,Doddy Hian,5.0,2025-08-27T06:07:58,,Neutral,Others,com.microsoft.familysafety,0.0,f6ae80a7-d740-450d-8dbf-2da9194a0ebe,2.0.3.1064,0.0,0.0,0.0,,
55106038483136ccdca4e2a645325548,playstore,It keeps me updated!! I love it!,,Christy Clark,5.0,2025-08-26T06:10:36,,Positive,Update Issues,com.microsoft.familysafety,0.0,b7276290-7ced-4c67-a472-f18cc2e3423e,2.0.3.1064,0.625,0.6,0.625,,
7c49dc8edff9c6d9a8e024eaec7fed90,playstore,"1 star as you can control some things - but only 1 star as it CONSTANTLY fails on adding credit or purchasing things for my son, and has done for over a year.",,Scott Harman,1.0,2025-08-25T19:25:55,,Negative,App Reliability,com.microsoft.familysafety,0.0,9fc8002a-b65d-4adc-a4b9-3212b0a1d419,2.0.3.1064,-0.25,0.65,0.25,,
1cafe992a30d797966d05bf090c416be,playstore,best app to keep my family safe,,Vanessa Zakeva,5.0,2025-08-25T19:16:38,,Positive,Others,com.microsoft.familysafety,0.0,9d2db122-1574-423d-8509-48dad653bd7a,2.0.3.1064,0.75,0.4,0.75,,
6fbe45de46e8c32dbd1660bd66bbef77,playstore,"rubbish. you can't give bonus time like you can on Google's family link - say if you want to allow your child to have an extra bit of time. also all times are forced to the nearest half hour and I don't see why I can't specify any time I want, it always jumps to o'clock or half past. also it's sooo slow, every tap you make has a 5+ second spinner just to load a simple screen .",,Alex DeWitt,2.0,2025-08-25T18:19:22,,Negative,App Performance,com.microsoft.familysafety,0.0,be6dd129-5f84-4f01-9757-06946f15b27c,2.0.3.1064,-0.14791666666666667,0.2050595238095238,0.14791666666666667,,
b6516b489e4aa5ba0c36ab5e2220ef4e,playstore,very good if you have teenager,,Ari Tristianto Wibowo,5.0,2025-08-25T12:15:31,,Positive,Others,com.microsoft.familysafety,0.0,954579bd-986c-42a7-bb70-f40428208174,2.0.3.1064,0.9099999999999999,0.7800000000000001,0.9099999999999999,,
82295641928b165c016f8f7024307c93,playstore,Excellent. The ability to control screen time remotely is invaluable.,,Jesse Bignell,5.0,2025-08-25T09:16:13,,Positive,Screen Time,com.microsoft.familysafety,0.0,b8fd4328-35e7-4c45-bc30-d21e5c91a6e6,2.0.3.1064,0.45,0.6,0.45,,
3a84e5b42247ae61fbbf158ff4c887a8,playstore,"limited functionality, needs more development",,Barny Leavers,2.0,2025-08-24T19:14:56,,Positive,Feature Limitations,com.microsoft.familysafety,0.0,48d796e9-b40f-4f76-91f5-2df7dc0245cf,2.0.3.1064,0.2142857142857143,0.3214285714285714,0.2142857142857143,,
03f135ebf63988249379c16ff1c7ab6e,playstore,It doesn't work with my honor phone. The page is blank.,,Bowling Molee,1.0,2025-08-24T19:10:25,,Neutral,Devices,com.microsoft.familysafety,1.0,9d58ec23-cab8-41bc-9069-0f942fe9a290,2.0.3.1064,0.0,0.0,0.0,,
dca95bfa468962d2fbab153cc4ee24fd,playstore,if i could give it a lower rating. I would setting hidden all over the place and once you put an account on you can't take it off. plus once you give access it doesn't alway take it. so you have a screeming child wanting to play that you can't give access too. horrid truly horrible.,,Shane Pittman,1.0,2025-08-24T01:41:00,,Negative,Login & Account Issues,com.microsoft.familysafety,2.0,2e8acdbf-9217-4f21-bdd7-33d2c28ae938,2.0.3.1064,-0.5833333333333334,0.6666666666666666,0.5833333333333334,,
8ce314ed28484100aa1df976e4f5999d,playstore,"The idea behind this app is great, but there are still a lot of things that do not work reliably. Currently my PC device does not follow the limits I've put in - it was working fine until it didn't.",,Dan Rosenberg Mikkelsted,3.0,2025-08-23T13:02:22,,Positive,Devices,com.microsoft.familysafety,7.0,6929fc64-dc50-4718-a099-d95075bafff0,2.0.3.1064,0.20416666666666666,0.5875,0.20416666666666666,,
3ccf1a37f90efc6b654b3dae1a1ba290,playstore,A bit clunky but works OK. Xbox integration is very cumbersome.,,Nick Whiteley,3.0,2025-08-23T12:16:15,,Positive,Game & Xbox Integration,com.microsoft.familysafety,0.0,b4de8a55-2985-4eee-8fd8-4884a25f83c0,2.0.3.1064,0.35,0.4,0.35,,
2d0179274e8795e9552cb1a797bea731,playstore,"It's impossible to lock the device remotely. There's a label ""Lock Device"" but it does nothing. Should improve a lot to get at least functional compared with Google solutions.",,Eder Matias,1.0,2025-08-23T07:49:02,,Negative,Devices,com.microsoft.familysafety,2.0,0350df4d-8283-472e-a53e-32c9a08dc2ac,2.0.3.1064,-0.35555555555555557,0.5333333333333333,0.35555555555555557,,
2f02612903acbb4da6f16ec034076e53,playstore,very laggy,,Nahar Parvin,1.0,2025-08-22T21:13:23,,Positive,App Performance,com.microsoft.familysafety,0.0,fbb0a592-c3fb-4b7a-a663-93060e8d2387,,0.2,0.3,0.2,,
b30bf0b27913dfd45e2436eb3cf0c158,playstore,"slow app, loading the data is so slow snd it doesn't even cache the data you just retrieved . poor optimization. also why would I want the sites grouped instead of showing the web history in order by time by default. its better than Google. but still bad",,Brandon Harris,2.0,2025-08-21T09:04:25,,Negative,App Performance,com.microsoft.familysafety,0.0,9dd8abb2-d9f4-4d5a-b832-138a3d77fc4f,2.0.3.1064,-0.23999999999999994,0.5133333333333333,0.23999999999999994,,
6acb93875cc5792cf464fcc75e325af2,playstore,i shouldnt need this to play minecraft cross platform,,Asztalos Richárd,1.0,2025-08-20T20:33:04,,Neutral,Game & Xbox Integration,com.microsoft.familysafety,0.0,78614549-3cc0-4e33-a8ca-b1f050b2ddc4,,0.0,0.0,0.0,,
33616a19e67eb6483ce4e429f2ecfe70,playstore,"ever since I downloaded this app, its messing with my accounts and my kids profiles aren't working correctly.",,Jenni Klingeman,1.0,2025-08-20T20:11:11,,Neutral,Login & Account Issues,com.microsoft.familysafety,0.0,b2f06952-685b-4697-b035-741a367eda56,,0.0,0.0,0.0,,
44e3741e624b4ee0a7b43a5e409c7d32,playstore,"This app is 5-10 years behind the times in terms of User experience and features available. If it was possible to supervise my child's laptop with any other free app I would. I might have to pay for another app, this one is so bad. You can't supervise any web browser other than Microsoft Edge. you can't see a breakdown of what apps your child is using each day. You have to manually set the schedule for each day instead of applying the same schedule to all weekdays or weekends.",,Tania Sherman,2.0,2025-08-20T16:46:27,,Negative,Others,com.microsoft.familysafety,5.0,bd38cd98-00a8-4841-86ab-b9d8722d2405,2.0.3.1064,-0.06874999999999998,0.5552083333333333,0.06874999999999998,,
5171dfc0f38d90c0c332c7f1f723e448,playstore,"app showing error "" TOO MANY REQUESTS"" during login",,Jitendra Sharma,1.0,2025-08-20T11:05:19,,Positive,Login & Account Issues,com.microsoft.familysafety,0.0,6342d1fc-0ead-458a-bd3e-92ad363804a5,2.0.3.1064,0.5,0.5,0.5,,
91f35e01b377b4a5f1e6e7f2431efba0,playstore,blank when opening,,Tom Driscoll,1.0,2025-08-20T10:21:15,,Neutral,Others,com.microsoft.familysafety,1.0,b39468d0-515f-4a1a-a8a0-f322b03a976a,2.0.3.1064,0.0,0.0,0.0,,
dce19fa0ab7d9a72c43359608aeac0ff,playstore,"used to work well. however, since March 2025 it hasn't been working properly at all. it can't recognise my kid's laptop computer, account and login, even I reset the account on his laptop several times. frustrating!",,Jerry W,1.0,2025-08-17T12:58:39,,Negative,Login & Account Issues,com.microsoft.familysafety,1.0,2aea6de6-c11c-4f30-8e94-7e441ce362ff,2.0.3.1064,-0.16666666666666666,0.3333333333333333,0.16666666666666666,,
a6a4d8a83cc4ecdf781f89df7ece4543,playstore,such a hassle just to connect a device,,Alondra Hernandez,1.0,2025-08-17T11:36:42,,Neutral,Devices,com.microsoft.familysafety,0.0,3fd2d3ec-915a-43d0-b0c4-6f22f4aee32a,2.0.3.1064,0.0,0.5,0.0,,
6192c49de726a581babdd6c9ceb35e94,playstore,very good app,,Mohammad Haseeb Sayed,5.0,2025-08-14T22:44:49,,Positive,Others,com.microsoft.familysafety,0.0,cfa5af86-4857-40be-8d8a-0bda157492d7,2.0.3.1064,0.9099999999999999,0.7800000000000001,0.9099999999999999,,
f5b348a4bfc224b6db9d01e2bc7cc933,playstore,"Update. Just doubling down. Forgot I had left the review. The last few times I tried to add money (never the exact amount needed) the process stalled out in the app. Did the money transfer? Who knows! Should I hit the button again or will I be double charged? Had to use the web page. --- So frustrating to add money in large denominations, always leaving leftover funds. And when I bought more MS/xbox money than I needed to the balance still shows as zero until after I add more money. Frustrating!",,Damon Farrington,2.0,2025-08-14T02:24:19,,Neutral,Full Frustration,com.microsoft.familysafety,12.0,c4b89e47-d5ea-4198-b416-4a8b96381012,2.0.3.1064,0.024657287157287152,0.3576479076479076,0.024657287157287152,,
f7bee2743901b0475fc45d01b842e8f5,playstore,I dont like this,,Kai Adams,1.0,2025-08-13T11:13:56,,Neutral,Others,com.microsoft.familysafety,0.0,226aa9f0-a73b-4587-9b04-1023ea334a48,2.0.3.1064,0.0,0.0,0.0,,
d74a5472b3ebd903c68bb749905e9883,playstore,intresting,,Yeknathupadhyaya Upadhya,5.0,2025-08-13T11:00:14,,Neutral,Others,com.microsoft.familysafety,0.0,822769d2-981e-4769-bb72-eb19ea2b0b05,,0.0,0.0,0.0,,
c35d6d7775f1c0a765f28a54ea08a3fb,playstore,"Try adding finds to child's account is a ball ache. have been trying for months using the app, but constantly get a message saying, ""something went wrong"". Suppose to make things easy but made it impossible.",,Steve Brain,1.0,2025-08-13T01:20:30,,Negative,Notifications & Alerts,com.microsoft.familysafety,3.0,322c5944-1721-4144-8cd2-6719ecd43799,2.0.3.1064,-0.18333333333333332,0.7666666666666667,0.18333333333333332,,
d355b6377f169cbc1f4951a1e3a97ed2,playstore,"frustrating and fails to work correctly. App often ignores safety settings, refuses to update settings for my kid, and online help is significantly less than helpful.",,Cassandra Bankes,1.0,2025-08-12T21:02:20,,Negative,Setup & Configuration,com.microsoft.familysafety,3.0,c43be631-e7eb-445b-83ba-6dd23385f557,2.0.3.1064,-0.35555555555555557,0.4222222222222222,0.35555555555555557,,
6f590c4d30ed9585c9035ff360a90f95,playstore,"very well done app, some drawbacks are minor, using 100%",,D K,5.0,2025-08-12T13:22:05,,Neutral,Others,com.microsoft.familysafety,0.0,89735469-f97c-4c54-ace7-1adc5178fcd6,2.0.3.1064,0.07500000000000001,0.25,0.07500000000000001,,
adac38541d3a1c5f3cdf027505521f88,playstore,App loads then the screen stays white.. I can't access any of the menus. just a complete white screen.,,ShadowOfOrin,2.0,2025-08-12T10:32:25,,Neutral,Others,com.microsoft.familysafety,2.0,3d19e013-2c54-4a65-9267-927e331ec315,2.0.3.1064,0.03333333333333333,0.13333333333333333,0.03333333333333333,,
6a6832b104450d1991b0e5aa73efa3a2,playstore,"For your child's safety, LOOK ELSEWHERE!! This is the WORST and most frustrating app I've ever used! When you attempt to do something simple, like change your child's schedule, it consistently give you a message to the effect of ""Oops, it's not you, it's our fault. Please try again."" and it simply won't work until you back up and try again 10 times!",,Rob Scott,1.0,2025-08-11T21:27:29,,Negative,Notifications & Alerts,com.microsoft.familysafety,47.0,4c67596c-56b5-44c4-a3cc-635c94c72e55,2.0.3.1064,-0.10714285714285714,0.4806122448979592,0.10714285714285714,,
5aa3b9109908c2c33000241a285613e8,playstore,Absolutely love this app with the ability to monitor my children's xbox and PC. Definitely recommend!,,Austin Skelton,5.0,2025-08-11T17:50:47,,Positive,Game & Xbox Integration,com.microsoft.familysafety,0.0,00796973-3add-416d-bf2a-7acc6bca3230,2.0.2.1058,0.25,0.55,0.25,,
883923a011fe6b4dae96a47e294ad1f7,playstore,I haven't been able to use the app for quite a while now. All I get is a blank screen. having to log in on the website to do anything.,,Tabitha Z,1.0,2025-08-11T08:57:48,,Positive,Others,com.microsoft.familysafety,2.0,037e530f-c516-4cc5-974b-1fd5b8d7aaab,2.0.3.1064,0.25,0.3125,0.25,,
94b8afbcb46f38a86d84d5138f186b00,playstore,"So easy to set up and the parental controls work great! I can keep up with each of our children, and set times for each one, individually. Along with age limits, set times, you can also set length of time to play for each child. So it teaches time management skills too! I love it!",,largefamily mama,5.0,2025-08-11T01:42:05,,Positive,Parental Consent & Age Restriction,com.microsoft.familysafety,8.0,b6a34ea2-1fef-4bd4-b0b6-2933eb94b795,2.0.3.1064,0.5145833333333334,0.6458333333333334,0.5145833333333334,,
bdead50217994f68d910f4ed3416e3e4,playstore,"Whenever I give any amount of extra screen time on Windows, the Windows desktop remains unlocked indefinitely, the extra time never runs out.",,Attila CSIPAK,1.0,2025-08-10T19:19:27,,Neutral,Screen Time,com.microsoft.familysafety,6.0,9228ca73-5ae5-4db9-9ef5-f629d746b0fb,2.0.3.1064,0.0,0.1,0.0,,
1c97ee9a48cacf5ea0c6989726412c92,playstore,"keeps crashing, keeps automatically signing out. when I try to login even first time, app says ""too many requests"". this app also doesn't stop kids to download chrome and then they can watch anything on chrome. if kid sign out from edge it will not stop the kid and then it's unsafe. after sign out by kid it will not send any report to parents.",,Dinesh kumar,1.0,2025-08-09T21:48:30,,Positive,App Performance,com.microsoft.familysafety,4.0,d5b0834e-af54-4115-9f4b-da4edf55a324,2.0.3.1064,0.375,0.41666666666666663,0.375,,
16472415b37555055d8ce516e3b60e12,playstore,good app. works and functions very well.,,J. K.,5.0,2025-08-09T08:00:43,,Positive,Others,com.microsoft.familysafety,0.0,b2aa1080-d8e1-4671-a698-91104341e7e8,2.0.3.1064,0.44999999999999996,0.45000000000000007,0.44999999999999996,,
9639e12e0709a1748962bb050b44861e,playstore,"won't let ne sign in on the app. it says ""too many request""",,em0 Playz,3.0,2025-08-09T05:22:33,,Positive,Login & Account Issues,com.microsoft.familysafety,0.0,f4d4cd01-9400-4580-b6ff-8868d8ae32dc,2.0.3.1064,0.5,0.5,0.5,,
75150adb31832b8d83acc5de28d947cf,playstore,So few tech companies put effort into helping out parents. This is a rare find.,,De Wet Blomerus,5.0,2025-08-09T03:33:29,,Neutral,Customer Support,com.microsoft.familysafety,0.0,5af881eb-118c-43ca-8616-7f4b9a3b8e61,2.0.3.1064,0.04999999999999999,0.5,0.04999999999999999,,
eef191fe1d5c97f4f5dd85ae3f206e8d,playstore,"so far, great experiences using it to limit screen time and monitor installed apps, internet activity, etc.",,Gavin Schmidt,5.0,2025-08-08T19:55:43,,Positive,Screen Time,com.microsoft.familysafety,0.0,ddbbc955-babc-4bed-959e-47481f257e13,2.0.3.1064,0.45,0.875,0.45,,
5ff2b20ca92f5803b1b6215b86232f90,playstore,useless for iphone or ipad tracking. . . which is what my daugther use. wish the apps would have let me know before going through the whole process.,,Matrisk !,1.0,2025-08-08T02:12:09,,Negative,Devices,com.microsoft.familysafety,1.0,27a6c024-775f-4549-ba7a-b908b8de2cb8,2.0.3.1064,-0.15,0.30000000000000004,0.15,,
2b20e38a72168bee82c658a32064d93d,playstore,"Microsoft bailed on helping parents with an important issue of limiting screen time for kids. Disgraceful! Used to be able to consolidate time across devices, Windows, Xbox and even Android phone including Samsung. Android is gone and you can't even consolidate time between Xbox and Windows!!!!! Has to be set individually. if I set 3 for each, my kid can work the system & play 3 on Xbox and 3 on his PC. I WANT 3 IN TOTAL!! WTH did you do Microsoft? You STINK!!",,Bob Caruso,1.0,2025-08-07T17:03:38,,Positive,Screen Time,com.microsoft.familysafety,2.0,f9d6726c-ca29-468e-91ea-bc7d54bf499f,2.0.3.1064,0.375,0.69375,0.375,,
9f1bd8ffa613343b40cdc619de61b15d,playstore,Good app for monitoring kids using their gadgets especially PC and notebook.,,Irfian Teuku,5.0,2025-08-07T13:44:41,,Positive,Privacy Concerns,com.microsoft.familysafety,0.0,57fa9e08-9f92-475c-a893-4f103fbe2e02,2.0.3.1064,0.35,0.8,0.35,,
47d4a8d80afcd44b4c0c0e37c989e2e9,playstore,"One of the worst apps I've used. Super slow, bad UI design, requests sometimes works, and when it works it takes a while to actually do something on the family PC! And no way to disable email notifications!",,Mohammadreza Taikandi,2.0,2025-08-06T01:13:55,,Negative,Notifications & Alerts,com.microsoft.familysafety,2.0,13cea1bf-1c68-4696-be32-b67f6e8c64ec,2.0.3.1064,-0.3333333333333333,0.5666666666666667,0.3333333333333333,,
2d74a5dea81fabf3897655bddfd7f540,playstore,"In a kid, I don't like limited time on roblox, geomatry dash, etc. I'm pretty sure my mom would rate 4 stars.",,Goobie,1.0,2025-08-04T06:33:17,,Positive,Feature Limitations,com.microsoft.familysafety,0.0,a9ee9a47-0038-497a-a2f4-afb81caab140,2.0.3.1064,0.2261904761904762,0.6772486772486772,0.2261904761904762,,
bac9fb9c0dd8179682c7260d7cd3f128,playstore,"This is by far the worst family safety control application out there, you can approve your child request for applications 10 times and they still won't be able to use them. This app is a real embarrassment for Microsoft.",,Nimrod Dori,1.0,2025-08-03T22:37:02,,Neutral,Full Frustration,com.microsoft.familysafety,3.0,612c0f5a-6230-40e0-910b-3cda030c985a,2.0.3.1064,-0.05,0.73125,0.05,,
18a56aa30aa2ea7fa38a8ab30eee7b3a,playstore,the tool is too slow. specisly when we need to set/change time per day for multiple kids.,,Helio Campos Mello de Andrade,2.0,2025-08-02T18:12:09,,Negative,App Performance,com.microsoft.familysafety,1.0,f137270b-f223-46c6-93ce-c65ed3b7fd04,2.0.3.1064,-0.15000000000000002,0.19999999999999998,0.15000000000000002,,
e733f7a1f11636647cd81cec7d02f7d7,playstore,"I can not give my kids extra time from my phone, it also doesn't show the time they have used but does give them the correct amount of time each day. I am only giving it 2 stars because it limits their time even if I can't give them extra.",,Israel Grant,2.0,2025-08-01T01:14:05,,Neutral,Devices,com.microsoft.familysafety,2.0,45adbbb3-b128-4606-8642-81e6853a5ca9,2.0.3.1064,0.0,0.4000000000000001,0.0,,
1e607bbab476ae5269b18fcd54b80f54,playstore,"App management is Ok, but the APP is so slow! Giving more time limit takes a whole flight to the moon. Update: I have tried your suggestion and it does not work. I have ollowed instructions, updated an application. Cleared application data and caches. The issue is the same. Screen load times are like 5+ seconds. Please optimize your app, add local caches, CDNs, geographical infrastracture distribution etc. Optimize app/backend performance. Load time after each click/tap should be below 1 second.",,Georgijs Samoilenko,3.0,2025-07-31T18:10:57,,Positive,Screen Time,com.microsoft.familysafety,2.0,7ccbe2da-b7b8-4230-a3eb-33d43d71364a,2.0.3.1064,0.11785714285714285,0.27499999999999997,0.11785714285714285,,
5e5c7a79d764378ea393b5ad17a602c9,playstore,"Miserable, infuriating app. It often refuses my password, and makes me jump through many hoops just to sign on to the thing. My child who is desperate for screen time, stands there waiting while I try my password multiple times, check my email for the code, check the authenticator app-which doesn't work either, only to have it time out, or give me an error code. I hate this thing more than I can say.",,Marcia Herman,1.0,2025-07-30T02:32:34,,Negative,Screen Time,com.microsoft.familysafety,11.0,2c6730a9-29e2-493f-8ee8-f71e6e711442,2.0.3.1064,-0.25,0.7125,0.25,,
078107fa8332198d1121f81f0ef616e1,playstore,"Terrible app. Notifications are hideously slow, if they ever show up and adding funds is actually impossible. I ended up using a desktop browser which is still a terrible experience but at least it worked eventually.",,James Andrews,1.0,2025-07-29T17:12:08,,Negative,Notifications & Alerts,com.microsoft.familysafety,2.0,ec682fe7-9e17-4b1e-b81c-260a2e02dbdd,2.0.3.1064,-0.6533333333333333,0.76,0.6533333333333333,,
a7529bc2a35ba3b5ffb85938bb9fd90d,playstore,need dark mode,,T C,1.0,2025-07-29T11:49:19,,Negative,Others,com.microsoft.familysafety,0.0,de844d72-3864-4918-8aa0-5769427131be,2.0.3.1064,-0.15,0.4,0.15,,
66a9b04838fb20326a29fe243240ca24,playstore,very buggy. takes 3 or 4 tries to actually add time successfully to childs laptop. each try needs a new request from the child. will try submitting logs as it is possible the issue is on the server side or on the laptop side.,,Aaron L.,2.0,2025-07-29T09:58:21,,Positive,App Performance,com.microsoft.familysafety,3.0,2b82d061-ce55-4e3b-8ca1-8ceeb744af8a,2.0.3.1064,0.1643939393939394,0.5340909090909091,0.1643939393939394,,
023feb6fd69892c90e0575866b835132,playstore,a painful disruptive app,,Phil Hal,1.0,2025-07-29T06:54:23,,Negative,Others,com.microsoft.familysafety,0.0,5845e65b-0f13-4ddb-a1e7-000f4493c55a,,-0.7,0.9,0.7,,
8d3b2c82958ac059bc329351c7fa12fc,playstore,"great app, very nice features, must use for every parent",,Afzal Sorathiya,5.0,2025-07-28T20:28:52,,Positive,Others,com.microsoft.familysafety,0.0,2d8abd27-3ecc-4fe7-bba6-64be138cf1ba,2.0.3.1064,0.79,0.875,0.79,,
80869fe7879995b0344ccb4808fc725d,playstore,Will not let me sign in website will this app is just bugged,,erik izazaga,1.0,2025-07-28T03:06:53,,Neutral,App Performance,com.microsoft.familysafety,0.0,966ce782-42a7-48fe-9369-1a5822e4fb4d,2.0.3.1064,0.0,0.0,0.0,,
14d81479f6e9bb9921332f7c625244b6,playstore,i love being able to keep my kids safe from anywhere,,Mario Guadarrama,5.0,2025-07-28T00:17:42,,Positive,Others,com.microsoft.familysafety,0.0,847d8803-d687-40e4-ae20-e49ecd480a44,2.0.3.1064,0.5,0.5750000000000001,0.5,,
f5ab29249710abc31febbccbfcf88265,playstore,"Consistently laggy performance, have to wait for even lists of apps to load in the UI, then can take multiple minutes until a change or agreed request to visit a website etc is processed on protected devices. Also lacking ability to assign a shared time limit to multiple apps so that if 1 hour played on game A then no time for game B etc. Cannot assign a usage time for websites",,Generic Email,3.0,2025-07-27T21:22:20,,Negative,Screen Time,com.microsoft.familysafety,2.0,6bae1c8d-643d-4d21-ba89-b4fcc30eacae,2.0.3.1064,-0.11000000000000001,0.21000000000000002,0.11000000000000001,,
f939125d413edf78c502605bb796e847,playstore,Many improvements this year that have made it a lot more useful for implementing safety controls for my children,,Jeremy Jon Cruz Montano,5.0,2025-07-27T06:50:25,,Positive,Others,com.microsoft.familysafety,0.0,9c9763fe-ad28-49ac-8035-afe36785b335,2.0.3.1064,0.43333333333333335,0.3333333333333333,0.43333333333333335,,
82b1a44499c10c92a044c6b57345f750,playstore,good,,thualfekar 4ga,3.0,2025-07-27T05:20:44,,Positive,Others,com.microsoft.familysafety,0.0,98d98516-a013-42e1-8612-53973b402a72,,0.7,0.6000000000000001,0.7,,
1f4d78d4045e9d75641db9f4d6ebc229,playstore,no location tracking makes the app poor,,Eric Wyma,3.0,2025-07-26T20:27:00,,Negative,Devices,com.microsoft.familysafety,0.0,78e1ffa4-e22d-4a62-a3b0-02e28a1f5606,2.0.3.1064,-0.4,0.6,0.4,,
b553a99c5edfe73fb39d6fce95c6c332,playstore,"so many bugs, awful to use. wouldn't let us add a new family member. requests took ages to go through, kept trying to get us to sign in when we were already signed in, and then wouldn't let us proceed to next step as it kept coming up with ""too many requests"". fix this please",,Ryder,1.0,2025-07-26T17:50:11,,Neutral,App Performance,com.microsoft.familysafety,6.0,ed14e40c-c633-4289-a85f-11a9afc023ad,2.0.3.1064,0.02727272727272727,0.4909090909090909,0.02727272727272727,,
f27196f90a8f875ba2a1d81c0959f44c,playstore,"Sucks! Quality Assurance needs to spend some time on this. I use this app for parental control and to add money to my son's account. But every step of the 8 step process to accomplish this freezes and I have to start again to get to the next step. That turns a 45 second, 8 step process into 36 steps and over 5 minutes to complete. The old app was way better - and worked!",,Doug Williams,2.0,2025-07-25T05:54:22,,Neutral,App Performance,com.microsoft.familysafety,4.0,a8153cc9-1b77-42ed-92a5-a9193f2b5d2e,2.0.3.1064,0.075,0.2333333333333333,0.075,,
9a6ddc1fb8976557d304226796b90875,playstore,Recent update fails to log in with authenticator app.,,Doods Dumaguing,1.0,2025-07-24T16:10:54,,Negative,App Reliability,com.microsoft.familysafety,1.0,94b04751-63c2-4e1b-b78d-c967d6096212,2.0.3.1064,-0.25,0.275,0.25,,
4bf844d5cb01abe75c41099d095c0fcc,playstore,So slow. Like really slow. Why does it take so long to load the Xbox and Windows settings for a profile??,,Chris Hurley,3.0,2025-07-24T03:34:28,,Negative,Setup & Configuration,com.microsoft.familysafety,1.0,d204cca4-d719-454d-9836-12d2b2042a75,2.0.3.1064,-0.2166666666666667,0.39999999999999997,0.2166666666666667,,
e7fd6b2c8ad85914f7606e7b5ad2c132,playstore,Nice,,Sai Thaw Htoo Sai,5.0,2025-07-23T23:02:31,,Positive,Others,com.microsoft.familysafety,0.0,b82fbfdd-bf71-4629-bf31-440782ad1c7a,2.0.3.1064,0.6,1.0,0.6,,
92b3183433d523d85ff1b49234f407f1,playstore,nice its good,,Awol Ibi,1.0,2025-07-23T20:24:44,,Positive,Others,com.microsoft.familysafety,0.0,54a49724-3e55-47ce-b95e-1e2e98b03fa1,2.0.3.1064,0.6499999999999999,0.8,0.6499999999999999,,
ade6459f26e49f158fe8bb7e2a5cb506,playstore,This app is a total waste of time. It does not apply any of the time limits you may try to set. Don't bother.,,Kate Pearse,1.0,2025-07-22T17:03:43,,Negative,Screen Time,com.microsoft.familysafety,2.0,ad051e76-cd2d-4a29-b85b-d14ecd5da336,2.0.3.1064,-0.1,0.375,0.1,,
867ddee3c699b1c341b63cbbfb69c363,playstore,horrible,,Mason Slama,1.0,2025-07-21T23:22:07,,Negative,Others,com.microsoft.familysafety,1.0,9c2b07f6-e850-4002-840e-f79473ee06de,2.0.3.1064,-1.0,1.0,1.0,,
55e122ad9f6ebe5bb485577cca53c565,playstore,"Seems to function ok, but it's slower than a geriatric snail 🐌",,Brad Tito,2.0,2025-07-21T15:39:09,,Positive,App Performance,com.microsoft.familysafety,1.0,d7c7f3e8-75b0-4312-8600-ca21b6747553,2.0.3.1064,0.5,0.5,0.5,,
9f60027e56983967588acb899b8e70ae,playstore,annoying because I cant get through websites and it always annoys me,,Hunter Johnson,1.0,2025-07-21T13:57:06,,Negative,Full Frustration,com.microsoft.familysafety,1.0,5f915706-9154-44d9-b8c6-3950b1ebec79,2.0.3.1064,-0.8,0.9,0.8,,
3d2e289ba72c545ce3fd3a2dcd2a6a19,playstore,It doesn't work. I keep getting an error when I try to log in but it keeps saying my password is incorrect.,,Zeerak Ahmad,1.0,2025-07-21T10:46:44,,Neutral,Login & Account Issues,com.microsoft.familysafety,3.0,0df170a5-2233-4cf3-b9e8-9d81a790190b,2.0.3.1064,0.0,0.0,0.0,,
a5cc1923d857fefe5e9f8f2c87dd0d3a,playstore,my son is not getting more screen time 😢,,Margaux Bonne,5.0,2025-07-21T08:53:00,,Positive,Screen Time,com.microsoft.familysafety,0.0,cd52ecc5-d1a2-4492-b9bf-fe75ae6001df,2.0.3.1064,0.5,0.5,0.5,,
60798267a523fe2392415567d868a996,playstore,would be nice if I can control everything. but at least I have general control of my kids playing games,,Mike Waggoner,3.0,2025-07-21T00:20:45,,Positive,Game & Xbox Integration,com.microsoft.familysafety,0.0,6788e65a-453e-4a95-9d67-b633001304a7,2.0.3.1064,0.11666666666666665,0.6333333333333333,0.11666666666666665,,
a4d7a509125c04198d7c699eff7be493,playstore,"Simple to use unlike some other parental control apps. I like that users can request more time and it can be added without changing the daily limits, i.e. add time temporarily, however it would be good if you could also do this without the need to request it.",,Dr Monkeyman,4.0,2025-07-20T15:22:23,,Positive,Approval & Permissions,com.microsoft.familysafety,0.0,e2e8769f-f201-403f-aafa-222ff21f1729,2.0.3.1064,0.215,0.36642857142857144,0.215,,
347db98e73869fbaad1221f531a709ec,playstore,unable to fully see the items being look for in the internet using edge. it could be made better.,,Leon Alabanza,3.0,2025-07-20T13:43:42,,Neutral,Others,com.microsoft.familysafety,0.0,644da46b-9c49-4108-9776-677cef701150,2.0.3.1064,0.0,0.5,0.0,,
9c0bb62d8c818396e6a5394e922ed1dc,playstore,"There's so many features it could add to make the usage easier. Such turning off time limits just for the day or adding additional time just for the day or having a set time schedule of when it's available. I assumed there would be some other controls, certain programs that can be used or not used. I'd like to give my son unlimited time on Word if he's working at school work but limit the browser or a game he's downloaded. At present it's the bare minimum.",,Camille C,3.0,2025-07-20T07:03:43,,Neutral,Screen Time,com.microsoft.familysafety,2.0,dc258a05-ba36-404a-a698-981f584fe736,2.0.3.1064,0.0799107142857143,0.35580357142857144,0.0799107142857143,,
6314b34793e50b03d7843e3b2858d65b,playstore,"Update, after 3 years, it is still just as annoying, awkward and buggy. E.g. ""Give more time"" regularly fails to work. I reproduced several errors and sent logs multiple times to MS, but it has never been fixed. By the way I tested the search term flagging and it simply does not work. You can log in as a child, search for all kinds of dodgy stuff and it just does not notice. I am not interested in helping you debug your own broken software.",,Philip O'Carroll,1.0,2025-07-20T00:29:06,,Negative,App Performance,com.microsoft.familysafety,37.0,be8dbd4e-f0a0-4345-8c15-82cc76b4d203,2.0.3.1064,-0.11136363636363635,0.4688311688311689,0.11136363636363635,,
5952a74502722a76f2853d41480de382,playstore,"it does its thing but its slow, it loads all the time the same screens, and it's missing many ""nice to haves"" as it would never be used and tested by developers.",,Martin Gašpo (Gašpo),3.0,2025-07-19T18:37:29,,Positive,App Performance,com.microsoft.familysafety,0.0,772b62f1-02e0-481c-a975-7aa63f16b08c,2.0.3.1064,0.12,0.41500000000000004,0.12,,
27e6a1176a0a8007da5379cde58eac0d,playstore,I just spent an hour messing around with this trying to get a new laptop set up for my son. It's not fit for purpose. Like most Microsoft software.,,Steve Boardman,1.0,2025-07-18T21:26:16,,Neutral,Others,com.microsoft.familysafety,1.0,ca834a55-f98d-4264-a40f-f5c2fd31a0e7,2.0.3.1064,0.08409090909090908,0.36363636363636365,0.08409090909090908,,
ad3008bd60093901dea3cec75887fd3c,playstore,"Great product for managing screen time and basic monitoring of apps used on a device. This is a fantastic way to set clear boundaries on screen time and application usage across devices for kids. The approval of time doesn't always apply to certain Windows devices, but in general, it works well. Schedules can be set up per child, device or app. It lightens the admin load when it comes to managing screens across devices and users.",,Lachlan MacDougall,4.0,2025-07-18T20:30:37,,Positive,Screen Time,com.microsoft.familysafety,7.0,8c22bb6b-7a79-474b-9fc2-74b9cd6a7b6e,2.0.3.1064,0.26071428571428573,0.5382936507936508,0.26071428571428573,,
d6c16c3b37d2784f93704476ffc8019c,playstore,Very nice to control edge browser,,Devendra Bhatta,5.0,2025-07-18T12:33:16,,Positive,Others,com.microsoft.familysafety,1.0,30a3a6fd-4300-493b-994d-eb507639398d,2.0.3.1064,0.78,1.0,0.78,,
91b33298ddea2ed09b8b39d9aa721113,playstore,it's not working at all after I sign in it just shows an error and I beginning the process again,,Paul Marvelous,1.0,2025-07-18T12:26:21,,Neutral,Login & Account Issues,com.microsoft.familysafety,0.0,7b4b6f4e-87da-4974-97d5-8871ec33d0d5,,0.0,0.0,0.0,,
e873c6dbb5b5ba2317ae14a9c7cea922,playstore,I don't like this app it always logs me out of my favourite game grow a garden,,Will Sarp,1.0,2025-07-17T22:58:41,,Negative,Game & Xbox Integration,com.microsoft.familysafety,0.0,a01aa1bf-cadd-46c3-b20b-1c8430c249ab,,-0.4,0.4,0.4,,
a197ff043d8b34e74c9ab73398a32bad,playstore,no way to remove devices linked to accounts. no way to block members from using specific devices or block them from logging into devices not approved. major security risk. needs to be fixed @MS. u dont need logs for the above. its a feature request,,Johann du Preez,1.0,2025-07-17T11:00:10,,Neutral,App Blocking,com.microsoft.familysafety,3.0,a80e76aa-cca6-4fb6-9e9a-41d104d6a1b2,2.0.3.1064,0.040625,0.23124999999999998,0.040625,,
7b657cd7076252a4d2c9ada9754563f1,playstore,Stopped working again. Unable to block or lock device. Whenever it fails it makes it less restrictive and I have to block the internet via my router instead. Child can still use computer offline but I require it to be locked.,,Felicia Nuske,1.0,2025-07-15T17:13:50,,Negative,App Blocking,com.microsoft.familysafety,3.0,a1c45376-6c42-47c8-83cb-28ecb00b1f3b,2.0.3.1064,-0.3888888888888889,0.2888888888888889,0.3888888888888889,,
3ac20362cd816b758e2ad0cadbe8a164,playstore,frustrating app not work properly,,K solanki Solanki,1.0,2025-07-15T15:52:24,,Negative,Full Frustration,com.microsoft.familysafety,0.0,eed58899-9a57-4d43-bb52-32f2938c5238,2.0.3.1064,-0.2,0.5,0.2,,
2114b2c068ec91832a3e98de37c2b8de,playstore,"difficult time while signing in. i did choose the right number for verification in my outlook app, but the family safety app thought it was a mistake! please review this flow logic!!!!!!",,Arief Hutomo Aji,1.0,2025-07-13T18:50:41,,Positive,Others,com.microsoft.familysafety,0.0,7375e2ae-5bf1-47ef-a759-3e77237e6b1e,,0.25,0.7678571428571428,0.25,,
3483ba5f0d28b6aeb4a287826af5b08d,playstore,"The app is like all other MS apps, slow, cumbersome and not functional. Time limitations don't function accurately and exceeding time limits is a total problem on its own. It doesn't work when the time limit is over.",,Emre KARAYAZGAN,1.0,2025-07-12T17:50:29,,Positive,Screen Time,com.microsoft.familysafety,3.0,dc952799-408e-4580-b338-dfde3eac8418,2.0.3.1064,0.11499999999999999,0.6316666666666666,0.11499999999999999,,
d2fe764664f30a6b3d54c6f26baa574b,playstore,Website usage is not getting recorded. As a result don't know the times spent on specific websites. Please fix it asap.,,Samhita S,3.0,2025-07-12T13:38:25,,Neutral,Others,com.microsoft.familysafety,0.0,5dfd3421-03ab-43c3-b1fe-6540750f91a0,2.0.3.1064,-0.05,0.1125,0.05,,
be34aae3e4b2eb2e08671860f6768fce,playstore,for protective parents but doesn't make you feel hovered over,,Mandi L.,4.0,2025-07-11T02:23:48,,Neutral,Others,com.microsoft.familysafety,0.0,1e964d79-db15-46dc-a570-d28efd2bfdd0,2.0.3.1064,0.0,0.0,0.0,,
5ce935d3c7cc54fe096c54723f966b84,playstore,"Microsoft is NOT PS friendly. Made an account so my child and I could game together. Blocked from multiplayer because of age restrictions. Again, not PS friendly, no direct options to unlock play. Wants to link to Xbox or computer. Both of which is useless for us. We have PS only. Every article just leads to circles. Cannot for the life of me find the ""allow"" option. Changed my kids age, still locked, removed from my account still locked. Utterly FRUSTRATING. Had to unlink account from system",,Mario G,1.0,2025-07-10T08:12:30,,Neutral,App Blocking,com.microsoft.familysafety,4.0,95186031-44fd-43e3-a1f9-3f1adad80c6d,2.0.3.1064,-0.05,0.5,0.05,,
1cebd258a0f17e982db1566c13a225c3,playstore,Litteraly wont open,,Kati Klatt,1.0,2025-07-10T05:23:58,,Neutral,Others,com.microsoft.familysafety,0.0,6fd62940-cdef-410a-af4b-8e2af1d17227,2.0.3.1064,0.0,0.5,0.0,,
7069a4508e5e3cd47439608a34abe80e,playstore,"I only downloaded because it was supposed to fix their bug that prevents web browsers (not Edge....) from working at all. It didn't help. I can't even use it because I'm the only member of the ""family"" so it just does nothing. Trash. Wasted my time.",,Christopher Holsen,1.0,2025-07-09T11:06:08,,Negative,App Performance,com.microsoft.familysafety,0.0,b574547e-50dc-45ca-9b6b-c7db93c5e5e9,,-0.06666666666666667,0.6666666666666666,0.06666666666666667,,
562cc307e8c2c1d28c2d1085b42ba88e,playstore,worst thing ever made,,Bradley HObbS,1.0,2025-07-08T02:31:26,,Negative,Full Frustration,com.microsoft.familysafety,0.0,19fa9876-e823-4c1d-8b76-99d136b1028c,2.0.3.1064,-1.0,1.0,1.0,,
3a0ce0c0fad171bd9fb4bd7dea8cdef3,playstore,it lags and is very slow most of the time. takes forever to apply changes and sometimes doesn't apply them at all even though it saves and shows that it does in app.,,Casey Mogle,2.0,2025-07-07T22:30:27,,Neutral,App Performance,com.microsoft.familysafety,0.0,34a4292b-3425-4d1e-916d-c9e4285d7119,,0.054999999999999966,0.51,0.054999999999999966,,
5efa3af80c3d8dcc192f594c1ba1bbc7,playstore,"Excellent parental control app, keeps me updated with what my son is doing on the Xbox, Phone, and Laptop weekly.",,Accra Kwalela,5.0,2025-07-07T18:39:39,,Positive,Devices,com.microsoft.familysafety,0.0,059b03dd-0a71-4c68-8b17-c573b042dbd2,2.0.3.1064,1.0,1.0,1.0,,
a4652692ec15a7d63dd7d268f453685a,playstore,Got two kids and this app. really help me to control them. I got leverage thank to this app,,Sergio,5.0,2025-07-06T08:17:10,,Positive,Customer Support,com.microsoft.familysafety,0.0,1f6b2171-efb4-453e-9c91-dfeda844ceaa,2.0.3.1064,0.2,0.2,0.2,,
1f2535f21bfbdf0a25720c144cc89407,playstore,it's good 👍😊 thanks 🙏,,DANDU SHAFIULLA,5.0,2025-07-05T22:02:08,,Positive,Others,com.microsoft.familysafety,0.0,4f4e41f9-e844-4eed-a484-98c0de49f3d0,2.0.3.1064,0.44999999999999996,0.4,0.44999999999999996,,
c783eabe4096dee86d09a7981067190a,playstore,Need these apps to control the kids access as well as their activities.,,Muhammad Wasim Munir,5.0,2025-07-05T20:47:18,,Neutral,Others,com.microsoft.familysafety,0.0,0d1d1349-55e4-454d-8132-880b58364343,2.0.3.1064,0.0,0.0,0.0,,
a8315dc185e682a925f15e5e517ed0b6,playstore,App worked setting up one child. Upon adding second child app went blank. completely blank. it is hard to imagine a multinational creating an app that fails so badly. it simply isn't working. What a waste of time.,,Antiprotivnik,2.0,2025-07-05T16:22:41,,Negative,App Reliability,com.microsoft.familysafety,4.0,27a73814-ab82-4b88-bb20-fed8e9f43aed,2.0.3.1064,-0.14166666666666666,0.17125850340136053,0.14166666666666666,,
87a7e0dbff8ac8a6addcbeff500ad399,playstore,Useful!,,Johan Steven Núñez González,5.0,2025-07-04T03:42:01,,Positive,Others,com.microsoft.familysafety,0.0,0c573b7f-e579-4e2a-80cf-0699d9262096,2.0.3.1064,0.375,0.0,0.375,,
bd096640be3f459eb367cedf134d4325,playstore,The most broken app I have used in a long time,,Katie Chance,1.0,2025-07-01T22:20:24,,Neutral,Others,com.microsoft.familysafety,1.0,db197997-82db-4077-b9f2-5bad2d2aff95,1.21.0.908,0.01666666666666666,0.43333333333333335,0.01666666666666666,,
9b5fd618ae8d87f2e928bc2308a63f72,playstore,Very useful tool in controlling how much time my kid spends on the video games.,,Les Harris,5.0,2025-07-01T15:49:11,,Positive,Game & Xbox Integration,com.microsoft.familysafety,0.0,6f570ceb-d10d-4f8a-81d8-ecb07183fe26,2.0.3.1064,0.29500000000000004,0.1,0.29500000000000004,,
6145ef07319d6e0704339c7b2cd10d91,playstore,"I've been using Microsoft Family Safety to help manage screen time, but unfortunately, it’s been more frustrating than helpful. The request-for-extra-time feature frequently fails, approvals often don’t go through unless the request is sent multiple times Even worse, the app and game limits reset every day, so I have to manually reapply the settings each morning. This makes it extremely inconvenient and unreliable.",,Xiaoxia Huang,2.0,2025-07-01T14:36:54,,Negative,Screen Time,com.microsoft.familysafety,8.0,0e3eca33-d7fa-4bb9-a781-c586c8855ab5,2.0.3.1064,-0.28750000000000003,0.5874999999999999,0.28750000000000003,,
8c8debeb1e92101d6f5dec0e6210f7ab,playstore,it initially worked well until my son's computer automatically updated itself to windows 11 instead of windows 10. now I can't see half of the things he does and it no longer tracks how long he is on the computer. so frustrating!,,Tammy vollo,2.0,2025-07-01T04:39:07,,Negative,Full Frustration,com.microsoft.familysafety,3.0,9dff7a36-a68d-408b-9ffb-87683e1106d3,2.0.3.1064,-0.17916666666666667,0.3666666666666667,0.17916666666666667,,
50d41a835dd25e62ccfce64a0bb3dd26,playstore,A's,,E g.srabon E g.chowdhury,5.0,2025-07-01T02:06:05,,Neutral,Others,com.microsoft.familysafety,0.0,7ff9df4e-b712-42d7-9cdf-1ba1368c114b,,0.0,0.0,0.0,,
3581dffea05ca15a4cdf914fe74ed22b,playstore,cant even change childs permissions my child plays minecraft I'm trying to change permissions so I can friend them so I can monitor who she friends online microsoft has lent no support and very difficult to navigate the app,,Thomas Durrant,1.0,2025-07-01T00:31:09,,Negative,Customer Support,com.microsoft.familysafety,2.0,29f4358b-fd45-40c5-a92f-b3900ac65f51,2.0.3.1064,-0.65,1.0,0.65,,
b0aa1a49faff82b2964eadd6d6525708,playstore,Simple to use.,,Letholor Letholor,5.0,2025-06-30T19:02:58,,Neutral,Others,com.microsoft.familysafety,0.0,0d9d01f6-d244-4d16-a26e-123086908f41,2.0.3.1064,0.0,0.35714285714285715,0.0,,
359a6aa43c1320fc112ffde4f774cfcf,playstore,"In theory, Microsoft Family Sharing is a great idea. However, I currently can not edit a child's Minecraft bedrock app profile settings to find & add friends because we are using a Samsung tablet. this absolutely sucks. The ideal fix would be to allow the child to request permission edits like they are able to request for funds.",,Dez Monae,1.0,2025-06-30T08:36:27,,Positive,Devices,com.microsoft.familysafety,7.0,dd0361fb-9496-4c78-b86a-25ae59e94b1c,2.0.3.1064,0.38,0.615,0.38,,
30d5ace3a3fd4b1ac6e0df82bbec20ba,playstore,it's better than Google parental controls i can limit sites screen time and require approval for purchase by card i can also add balance for purchases within a limit,,Shadow Warrior,5.0,2025-06-30T08:21:39,,Positive,Screen Time,com.microsoft.familysafety,5.0,dee9f591-fc4d-4627-8bab-4dba4d634bb0,2.0.3.1064,0.5,0.5,0.5,,
4e287d3a31683888ce654446b0e5c6a7,playstore,this app is terrible.,,Brandon Werner,1.0,2025-06-29T23:24:53,,Negative,Full Frustration,com.microsoft.familysafety,1.0,bf5384fc-c7bb-4870-9b4b-d8dbb5247763,2.0.3.1064,-1.0,1.0,1.0,,
dd5873567a7248347ec975ac5fa52700,playstore,sangat membantu membatasi pemakaian gadget utk anak2,,Abdul Malik,5.0,2025-06-29T12:56:46,,Neutral,Others,com.microsoft.familysafety,0.0,64fbcec1-368f-43a8-9f4a-25912bc1c921,2.0.3.1064,0.0,0.0,0.0,,
bff4fd35c60dde1285543088ee80a40e,playstore,not user friendly. limited options.,,Alireza Dianati,1.0,2025-06-28T07:11:35,,Positive,Feature Limitations,com.microsoft.familysafety,0.0,e725b40d-1f5f-4638-a188-493fb538a28c,2.0.3.1064,0.1517857142857143,0.3214285714285714,0.1517857142857143,,
8e06d80fb676a4f6518592192da5a871,playstore,useless when trying ti actually navigate the app,,Dylan Edwards-McCoy,1.0,2025-06-27T17:27:45,,Negative,Full Frustration,com.microsoft.familysafety,1.0,62500eaf-1c42-4099-acbe-6959e8dac10d,,-0.25,0.15000000000000002,0.25,,
024bfa41606335efcf74224c5954f34f,playstore,"Was difficult to add money to sons account, now its impossible..no idea what changed but it now just hangs....",,GamTamGuy,1.0,2025-06-27T16:22:44,,Negative,Login & Account Issues,com.microsoft.familysafety,1.0,b7b23e4b-fc75-4469-8ef3-984d4b833953,,-0.5,1.0,0.5,,
6c629dc832b5b1d8b48f2aa5b7f1fd8f,playstore,Unbelievably bad experience in setting up payments. Unbelievable.,,Antal Szilágyi,1.0,2025-06-26T15:20:43,,Negative,Add Money,com.microsoft.familysafety,0.0,85abe935-ea54-4479-866e-dc4488776668,2.0.3.1064,-0.4749999999999999,0.8333333333333333,0.4749999999999999,,
9be5ef41afbde36522a30b7bd5233d6e,playstore,"it blocks a lot of things as well as a harmless browser, Opera GX, most likely because it wants people to use Microsoft edge, which is honestly the worst browser in existence and it blocks a lot of harmless apps including Roblox once",,Emily Williams,1.0,2025-06-26T02:57:43,,Neutral,App Blocking,com.microsoft.familysafety,2.0,537e6fc6-8318-4b15-9f54-a8ff909d75c2,2.0.3.1064,0.05999999999999996,0.7,0.05999999999999996,,
5125e18bd087c2bb6e4504d8f39ec6ce,playstore,The best app from Microsoft to have control over the kids time spending and what they can use and not. I really love it and still learning it to utilize it to it's best capabilities.,,Zarar Meo,5.0,2025-06-26T00:06:42,,Positive,Spending and Purchase,com.microsoft.familysafety,9.0,2eb6714e-633f-40b7-8365-b6ab1a20a483,2.0.3.1064,0.5833333333333334,0.39999999999999997,0.5833333333333334,,
0e13ba46286ac2bfe652f3ef6f9819c8,playstore,"it is a good application, but sometimes it takes too long to load the configuration or apply the configuration on the devices",,Jeffric Alexander Fuentes Heiz,4.0,2025-06-25T23:46:08,,Positive,Devices,com.microsoft.familysafety,0.0,f3f24f87-28dd-4859-8bd9-9326436ed64b,2.0.3.1064,0.32499999999999996,0.5,0.32499999999999996,,
ba7ef08d9848c2764dd93d730174763b,playstore,"Annoying to use, doesn't consult users when making changes (eg completely blocking apps for ""safety concerns"" so you can only use Microsoft apps) and does nothing to allow you to get around it other than leave the ""safety net"" it grants you",,Samuel Badock,1.0,2025-06-25T22:51:14,,Negative,App Blocking,com.microsoft.familysafety,4.0,98fcfe89-719c-4d8b-a146-8d3f9b41059a,2.0.3.1064,-0.165,0.5349999999999999,0.165,,
de070d575fb33c97f40a6d17b5ee61b8,playstore,"when time up ,it doesn't lock screen, useless",,Wendee Ng,1.0,2025-06-25T22:15:34,,Negative,Full Frustration,com.microsoft.familysafety,0.0,446c0903-2075-4416-be4f-a7b989e0184e,,-0.5,0.2,0.5,,
cc555478ca1ec8dbdbbcd5c8081c5cbe,playstore,DO NOT GET IT IS MALWARE,,Jackson,1.0,2025-06-25T19:09:41,,Neutral,Others,com.microsoft.familysafety,1.0,59d916cd-cc5f-448b-95f1-7b39b951dada,2.0.3.1064,0.0,0.0,0.0,,
53fafc13fab19dd3073c959e72195120,playstore,Does not work. Have set up time periods and limits for my child and he was constantly going over them. I would pull up the app and it would show 6 hours of 5 hour limit used and nothing ever stopped him. I went to look on his computer and a window comes up saying he has 15 mins left but if you just exit out of that window it let's you keep playing.,,Eric Miller,1.0,2025-06-25T18:05:04,,Neutral,Game & Xbox Integration,com.microsoft.familysafety,5.0,feb88181-3640-4344-9139-4614e981aa15,2.0.3.1064,0.0,0.16666666666666666,0.0,,
5e5449d591d2d95e43d779e179ec42f7,playstore,"No working properly, kis smart enough can trick the system and, even with you set up, they still use sites, etc. No matter if you limited time, block app or website... was working fine at the beginning but, few months ago, this app is trash... 🤦🏻‍♀️",,Lili R,1.0,2025-06-25T02:22:30,,Neutral,App Blocking,com.microsoft.familysafety,5.0,9c60edac-12bf-4ce0-96ef-6e771f8e237c,2.0.3.1064,0.05992063492063492,0.33095238095238094,0.05992063492063492,,
0937616afb65a873259f61174fe8970d,playstore,"It used to work. Now it doesn't register any device and the older accounts do not register screen time or app usage anymore. It's not the app's fault, it's just very bad programming and management from Microsoft. Just like Windows 11.",,Remi Lafaye,1.0,2025-06-25T01:13:55,,Negative,Screen Time,com.microsoft.familysafety,4.0,3463a20e-596d-407c-b7dd-c0b945d759ea,2.0.3.1064,-0.3716666666666666,0.6,0.3716666666666666,,
e1cb966882a21788c4a58d251cf72d18,playstore,"""Allow more time"" doesn't always work with a Windows laptop. it's a lenovo yoga. sometimes it works, sometimes it doesn't and requires many requests",,Imran Akram,1.0,2025-06-24T02:35:22,,Positive,Approval & Permissions,com.microsoft.familysafety,1.0,9cdd2dd5-1297-4934-b4d2-de2ce33752ae,2.0.3.1064,0.5,0.5,0.5,,
515759d2a3c47db83b02ab6fc10f0fab,playstore,"Poor quality, things go wrong all the time, the GUI is awful",,Tal Pikan,1.0,2025-06-24T01:01:31,,Negative,Full Frustration,com.microsoft.familysafety,0.0,5441d41b-3c08-4624-9a8d-33a0def9ede2,2.0.3.1064,-0.6333333333333333,0.8333333333333334,0.6333333333333333,,
e47687eaae16c7bcf5168a3df64d115f,playstore,"Aplicație rudimentară, nu poți pune filtre nu poți vedea decât activitatea în bing, nu poți salva filtre.",,Valeriu Lazar,2.0,2025-06-23T20:27:06,,Neutral,Others,com.microsoft.familysafety,0.0,ab9aeef6-d9f4-49ce-8066-172f57fa56fc,2.0.3.1064,0.0,0.0,0.0,,
d62521df7767b7172662a275448bacc9,playstore,control of children accounts,,Sergey Sedyh,5.0,2025-06-22T23:24:58,,Neutral,Login & Account Issues,com.microsoft.familysafety,0.0,aa03280d-c469-4230-9a07-91e9e8a33910,2.0.3.1064,0.0,0.0,0.0,,
8758b4c12f2e3b7d0dc9be466dc7b679,playstore,hot garbage app. Jesus the amount of repeated notifications are annoying. outdated app doesn't match what the Xbox is telling me for my child's account. one says go to family settings to allow them to play the game with you. the other doesn't say anything but screentime,,John Dickson,1.0,2025-06-22T22:42:39,,Negative,Notifications & Alerts,com.microsoft.familysafety,4.0,c70f0c1f-a800-4539-8284-ce1272ac4232,2.0.3.1064,-0.29500000000000004,0.6316666666666666,0.29500000000000004,,
ae0d6ccb4e5747278f8f73b49a6e1e8e,playstore,Few features. Very slow,,Stef Rave,2.0,2025-06-22T16:32:34,,Negative,App Performance,com.microsoft.familysafety,0.0,15476397-7e02-49a6-bb2e-b6220a376a9a,2.0.3.1064,-0.29500000000000004,0.31,0.29500000000000004,,
056be00886f071c19b22badb14ec9ec0,playstore,"The saftey features are rubbish. not only is there no way to manually add websites you want blocked, by turning on ""safe search"" for Edge searches it automatically blocks Chrome from being used and by extension, Google Drive. I can control sites, apps and child safety already on chrome and google owned products. This microsoft version is ridiculous. Unfortunately as my 10 year old son has a laptop I am stuck having to use it - but with all saftey searches switched off to use chrome. Stupid.",,Gemma Akester,1.0,2025-06-22T00:54:52,,Negative,App Blocking,com.microsoft.familysafety,6.0,9375ed03-8bb0-4e62-87c8-68ac9b34eb46,2.0.3.1064,-0.1722222222222222,0.7833333333333333,0.1722222222222222,,
5e7b2074895a7988955c5c1aed123f13,playstore,I like it to be aware of my family's activities,,Arturo Cuevas,5.0,2025-06-21T07:32:50,,Positive,Others,com.microsoft.familysafety,0.0,40c675b6-8ce7-4890-beee-da10a502198e,2.0.3.1064,0.25,0.25,0.25,,
a3c626122f05ca48a29eae50cd6ff423,playstore,it sucks because most of the games i have it blocks it,,Constance Hodges,1.0,2025-06-21T07:07:38,,Neutral,App Blocking,com.microsoft.familysafety,0.0,fdab5e68-e252-40a8-aa67-58e2af0b2351,2.0.3.1064,0.1,0.4,0.1,,
2bd92806541a0a793f5ffb9225c2a6a0,playstore,Great app!,,Louis Ong,5.0,2025-06-20T03:24:01,,Positive,Others,com.microsoft.familysafety,0.0,f1af9faf-0900-45cb-8d74-ddea7d2bc6d7,2.0.3.1064,1.0,0.75,1.0,,
aedc7f7d9fe3129335449f22391b94f9,playstore,"in the app, I turn on content filter for ""inappropriate websites"". on the laptop, child gets a message to ""ask"" to use site. He clicked ""ask now"", I get it pop up in my app. I click allow. The browser still keeps on blocking the site. :-( no solution!",,Vladimir Yerokhin,1.0,2025-06-18T09:28:37,,Negative,App Blocking,com.microsoft.familysafety,3.0,c42a9811-ebf3-4448-81ca-9b41cce1cf92,2.0.3.1064,-0.9375,1.0,0.9375,,
3a1a370d89d77905fd4bfe3264672c7d,playstore,"used to be good now it's stopped working. added a family member, member accepted the invitation but showing the member.",,Faiz Junaideen,2.0,2025-06-17T19:05:22,,Positive,Account Linking & Sharing,com.microsoft.familysafety,0.0,e1435fe6-319d-43a5-9cf9-f8d3ec58ecd6,,0.7,0.6000000000000001,0.7,,
7bdac64d373795b567d6f6f2f44689d6,playstore,Can't even sign in. Logs me out now I try once to sign in and it says 'too many attempts'.,,Mat,1.0,2025-06-17T15:08:18,,Positive,Login & Account Issues,com.microsoft.familysafety,3.0,30800d37-56df-415f-9259-20f84d611e99,2.0.3.1064,0.5,0.5,0.5,,
16586d95136910b9ae57a8820c03ef85,playstore,"Time limits are broken for this app, my son has limits of zero for a few games but never requests time and always plays as much as he wants. I've spent a few weeks communicating with Microsoft support about this, and it has been a frustrating and useless experience. They don't want to hear about bugs, they keep repeating useless advice, and they don't read my messages. They just want to close the support ticket with the least effort. They aren't even trying to solve the problem.",,Joseph Powell,2.0,2025-06-17T09:13:18,,Negative,Screen Time,com.microsoft.familysafety,7.0,84b9aed8-8bf7-476a-9501-a497bdde248c,2.0.3.1064,-0.26666666666666666,0.2777777777777778,0.26666666666666666,,
f4e6d6c838da6ee1a06c91861bd3a519,playstore,"absolute garbage. no matter what I do I can't turn off time limits even though they show completely off. have to continually go in and add more time. hate this app. and Microsoft before you say to send logs etc from the app, I have already done so. totally useless app at this point. notifications dont work either.",,Cory Lubbert,1.0,2025-06-16T06:21:50,,Negative,Screen Time,com.microsoft.familysafety,4.0,dd068806-14ed-447b-a2ed-2b18ba66f315,2.0.3.1064,-0.1,0.5800000000000001,0.1,,
d5d142c7305106a837dd342258ce51c0,playstore,"this app is a nightmare to use and does work. I've granted access more than 40 times to use a game. Xbox keeps prompting me to use the family access control to change settings. How does a software company so big, fail so badly!?",,Abe Millsap,1.0,2025-06-16T00:30:01,,Negative,App Blocking,com.microsoft.familysafety,0.0,f79f1030-0b7d-4f62-8f95-24ceb54dcb21,,-0.255,0.39333333333333337,0.255,,
a96b3d310d41d0b8ab45c39bbe02bc4b,playstore,terrible app terrible controls awful layout,,Alexander,1.0,2025-06-15T07:36:42,,Negative,User Interface,com.microsoft.familysafety,0.0,aa90c1d3-1e55-4573-994e-d11eb143060d,2.0.3.1064,-1.0,1.0,1.0,,
8a72983a0e1809a95170245403dfd729,playstore,Helps keep my family safe online 🤠,,Dominic Murtagh,5.0,2025-06-14T08:52:08,,Positive,Customer Support,com.microsoft.familysafety,0.0,e1586fb0-ce74-4d16-a5ad-9f54582f3ac8,2.0.3.1064,0.5,0.5,0.5,,
e1f7485102ffa7075dabfd07b63af5bb,playstore,edited to reply to developer post I just get a white screen. nothing else. won't even open after last update but in general requests don't come through properly or approval doesn't work,,Danielle Quinn,1.0,2025-06-14T05:59:01,,Neutral,Parental Consent & Age Restriction,com.microsoft.familysafety,1.0,22fb0be7-978b-4536-b49a-634aec5a4da8,2.0.3.1064,0.010000000000000004,0.23333333333333334,0.010000000000000004,,
a17bc1d59a7ca22411d807402e82bfca,playstore,Good,,ANSH,5.0,2025-06-13T17:20:46,,Positive,Others,com.microsoft.familysafety,0.0,bbcf4ac5-6229-46eb-afc1-1505fa14755b,2.0.3.1064,0.7,0.6000000000000001,0.7,,
8789f94074cc71488f6dc4bd4c94ddfc,playstore,"Too many inconsistent bugs to be reliable. Every time I try to do anything with my children's account I have to enter 2 step verification. Which is fine, but after I log in the app blanks out and won't load. Then after I try to reload the app I get locked out because there are too many attempts to login. This is a great concept but the app was built poorly.",,Rex Bellomy,2.0,2025-06-13T02:50:03,,Positive,App Performance,com.microsoft.familysafety,3.0,6fdf756c-af55-46ac-a118-1c26f65fc6fe,2.0.1.1046,0.3633333333333334,0.5700000000000001,0.3633333333333334,,
d7e5e8657ecff9a5118a5500d86799ef,playstore,"delays in aap permissions, otherwise ok",,Pharma Rama,4.0,2025-06-12T17:13:30,,Positive,Cross-Platform Sync,com.microsoft.familysafety,0.0,c8491d66-b573-4074-ac8e-144745a0cf71,2.0.2.1058,0.5,0.5,0.5,,
fca32682c91a34fa2f804cbbc5a82cc3,playstore,Apple could never. This has been SO helpful. THANK YOU,,Michael Miller,5.0,2025-06-12T07:16:11,,Neutral,Customer Support,com.microsoft.familysafety,0.0,38e6ce4b-f206-4122-8f42-669082940225,2.0.3.1064,0.0,0.0,0.0,,
a22fa4ddbe0eab31f180279013647469,playstore,why does the app show my son used the computer for 3 min when I know he has been on it for 3 hours. and it's not reporting time spent in each app grrrr,,Kimber Beck,3.0,2025-06-12T05:36:17,,Negative,Others,com.microsoft.familysafety,0.0,ef586e85-931b-4ae0-8661-3e427aa6579c,2.0.3.1064,-0.39999999999999997,0.45,0.39999999999999997,,
f3e4391a7daf41e11f001efe3bdfa943,playstore,One star until I can set a single screen time limit that applies to all devices again. Why was this even removed?,,Sean Laibinis,1.0,2025-06-12T02:24:29,,Negative,Screen Time,com.microsoft.familysafety,1.0,fe45bab3-2ed3-4830-ac16-1aad8ee54a33,2.0.3.1064,-0.07142857142857142,0.21428571428571427,0.07142857142857142,,
e8e6f8e832bf96332b1e165f1f0b54b0,playstore,"Good app, but problems on Win 11 with recognition of kids user account log-in. possible due to 3rd party antivirus, firewall solution.",,David Matulin,4.0,2025-06-11T16:44:37,,Positive,Login & Account Issues,com.microsoft.familysafety,0.0,e1554c7e-b66e-49e2-bc0f-ba94a94e5d52,2.0.2.1058,0.275,0.475,0.275,,
520cb37480a58e45ef4c06723fbb8b20,playstore,"added limits and times to my son pc. it seems there is no communication between the app and devise. For example, Windows gives a message that you can use account on 11th June at 7am, but it is already 11th 9am. Another example is that I set 2 hours a day and i see in the app that my son used 45 minutes, but Windows shows message that time is already used and he need to request more time!!! useless app",,Andrzej Bejmart,1.0,2025-06-11T15:21:18,,Positive,Notifications & Alerts,com.microsoft.familysafety,9.0,1fada39f-5d43-4ff0-8006-52a37d8e1e32,2.0.3.1064,0.23828125,0.35,0.23828125,,
dd602d25d9aac3860507c7e136edef73,playstore,"Take some pointers from Google and fix this clunky unnecessarily complicated app. Why does the clock time not run concurrently, why am I not able to allow a schedule that goes past midnight into the next day? Why does the app change a set time to the nearest 30 minutes? I don't want the time set for then. It's annoying having to accept requests for the extra time I should already be able to set. Why do I have to approve websites multiple times before my child can visit them?",,Ann Marie,1.0,2025-06-10T02:23:50,,Negative,Full Frustration,com.microsoft.familysafety,3.0,d63bf678-80ce-4f87-9fab-eee3d915b5d1,2.0.2.1058,-0.1625,0.4375,0.1625,,
372a9d5a45a0bdf987223a1135613436,playstore,"slow , stupid , time setting for kids sometimes works , sometimes it doesn't!!",,Ashraf Alhujaili,1.0,2025-06-09T11:01:56,,Negative,App Performance,com.microsoft.familysafety,1.0,ae9d48ba-0f22-4253-bd5c-5cc43727b5a0,2.0.3.1064,-0.65,0.7,0.65,,
6bc64dd8fd67c44856c4991267a77cb1,playstore,slow and crashes a lot but working,,Asfand Qazi,3.0,2025-06-08T20:46:53,,Negative,App Performance,com.microsoft.familysafety,0.0,365ba542-e906-4e12-8882-f52fe1d49f63,2.0.2.1058,-0.30000000000000004,0.39999999999999997,0.30000000000000004,,
b516068202310395151b3f74c41bb49d,playstore,it's a good app. helps me to manage windows screen time of my daughter.,,Amit Kalyani,3.0,2025-06-08T16:19:38,,Positive,Screen Time,com.microsoft.familysafety,0.0,538d7f20-9c6b-493e-8bf1-71062a343810,2.0.2.1058,0.7,0.6000000000000001,0.7,,
3f77fbbac732f628d717aacd328f0ff8,playstore,don't waist ur money or time on test apps in the USA just another one off there test apps,,Johnson Smith,1.0,2025-06-08T14:57:51,,Neutral,Others,com.microsoft.familysafety,0.0,9b8ee549-b54c-488e-a13d-3e571e90508e,2.0.2.1058,0.0,0.0,0.0,,
bfd1624686a8075e95deda685ba85c99,playstore,it works but here lately I've been having issues.. when i open the app it gives me a blank screen.. Ive been trying to help my daughter get into a game that is approved and it is blocking the game when we try to log into it. buþ i habe to have this stupid app just so she can play certain games 🙄,,Jennifer H (Jennie),2.0,2025-06-08T03:23:02,,Negative,App Blocking,com.microsoft.familysafety,0.0,fdf7b070-855b-4694-b20d-20ed24c616ab,2.0.2.1058,-0.24081632653061225,0.4959183673469388,0.24081632653061225,,
482b59bf49dd2f770038f2c2e0342725,playstore,"Recently, it's logging my daughter out of her account. Thus, disabling the app. The only way it will let me log her back in is through a VPN. It's like Microsoft has blacklisted her from logging in through my home internet. The error literally states to try with a VPN, and the link gives useless info.",,Travis Wright (T-DUB),1.0,2025-06-06T18:06:00,,Negative,Login & Account Issues,com.microsoft.familysafety,0.0,c985c03c-54a2-4a4a-8bb6-102550ada033,2.0.2.1058,-0.125,0.3625,0.125,,
de06f52ea9ff932ff88075e9e47c74f5,playstore,"useless ... with activity reporting on for everything. it always says i need to enable activity reporting. times are not accurate. i set a digital timer for his xbox. set it to 3 hours, I turn the console off after 3 hours, app says he was playing for 4 to 7 hours? useless info probably just another way for google and microsoft to mine data. if you use this. STOP......",,BK Dempsey,1.0,2025-06-06T05:46:58,,Negative,App Usage,com.microsoft.familysafety,3.0,5ba8d430-9f02-4677-a6de-6f7cc7657b27,2.0.2.1058,-0.30000000000000004,0.2583333333333333,0.30000000000000004,,
1d5d47400cf4c516612da575bad906bd,playstore,"overall functionality fine does what it says, but really slow to load, open and save stuff. needs and overhual",,J E,3.0,2025-06-06T03:18:44,,Neutral,App Performance,com.microsoft.familysafety,0.0,934893bb-fab5-4dea-9e5d-a2232b8d4d6f,2.0.2.1058,0.02916666666666666,0.35,0.02916666666666666,,
67584f88490fea4529add4940ec9b915,playstore,I wish there was an actual viable competitor to Microsofts garbage,,Andrew,1.0,2025-06-05T20:38:12,,Neutral,Others,com.microsoft.familysafety,2.0,cb3abbf6-217e-4bd2-8d07-ccd180b0c2f3,,0.0,0.1,0.0,,
eaca496496ac5dc81a74f9e7415078fa,playstore,um still waiting for that screentime request,,Colin B,5.0,2025-06-05T10:31:13,,Neutral,Approval & Permissions,com.microsoft.familysafety,1.0,0cc34b07-fbdd-4168-8ac4-eeab9a6e2742,2.0.2.1058,0.0,0.0,0.0,,
2f0de91e85bd968279f9f95241f5acee,playstore,"it's a vital tool in today's family's with kids using laptops at school from grade 6. please add more features and tools to make it easier for parents. it's a constant battle to block things and the kids find more. A ways to set a laptop to ""school mode"" would be great, and a home pc to ""home mode"".",,Gavin Thornton,4.0,2025-06-05T04:57:52,,Positive,App Blocking,com.microsoft.familysafety,1.0,c2a2dbc1-857b-422e-b16d-08ff3f9a25a4,2.0.2.1058,0.38,0.4966666666666667,0.38,,
dcbabd4b954f38a0472d4a7c5d455495,playstore,"very slow to load anything and when you go to add money to account takes ages as it freezes or fails to load so you have to start again, dont seem to be able to block selected games just age ratings and that great either",,Matt Woodck,3.0,2025-06-04T20:13:29,,Positive,App Blocking,com.microsoft.familysafety,0.0,6b10164a-da1a-4c15-ae15-6c9a5f48c668,2.0.2.1058,0.10249999999999998,0.5487500000000001,0.10249999999999998,,
69426cb1d5597a2f469ce1d373e020d7,playstore,OMG this app is soooo slow. super frustrating. fix that asap feedback sent with logs.,,Sebastiaan ten Hoeve,1.0,2025-06-04T13:46:16,,Negative,App Performance,com.microsoft.familysafety,0.0,03aa32fb-3da9-4ce9-9e5d-86f1a216a504,2.0.2.1058,-0.12222222222222225,0.6555555555555556,0.12222222222222225,,
59ba0d604f24ffce2350472fd8d144c2,playstore,not good,,Davide Dallara,1.0,2025-06-04T01:30:27,,Negative,Others,com.microsoft.familysafety,0.0,fc064787-de3f-4875-9ea2-f00b2dd8744b,2.0.2.1058,-0.35,0.6000000000000001,0.35,,
ce8cbe44dd26127d09fb327d2bf55191,playstore,very effective and convenient for managing screen time for each child in our family! also love the ability to block certain things-thank you!,,Stephanie and Travis D,5.0,2025-06-04T00:05:47,,Positive,Screen Time,com.microsoft.familysafety,4.0,55478d88-68e3-4a40-9b9a-4416b8339a0a,2.0.2.1058,0.580952380952381,0.7238095238095239,0.580952380952381,,
41fd745a0cb79bb617979f152b236a82,playstore,raised the vote for customer service being patient trying to resolve issues on connecting win11 devices. had to redo all recommended steps several times until the device suddenly appeared. not exactly plug and play.,,error on line 1,3.0,2025-06-03T02:37:44,,Neutral,Devices,com.microsoft.familysafety,0.0,4dfd1cac-4546-4291-9267-b1e68e792141,2.0.2.1058,-0.041666666666666664,0.25,0.041666666666666664,,
d3b1e80d22ca0ec49f60f1c907448a8c,playstore,"There are too many subscriptions, we were paying for some seemingly used one time subscriptions.",,"GARY KALOOSTIAN, JR",3.0,2025-06-02T09:53:33,,Positive,Spending and Purchase,com.microsoft.familysafety,0.0,7ad9fc03-bb64-4b0c-89ee-97310808a769,2.0.2.1058,0.5,0.5,0.5,,
b1773e781aa1601957e809b073516845,playstore,one of the most useless apps in existence. almost no settings can be changed in this app.,,Allan Knox,1.0,2025-06-01T22:37:48,,Neutral,Setup & Configuration,com.microsoft.familysafety,0.0,51c8aee6-e7b2-48b6-aa09-64216a72d286,,0.0,0.35,0.0,,
a91049e2210c7bbb1eb483d1ace3e736,playstore,"Feel in control and peaceful. No hassle, pretty smooth.",,alok bhute,5.0,2025-06-01T08:05:31,,Positive,Others,com.microsoft.familysafety,0.0,b6ff1bb2-fe64-4b19-9318-98359cf224d0,2.0.2.1058,0.3,0.6666666666666666,0.3,,
8d958dfdb69675376a857d034f0290cf,playstore,"Probably the worst parental control app I've used. It takes forever for approvals to surface on the Windows machine, and buying things like Mine coins for my kid is such a hassle with the loading of funds and then ""allowing"" the purchase several times before it actually goes through. And the blocking or allowing of sites also takes forever to propagate to the computer. Then there's also the ""add a website"" input field that doesn't even work. Has anyone at Microsoft even tested this app?",,Jimmy Multani,1.0,2025-06-01T01:05:44,,Negative,App Blocking,com.microsoft.familysafety,1.0,5f465b60-51d5-401c-a249-c80b2666f195,,-0.25,0.4,0.25,,
8b79f34e8083e0d382aca6cdcb17e6e2,playstore,does what I need it to do. never really run into any issues,,Shawn Lemon,5.0,2025-05-31T19:19:26,,Negative,Others,com.microsoft.familysafety,0.0,18512490-6c3e-4dde-97ee-55fdfa31ff28,2.0.2.1058,-0.1,0.2,0.1,,
124fb1ffd814f4c4ad0a8cf72abcc003,playstore,Every. Single. Action. Is. Slow. Even navigating around is slow. I suspect they have a single potato powering this app. Add more potatoes please.,,Keagan Chisnall,1.0,2025-05-31T04:36:47,,Neutral,App Performance,com.microsoft.familysafety,1.0,cfcb9d56-bedf-459d-8872-68587616558d,2.0.2.1058,-0.02380952380952382,0.30476190476190473,0.02380952380952382,,
1b9d9c18d676a8df28f9a3e3975e6af6,playstore,it's not werking at all,,H S,1.0,2025-05-31T00:13:19,,Neutral,Others,com.microsoft.familysafety,0.0,8ccf9389-c944-4e63-b0b4-bbe61ac671e2,2.0.2.1058,0.0,0.0,0.0,,
1b91d038143720fc584d1a44a644b59b,playstore,more options needed,,Dror Wald,3.0,2025-05-30T20:01:44,,Positive,Others,com.microsoft.familysafety,0.0,05347734-8b25-4c98-a9c8-9520ed8707eb,2.0.2.1058,0.5,0.5,0.5,,
f5bd8978d6e32362e50ce496320a55ec,playstore,this is a horrible app. so challenging yo do basic stuff and constantly broken. too many request issues. no notifications when something is pending. it sucks,,Jim Uechi,1.0,2025-05-29T00:01:42,,Negative,Notifications & Alerts,com.microsoft.familysafety,1.0,6d171d2d-0958-4b45-a5dc-0e7e51af38d1,,-0.11666666666666665,0.5541666666666666,0.11666666666666665,,
4395799aca1dec7f7a2a6326630f290b,playstore,almost everything is super app for childs and other family members monitoring app,,Satyam Kumar,5.0,2025-05-28T17:09:36,,Positive,Privacy Concerns,com.microsoft.familysafety,0.0,8850fa39-4c7d-4221-95d7-3fea12cfbb0e,2.0.2.1058,0.10416666666666666,0.5208333333333333,0.10416666666666666,,
d7aff6a64ee9cab512647614caf75c84,playstore,"I'm having. trouble having android phone pickup on the app. from what I can gather, the applicationa reflect on family safety. but, the app doesn't record the time spent on the apps and games on android. this information is needed to know",,Phillip Human,2.0,2025-05-28T12:50:39,,Negative,Devices,com.microsoft.familysafety,0.0,73113462-3fc3-4411-b420-120d4a901b1f,2.0.2.1058,-0.15000000000000002,0.15000000000000002,0.15000000000000002,,
fdd0b12b17420ea6508cfa9c0f3cd019,playstore,𝐸𝑥𝑐𝑒𝑙𝑙𝑒𝑛𝑡 𝐴𝑝𝑝!!! 𝐼 𝑐𝑎𝑛 𝑐𝑜𝑛𝑡𝑟𝑜𝑙 ℎ𝑒𝑟 𝑡𝑖𝑚𝑒 𝑙𝑖𝑚𝑖𝑡𝑠 𝑎𝑛𝑑 𝑏𝑙𝑜𝑐𝑘 𝑐𝑒𝑟𝑡𝑎𝑖𝑛 𝑎𝑝𝑝𝑠. 𝐼 𝑛𝑒𝑣𝑒𝑟 ℎ𝑎𝑑 𝑎𝑛𝑦 𝑖𝑠𝑠𝑢𝑒𝑠 ℎ𝑜𝑤𝑒𝑣𝑒𝑟 𝐼 𝑤𝑜𝑢𝑙𝑑 𝑙𝑜𝑣𝑒 𝑖𝑓 𝑖𝑡 ℎ𝑎𝑑 𝑙𝑜𝑐𝑎𝑡𝑖𝑜𝑛 𝑠𝑒𝑡𝑡𝑖𝑛𝑔𝑠 𝑏𝑢𝑡 𝐼'𝑚 𝑙𝑜𝑣𝑖𝑛𝑔 𝑡ℎ𝑒 𝑎𝑝𝑝.,,Toni Estwick,5.0,2025-05-27T15:05:13,,Neutral,Others,com.microsoft.familysafety,4.0,ff6453cb-f0f0-40cd-b184-988b8c3d4727,2.0.2.1058,0.0,0.0,0.0,,
17e5545a679a7c86eac4bed183907361,playstore,ome function not working,,Sheraz Chaudhry,2.0,2025-05-25T22:47:52,,Neutral,Others,com.microsoft.familysafety,0.0,01e96116-37eb-4277-91bb-93a6a699bdc4,2.0.2.1058,0.0,0.0,0.0,,
f39ce0f584cb3a96440a3d70b9a8a3d0,playstore,"The software tracking is wildly inaccurate and contradictory to what the website says. For example, I know that my son has play a specific game for about an hour (because we played together) and both the website and the app are saying 2 different number (both of which are wrong). Great idea and some impressive control features, but they have a long way to go.",,Richard Womack,2.0,2025-05-25T20:16:36,,Positive,Devices,com.microsoft.familysafety,15.0,d3175940-35b9-43bc-aaa8-cb2d46128613,2.0.2.1058,0.11875,0.571875,0.11875,,
81a8b28a55bd3e4138ce55c068276ce9,playstore,This app has been great for limiting screen time for my three sons! Easy to use and can unlock from my mobile remotely if needed.,,tipi walker,5.0,2025-05-25T00:40:31,,Positive,Screen Time,com.microsoft.familysafety,1.0,329f9a3b-7d8c-412c-b66e-5c700e9e6249,2.0.2.1058,0.4444444444444444,0.5944444444444444,0.4444444444444444,,
bfef7be247e576666736e00c9fa47cf6,playstore,must have for every parent,,winny g,5.0,2025-05-24T20:06:38,,Neutral,Others,com.microsoft.familysafety,0.0,ba28accf-4e79-4b85-bbe3-1cdc5ace01d8,2.0.2.1058,0.0,0.0,0.0,,
0fd9380bd5e76bd3c4b9ffacadae9c0a,playstore,By far the slowest and most frustrating user experience of any app I use 😮‍💨,,Stephen Roughley,3.0,2025-05-24T11:47:01,,Neutral,App Performance,com.microsoft.familysafety,1.0,87dc2474-8b3d-4f0a-b0b4-51b1af23a73d,2.0.2.1058,0.06666666666666665,0.7999999999999999,0.06666666666666665,,
61dffd510f99326d516a12dc9ffec639,playstore,"Payments - who knows? It's like a twilight zone. You're making a payment then... you're not. You go back, but you're not back. You're... nowhere. But then your bank says you're making a payment... but you're not. Try it again. It's different, but it still doesn't work. So what's the conclusion? No idea. That's what this app is like.",,Ivar Eden,1.0,2025-05-23T20:22:58,,Neutral,Add Money,com.microsoft.familysafety,0.0,633bab01-c399-4fa5-bc74-dea466cd25d4,,0.0,0.19999999999999998,0.0,,
4c0356e5e4a4f0af08c62c6d5e27a1f0,playstore,"Slow, clunky, and difficult to navigate. Needs simplifying to unlock apps/devices for a set period of time rather than navigating through menus trying to find a way of adjusting the time to unlock things. It should be as simple as receiving a notification to unlock with a simple No/Yes/Time limit selection, such as on the Google Family link app",,Greg Borthwick,2.0,2025-05-23T01:51:25,,Negative,Screen Time,com.microsoft.familysafety,3.0,582efe3b-2474-4a44-83e8-5fc8efbb748c,2.0.2.1058,-0.16,0.5228571428571429,0.16,,
1ed3f7ef3af4530ea58d5f72f61e9576,playstore,app does not work log in on my fold 5 just a blank screen,,jano lulham,1.0,2025-05-22T06:48:20,,Neutral,Others,com.microsoft.familysafety,0.0,1eb95f98-7aa6-43c2-9257-e3f447bd1a19,2.0.2.1058,0.0,0.0,0.0,,
da883b422b2b49b5317954781f0b4440,playstore,"I gave my son some screen time and it took ages for my son's account to be unlocked. Also, there's no way to give bonus time for screen or apps without being asked",,Intekhab - Md Intekhabul Hafiz,1.0,2025-05-21T15:01:54,,Neutral,Screen Time,com.microsoft.familysafety,1.0,ae91f505-f5af-4279-b073-376951e41b71,,0.0,0.0,0.0,,
32491f6e6b1e1e728f254f7cc97cf6d5,playstore,"This App is far inferior to Xbox family, which makes it that much more frustrating. The UI is counterintuitive, it pulls in XBox but not in a useful manner, and it's lacking control features. I cannot add bonus time without a request, and once my child is out of time the request won't process as the Internet connection is blocked. Just copy XBox Family for Windows devices and we'll all be better off.",,Eric Shaffer,2.0,2025-05-20T19:37:25,,Positive,App Blocking,com.microsoft.familysafety,17.0,c6951349-ec2e-4c06-ab9c-aa895826cf69,2.0.2.1058,0.2,0.58,0.2,,
a209d3a6a862c86ef4b48ced567504ed,playstore,Takes too long to load 😡 I tried to send the logs but it keeps running but doesn't send. What's the email?,,MS,2.0,2025-05-20T15:51:10,,Neutral,Login & Account Issues,com.microsoft.familysafety,0.0,57a42990-4fac-47a1-861a-5a91a0e106a3,,-0.05,0.4,0.05,,
7df0c8fe8ff4b7327acc8e1fe428a1a7,playstore,it never works properly,,Christina C,2.0,2025-05-20T03:35:02,,Neutral,Others,com.microsoft.familysafety,1.0,247a37f4-a9fb-4225-ab23-761b6d0c9fed,2.0.2.1058,0.0,0.1,0.0,,
97b348dcaf5aecdb0532beb3d209472d,playstore,Really helpful for moderating children's usage of their Microsoft-linked devices,,George O.,5.0,2025-05-19T12:33:39,,Positive,Devices,com.microsoft.familysafety,0.0,8ae2ee10-7386-418b-a463-439550b802ac,2.0.2.1058,0.2,0.2,0.2,,
4c7b242902afaa4cca329c1abb3f3a7b,playstore,super app to regulate my kids times on the computer,,Chika Moronu,5.0,2025-05-19T06:36:17,,Positive,Others,com.microsoft.familysafety,0.0,397e4c76-6c34-4705-8454-93fb4e966092,2.0.2.1058,0.3333333333333333,0.6666666666666666,0.3333333333333333,,
61102d98224c72596d4b7f91c76d2c17,playstore,"Please add feature so parents can allow all website with specific TLD. eg. *.gov, *.gov.in etc. Google Family Link has this useful feature already.",,Akhil Suden,5.0,2025-05-18T17:58:23,,Positive,Account Linking & Sharing,com.microsoft.familysafety,0.0,33c67a81-8a2a-4a2b-9d50-1ed1e695aafa,2.0.2.1058,0.15,0.0625,0.15,,
05fe1f356c5a5600f7870469a6379e8b,playstore,we need to protect our little ones from what is not safe for them the Internet has alot of useful content but don't forget that there's also alot that is not suitable to be heard or seen by the little ones,,Kembo Moureen,4.0,2025-05-17T16:36:47,,Negative,Others,com.microsoft.familysafety,0.0,ad1d0a97-dc74-4b13-adfc-6dd57329a05a,2.0.2.1058,-0.12000000000000002,0.45,0.12000000000000002,,
3859fe74b618ecb458f210c391871e1b,playstore,"Useful app, thanks a lot 🙂",,Eugeniusz Eugeniusz,5.0,2025-05-17T01:18:17,,Positive,Others,com.microsoft.familysafety,0.0,2c3e9d1f-0e14-4b1f-8a3c-bd6f78e88363,2.0.2.1058,0.25,0.1,0.25,,
a5dba667f772cabcf3a5f97bfaffa982,playstore,doesn't work. goes in loops,,Sebastian “Seb”,1.0,2025-05-16T16:03:02,,Neutral,Others,com.microsoft.familysafety,0.0,bb57466d-b3dd-4ef2-ab85-828adf3f11dc,,0.0,0.0,0.0,,
6d74580394742132fc980d19c825c647,playstore,works great,,Naairah Lee Muhammad,5.0,2025-05-15T21:54:09,,Positive,Others,com.microsoft.familysafety,0.0,fc70bd0a-495b-4b72-8d1b-d47014cb2af1,2.0.2.1058,0.8,0.75,0.8,,
9d5fd2259c3917c1dbaa8a8ee7a4c9b3,playstore,nice tool.,,Maria B.,5.0,2025-05-15T21:06:47,,Positive,Others,com.microsoft.familysafety,0.0,7d47cf37-155f-4261-a7e1-87f6ee64c9a9,2.0.2.1058,0.6,1.0,0.6,,
343a58970ed249c8b1a31ce417089228,playstore,"Overall, quite good controls. Some sporadic bugs sometimes make impossible to lock/unlock remotely.",,Roberto Guida,4.0,2025-05-13T22:37:56,,Neutral,App Performance,com.microsoft.familysafety,0.0,0ac57ed6-8693-47e3-81c9-e338af5a771a,2.0.2.1058,-0.01666666666666667,0.45,0.01666666666666667,,
9dac417668101fbfa8cfb80f395489be,playstore,Great,,Gabriel Michael,5.0,2025-05-13T01:38:33,,Positive,Others,com.microsoft.familysafety,0.0,e4e7b5b0-c223-479c-a79c-8e292ce4eff5,2.0.2.1058,0.8,0.75,0.8,,
1545c4595644e6deae5f42a378913f60,playstore,best app,,sarfaraj,5.0,2025-05-12T14:11:24,,Positive,Others,com.microsoft.familysafety,0.0,24814b38-70c0-4660-b69e-6b2b5e84e09b,2.0.2.1058,1.0,0.3,1.0,,
ab651407f722585babdd1b69508b1ee1,playstore,Stuck loading,,Michael Lepkan,1.0,2025-05-12T01:09:27,,Neutral,Others,com.microsoft.familysafety,0.0,475cd0b5-d921-4b3b-9c17-198b9c4428fb,1.24.2.962,0.0,0.0,0.0,,
7a16611834fd16f0dcb7b5dd62ae2732,playstore,not working properly,,Samuel Olorunfemi,3.0,2025-05-12T01:07:33,,Neutral,Others,com.microsoft.familysafety,0.0,b9dcdf37-bdb9-4bf7-adf4-64a514ecb335,2.0.2.1058,0.0,0.1,0.0,,
297b81ffa56abede3aaddb63e42a3d30,playstore,very good,,Thetheyuvin Kalister,5.0,2025-05-11T20:03:45,,Positive,Others,com.microsoft.familysafety,0.0,d7b100a7-eb0b-44da-8688-7331bc06db59,2.0.2.1058,0.9099999999999999,0.7800000000000001,0.9099999999999999,,
5df45cfb5472bb4f06a476af1aebd986,playstore,"It gives me lots of control over time spent on devices; it seems to work for the most part, on everything Microsoft-owned. I do have an issue with blocking websites, however. It seems I can't save any website I enter in the allowed and blocked sites section, and there's no obvious way to add multiple sites, possibly an oversight in the app design. I assume this works fine on the Microsoft Family website.",,Bobby V,4.0,2025-05-11T08:23:05,,Positive,App Blocking,com.microsoft.familysafety,1.0,9a2fa4d1-684b-4867-9124-ee0fb986cc7d,2.0.2.1058,0.1361111111111111,0.43333333333333335,0.1361111111111111,,
cf9f5191c95af22527ce39a99d93775f,playstore,the app should be have more options....,,Hector Montero,3.0,2025-05-11T07:39:05,,Positive,Others,com.microsoft.familysafety,0.0,4883b434-d557-4698-b54c-1746a1194379,2.0.2.1058,0.5,0.5,0.5,,
eba8c5ea8dc17a5a9d10ff6cdbf9fbeb,playstore,pls allow to set in 15min increments. limited ton39 mins right now. thx.,,F V G,4.0,2025-05-11T06:34:49,,Positive,Feature Limitations,com.microsoft.familysafety,0.0,2b1402ab-20fd-44ed-aae4-bc3646da7535,2.0.2.1058,0.10714285714285714,0.3392857142857143,0.10714285714285714,,
51ebf02ef9397c3313c35958724956a3,playstore,"slowest app to use, constantly taking ages to load screens and refresh it's content. I've never experienced such a poorly optimised app",,Daniel Walsh,2.0,2025-05-11T04:39:25,,Negative,App Performance,com.microsoft.familysafety,0.0,f8033fbc-48a7-4fd4-9bef-7234273f98c3,2.0.2.1058,-0.2,0.5833333333333334,0.2,,
c997d24a532af4df091bf99e043ab5b0,playstore,"Beyond terrible. Invasive, buggy, nonsensical. Now cannot share office with a family member without them getting linked into this awful awful software. Microsoft are not even trying anymore.",,G Hall,1.0,2025-05-11T01:44:53,,Negative,App Performance,com.microsoft.familysafety,0.0,0086086d-aac9-4151-8ff3-e4b8a7d7cbf1,2.0.2.1058,-1.0,1.0,1.0,,
e321edb55886418ddfb39ac9b402b74f,playstore,Don't like it,,Elize Moolman,1.0,2025-05-10T13:56:38,,Neutral,Others,com.microsoft.familysafety,0.0,5e025add-da42-448e-869b-168467e1fa63,,0.0,0.0,0.0,,
512ce6552799a4fcfda9d5cdae03733a,playstore,you cant delete the app i accedentally installed it now i cant use google or anything,,Alex Bester,1.0,2025-05-10T00:41:27,,Neutral,Setup & Configuration,com.microsoft.familysafety,0.0,78520075-681d-42f8-b303-53e0a101f297,2.0.2.1058,0.0,0.0,0.0,,
510b3993b734ded5cafa9ce8b9e4f003,playstore,"A nightmare, especially compared to the excellent features of Google Family Safety. Takes forever to load. Requests for extra time get lost and have to be repeated. Granted extra time gets lost somewhere in the traffic, has to be repeated. No way to add extra time without the child running out of their alotted time, and then explicitly asking me for more. No way to readjust the length of extra time once it has been granted. No way to check how much is left of the extra time. Ughhh",,Zuzana Pokorná,2.0,2025-05-09T18:27:28,,Positive,Approval & Permissions,com.microsoft.familysafety,2.0,d0c596ca-e826-4415-93b8-af96acd7a493,2.0.2.1058,0.16666666666666666,0.33333333333333337,0.16666666666666666,,
0e6c0adc4aa6b9f32d3328f9f2b51a92,playstore,"Good, Family friendly.",,Siré,5.0,2025-05-09T15:33:37,,Positive,Others,com.microsoft.familysafety,2.0,737534d3-1ecc-4635-97d4-7a2ec0783287,2.0.2.1058,0.5375,0.55,0.5375,,
d4d2c0359b957827143e60f146e58e07,playstore,crashes when I try to ad. site to block. generally been good. overall does the job.,,T H,2.0,2025-05-08T16:48:35,,Positive,App Blocking,com.microsoft.familysafety,0.0,14d5c236-edff-46f0-931e-a6a513dbc7c0,2.0.2.1058,0.25,0.3666666666666667,0.25,,
a6569fac9e3045dec4ad10816a437c42,playstore,nice one,,Abdulsamiu Abubakar (Abdul A.k),5.0,2025-05-08T07:20:25,,Positive,Others,com.microsoft.familysafety,0.0,8a6bac12-a93c-4631-8d0c-660b0b0fff48,2.0.2.1058,0.6,1.0,0.6,,
a1c8e787e00fc3c0b704feda67348c1b,playstore,"zero stars. The app won't even load. It says ""let's get started"" I hit that button and it goes to an endless white screen that never changes.",,JustJay,1.0,2025-05-08T00:56:05,,Negative,Others,com.microsoft.familysafety,0.0,aeb076ad-7007-4b80-a569-749005449baf,2.0.2.1058,-0.0625,0.375,0.0625,,
abd2acd93761e458dfec2b9c0478312c,playstore,किती नाटकं या app ची 😡🤦🏻‍♂️,,Mns,1.0,2025-05-07T21:36:55,,Neutral,Others,com.microsoft.familysafety,0.0,5ac88249-66b8-47b2-b1de-9a8f47c5c7a1,2.0.2.1058,0.0,0.0,0.0,,
660ad424816ed57503917f8102db3a92,playstore,Fantastic app for family safety and screen time control!,,Brandon Bauman,5.0,2025-05-07T08:49:49,,Positive,Screen Time,com.microsoft.familysafety,0.0,c5a60c95-35cd-450a-981b-10bf87a2fd8d,2.0.2.1058,0.5,0.9,0.5,,
5c8219756dd84f88ca26cb8afe852e1a,playstore,Something went wrong at our end. Give it a few minutes and it'll still be wrong,,Simon Jenkins,1.0,2025-05-07T02:24:40,,Negative,Others,com.microsoft.familysafety,1.0,1cdb5933-9cad-42d9-8788-c6ba603d9e1d,2.0.2.1058,-0.39999999999999997,0.6333333333333333,0.39999999999999997,,
ed84b6fd82fac96d0b6dd098b71d21c6,playstore,requires 3 attempts to answer opening requests,,Asi Golan,2.0,2025-05-07T01:14:39,,Neutral,Approval & Permissions,com.microsoft.familysafety,0.0,2b716bfe-b624-44df-b521-3d81b777d674,2.0.2.1058,0.0,0.0,0.0,,
d8627b149b6d6d6004084f0a0ddbe794,playstore,App wasn't opening so a reinstall fixed the issue.,,Stephen Petersen,5.0,2025-05-06T22:29:57,,Neutral,Setup & Configuration,com.microsoft.familysafety,0.0,b3b39521-9a8f-4a5c-b0b9-dca303f4378c,,0.1,0.2,0.1,,
a0e88abd634b90eb2bfc568a6e552c2d,playstore,Good app,,Tolibjon Fayzullayev,5.0,2025-05-06T21:33:15,,Positive,Others,com.microsoft.familysafety,0.0,b32fe715-70f1-4287-929b-12c0e2ed3c61,2.0.2.1058,0.7,0.6000000000000001,0.7,,
f36c58611429392544769d5d692354cc,playstore,keeps sending me to my home screen when I try to add new block sites through the app,,Tammy Stothart,3.0,2025-05-06T21:05:27,,Positive,App Blocking,com.microsoft.familysafety,0.0,44fe7268-65f6-46cf-a434-3abf29df72a7,2.0.2.1058,0.13636363636363635,0.45454545454545453,0.13636363636363635,,
c1d1047140f2172ff92ce0a04a661483,playstore,You know how long I spend watching those loading circles per week? Hate this app!,,Robert Hunter,1.0,2025-05-06T16:23:32,,Negative,Full Frustration,com.microsoft.familysafety,0.0,3511048c-b460-4a9f-81bd-6a6ac968f604,2.0.2.1058,-0.525,0.65,0.525,,
f7fb03f28a068a6b052c954c332f3ac9,playstore,"can no longer add funds via the app, you have to use the website.",,johnny bennett,1.0,2025-05-05T21:19:13,,Neutral,Forced Usage & App Dependency,com.microsoft.familysafety,0.0,8157ae48-f17b-4ed9-89a2-288556234a20,2.0.2.1058,0.0,0.0,0.0,,
a6a5b2883e9a57931be4cf3f584b8b77,playstore,great 👍,,Abdalaziz Alchami,5.0,2025-05-04T15:32:29,,Positive,Others,com.microsoft.familysafety,0.0,8b45357e-ed7c-4f1e-bb88-5dadd1997ba1,2.0.2.1058,0.8,0.75,0.8,,
cb0126edc9fffa36388c3719e288ae94,playstore,"I have been using it for years now, can't remember how long. I'm forced to only to manage my kid screentime. Hardly being updated with new features, usability is bad and you get disconnected midway with never ending loading screen from iframes. Microsoft. this need some love.",,Muhammed Nabil,1.0,2025-05-04T02:22:42,,Negative,Forced Usage & App Dependency,com.microsoft.familysafety,2.0,5a605f60-7e7c-422b-b64f-281fb1fb59ff,2.0.2.1058,-0.10075757575757573,0.5518398268398268,0.10075757575757573,,
c5c3cc2c72282ba78f850273632c62d7,playstore,Mostly pretty good.,,Bilal Majeed,4.0,2025-05-03T23:57:33,,Positive,Others,com.microsoft.familysafety,0.0,4e614e9b-ced0-480a-9b36-963b2c27211f,2.0.2.1058,0.475,0.8,0.475,,
a89a676961312235d21f46a1b994bb3a,playstore,Another layer of protection and parental control so I can keep my kids safe and allow them to develop skills with technology.,,Jere Cohan,5.0,2025-05-03T22:18:44,,Positive,Others,com.microsoft.familysafety,0.0,84aae346-9cf1-46cc-8dc8-e49df163285d,2.0.2.1058,0.5,0.5,0.5,,
073233e1fb6112638937cf0e58b265b8,playstore,very Good,,Alexandros Papadimitriou,5.0,2025-05-03T21:21:30,,Positive,Others,com.microsoft.familysafety,0.0,e21fc196-9079-4d89-a1fb-72db7b22cfad,2.0.1.1046,0.9099999999999999,0.7800000000000001,0.9099999999999999,,
95ee182a1a96aec87a8e44c99572ffc3,playstore,"The app cannot control anything. I set screentime for 1.30 hour but my son can use computer all day long everyday. I hit the ""lock the device"" button and nothing happen",,Varunyu Apisaksiri,1.0,2025-05-03T11:43:47,,Negative,Devices,com.microsoft.familysafety,0.0,e7b9b6ed-b719-4e7a-ac22-743e1e91baf4,2.0.2.1058,-0.125,0.5,0.125,,
8319c23842903b3da73889c7b5a51087,playstore,"The whole point is to be able to block access, but when the kid keeps getting asked if they want a few more minutes, it renders the controls worthless.",,Matt E,1.0,2025-05-03T07:25:21,,Neutral,App Blocking,com.microsoft.familysafety,0.0,179f2565-7da9-40fd-afdc-3daadc700e5c,2.0.1.1046,0.039999999999999994,0.505,0.039999999999999994,,
e7ef1dc8ef7d949b9b23f178114d0527,playstore,so much to say 6 years with this. it work better than most.,,Chad Conley,4.0,2025-05-03T03:20:44,,Positive,Others,com.microsoft.familysafety,0.0,e1eeee29-ec85-4ec1-be0a-7289859d98eb,2.0.2.1058,0.39999999999999997,0.39999999999999997,0.39999999999999997,,
c2db2488fbc98b29cb91017541c6bf83,playstore,nice,,Alamin Managing director,5.0,2025-05-02T06:44:09,,Positive,Others,com.microsoft.familysafety,0.0,de6ca0b5-376f-4245-9d81-76c2cb63f40a,2.0.2.1058,0.6,1.0,0.6,,
d23b4967c6961a368b36586154bc23fd,playstore,I'm the only user on my account. I'm trying to download a game. Ive been directed to this app to replenish whatever restrictions are preventing me from from doing. I've never used the app before so I expect nothing to be set up. There's nothing there. No profile and no set restrictions. I can't play Oblivion.,,Kami Komplex,1.0,2025-05-01T05:09:19,,Negative,App Blocking,com.microsoft.familysafety,0.0,4b1bb92c-2d50-4c50-80ac-51d0de090f52,,-0.2,0.7,0.2,,
ad7b3db491a36c78cb24d060d7672a32,playstore,"crash on open. tap on the menu of an app that never open, always crash?",,Pablo V.,1.0,2025-04-30T18:23:30,,Neutral,App Performance,com.microsoft.familysafety,0.0,9fb5c9d7-0d22-4494-ba4d-4c731809b7a9,2.0.2.1058,0.0,0.5,0.0,,
12056a1378e55f413e9f752a0cdd0989,playstore,It's stopped working!!,,keo528528,1.0,2025-04-30T05:37:29,,Neutral,Others,com.microsoft.familysafety,0.0,8cfa03ec-ce27-47c2-b5a1-ea40d3f9de6b,2.0.2.1058,0.0,0.0,0.0,,
b53ccb4d3c2046a23af6b11c05488166,playstore,"I am really not happy with his app. the first few days, it worked perfectly. lately, nothing works. my app says my kid is not on his device when I see him on it all day. when he sed a request for more time, we have to do it 3 or 4 times before it works, if it will. I wind up having to remove limits for it to unlock. and now, nothing is reporting, and my sons laptop is locked out, and we can not get it unlocked.",,James Henry,1.0,2025-04-28T11:41:50,,Neutral,Devices,com.microsoft.familysafety,2.0,a592eaf9-6c94-4f48-8417-a787d2d8a7fe,2.0.2.1058,-0.030000000000000006,0.5066666666666666,0.030000000000000006,,
485c5307a7589ecf972ec7df6c50ed01,playstore,bro let me play on my PC dad 👎👎👎,,TANA AMIN,1.0,2025-04-27T23:36:16,,Neutral,Game & Xbox Integration,com.microsoft.familysafety,0.0,860ee12d-db43-45c2-8783-9db097e1fb69,2.0.2.1058,0.0,0.0,0.0,,
1444f79f7c490c10a6c65010c677f2f6,playstore,difficult to use . numerous password to access features and difficult to set controls,,stuart ebbage,2.0,2025-04-27T02:43:48,,Negative,Login & Account Issues,com.microsoft.familysafety,0.0,23d7cd8a-8c48-4512-8272-2d5b204dd76b,2.0.2.1058,-0.3333333333333333,0.8333333333333334,0.3333333333333333,,
9e552728d22b3ca04f52c025b21b7b43,playstore,My first one star review and I hate being forced to do it. I can't add my child and therefore they cant be granted permissions to play online. I addressed my issue to MS help and they accessed my PC remotely to stumble upon the same issue that turned out to be a server issue. I was promised that my issue will be solved after 24 hrs but no. even after 72hrs of repeated trials. I am not going to compare. but if it is not for the Minecraft game I would have removed Family Safety immediately. Fix it,,Mazin Ibrahim,1.0,2025-04-27T02:14:49,,Negative,Customer Support,com.microsoft.familysafety,2.0,9b068208-eb8b-4221-bfc9-8361584c0fd9,2.0.2.1058,-0.2166666666666667,0.3430555555555556,0.2166666666666667,,
5cb9ab149c7dcacefaafc16ccd5a45ca,playstore,"provides a great free way to keep track of what your kids are up to and set restrictions. it loses a star because it's quite clunky, not always easily navigable and website links never seem to work. otherwise a great app",,Paul Mahoney,4.0,2025-04-26T23:20:42,,Positive,App Blocking,com.microsoft.familysafety,0.0,c240ecef-522e-438f-a616-daf0a22d888d,2.0.2.1058,0.42666666666666675,0.6466666666666667,0.42666666666666675,,
c9938e0cff32d4dc3d2dc5e86ea17bb8,playstore,"Screen time management is a nightmare. As a parent, I want to limit total screen time across all devices! With this useless app, we have to micro manage each different platforms ( windows, Xbox, mobile etc) individually. So when a kid has reach a time limit, they can just switch to another platform. Clearly this app is designed so that kids can spend MORE time in front of a screen, when it should be the opposite. 1 star rating.",,Alexandre Campagna,1.0,2025-04-26T18:58:53,,Neutral,Screen Time,com.microsoft.familysafety,14.0,08bb1546-bb6d-44d9-a4bd-99cf9f80afb8,2.0.2.1058,0.014285714285714282,0.4047619047619047,0.014285714285714282,,
7d90f86446597c69dcc0ba85835d222a,playstore,"Slow, cumbersome, with a UI that takes ages to load and makes zero sense once it does. And what's up with rounding screentime to the nearest half hour? No other parental controls app does that, because it makes zero sense. Also, 15 minutes should round up, not down.",,Noel Down,1.0,2025-04-26T15:28:50,,Negative,App Performance,com.microsoft.familysafety,5.0,e8c4ac3a-4733-429e-a665-bbfe660ea9c5,2.0.2.1058,-0.1052777777777778,0.32611111111111113,0.1052777777777778,,
67b2b70274a4c81f6a4969afd533e05b,playstore,I cannot use this app. I'm trying to let my grandson use my laptop but it keeps saying he has to connect a device. My laptop is the device I want to monitor his time but it keeps saying that he has to log in. When he logs into his account on my laptop it says he has to connect a device,,Sheila Mitchell-Murphy,1.0,2025-04-26T09:06:51,,Neutral,Devices,com.microsoft.familysafety,0.0,ac44c822-3583-4cfc-95ba-c92b24a3d2b0,2.0.2.1058,0.0,0.0,0.0,,
1f538dcf6e48ee18ace994821aad6c3a,playstore,its been better now aye? let see,,R. Rizcky “fmkiddo” N. Ardhy,4.0,2025-04-26T08:46:20,,Positive,Others,com.microsoft.familysafety,0.0,66e74f57-7c20-403d-9a7a-b023cc32e96d,1.25.1.989,0.5,0.5,0.5,,
e3d42f3e6429218ee0a7ac7156bd88cc,playstore,States that screen time is up on windows computer but doesn't state what App/Game/Software used. Syncing is not very good.,,Travis McAllan,2.0,2025-04-26T07:07:18,,Negative,Screen Time,com.microsoft.familysafety,0.0,16ca4c70-03c4-4e07-9458-ff0d83778453,2.0.2.1058,-0.26923076923076916,0.46153846153846156,0.26923076923076916,,
9109c0c9c19ba8d8a82397466fbb26e7,playstore,"good App for family, useful.",,ne moe aung,5.0,2025-04-25T14:31:08,,Positive,Others,com.microsoft.familysafety,0.0,ecfadfa3-1370-40d6-824f-e3b5d75dcecc,2.0.2.1058,0.5,0.30000000000000004,0.5,,
8920397887175ef8db4c4fafbb573c0f,playstore,I little patience needed in setup but then runs well,,Mike Baird,4.0,2025-04-24T11:46:20,,Negative,Setup & Configuration,com.microsoft.familysafety,0.0,82069502-79fc-4383-8b8c-e4a94fd73f71,2.0.2.1058,-0.1875,0.5,0.1875,,
9592042187e9ad8b6289d0af4fd0b49d,playstore,not working. set up my daughters new laptop and it couldn't stop from a pending invitation. I then deleted her account and re-invited her using the pc's family manager and was able to make it again. except the app still doesnt lock her pc on command or read when her pc is in use,,Jessica Gonzales,1.0,2025-04-24T02:57:14,,Positive,Login & Account Issues,com.microsoft.familysafety,0.0,faf6864b-298a-43ba-aff6-44980e71b75b,2.0.2.1058,0.3181818181818182,0.5397727272727273,0.3181818181818182,,
5052bcca2e8aeb82c22bc754fc728934,playstore,GARBAGE,,Jordan Radev,1.0,2025-04-22T08:08:05,,Neutral,Others,com.microsoft.familysafety,1.0,66b11d46-8f77-4ddf-a08f-614fb57ff7b9,2.0.2.1058,0.0,0.0,0.0,,
b7197d08fafd64b19654c4a11560952a,playstore,app won't even open. it's up to date and still won't. error is there's a bug. follow-up. the app still won't open. says bug and closes. so can't send diagnostics that way.,,Sarah L,1.0,2025-04-22T08:02:14,,Neutral,App Performance,com.microsoft.familysafety,1.0,0a32edbd-0621-466f-a613-2a8c79593419,2.0.2.1058,0.0,0.5,0.0,,
82b78104aca03b9124c2249b77fd9d40,playstore,"Comon Microsoft! cant you build a decent time management app? The google app is far superior and lets you lock, unlock, add / remove time on devices. This app is a struggle and half the buttons dont work, i am unable to lock a device or add bonus time temporarily only for the day, unless i edit the entire weekly schedule for the day. Expected more from Microsoft.",,Zack G,2.0,2025-04-22T04:34:42,,Neutral,Devices,com.microsoft.familysafety,4.0,d4dff867-c3b0-4454-a2c2-3c3083431838,2.0.2.1058,0.07777777777777778,0.6398148148148147,0.07777777777777778,,
150141b637e4a470989e0b92795be600,playstore,Doesn't work most of the time. Just today sat and watched how my son logged into his account and played even though he had no time allocated to him,,Ian Gous,1.0,2025-04-21T22:08:37,,Positive,Login & Account Issues,com.microsoft.familysafety,1.0,242efbee-efcb-4818-be19-5936d4bd1a38,2.0.2.1058,0.5,0.5,0.5,,
39081ea3965730f7dc24ba0fd34fe6ce,playstore,"slow clunky mess still, nice work from a rich corporation",,J P,1.0,2025-04-21T02:20:19,,Positive,App Performance,com.microsoft.familysafety,0.0,a2766038-4952-49c4-9abf-3ef77d7df8c5,2.0.1.1046,0.12499999999999999,0.58125,0.12499999999999999,,
f44bcf8ad368b6a6233dba6545bb4f87,playstore,"not compatible with android 8? nice! RE: 1) it's not possible to share logs in review, 2) I'm unable to continue using your app because now there's nothing there except 'App update pending', and when I click on 'update app' and open Play Store - I can just enjoy 'The app isn't compatible with your device anymore. Contact the developers for more info'. So, your turn, dear developers.",,Mi Zu,1.0,2025-04-20T23:48:19,,Positive,Devices,com.microsoft.familysafety,1.0,54d50a6a-7a0f-4e10-beb9-d4929cdd9517,1.26.2.1015,0.19166666666666665,0.6666666666666666,0.19166666666666665,,
055a9741ee1dbf63f40ab4fdf5ee39e1,playstore,"Rated by a child, I was just playing a game. It's so frustrating that this app just kicks me out of the app and made me lose my progress. And my character just moved itself when it kicked me out of the app, and it led me to the monster. (it was a mascot survival game) I don't like how you just kick it out. Very annoying! And sometimes, when I just get more time for 1 app, it takes a long time to transfer the time for the app. Very frustrating. It even kicked me out from an Official Fandom Site.",,A Google user,1.0,2025-04-20T23:11:18,,Negative,Full Frustration,com.microsoft.familysafety,0.0,b253f71b-8e2e-4e64-a434-699fbfb5ce59,,-0.32428571428571434,0.6571428571428571,0.32428571428571434,,
6ac3680f3762b18b582debb126718751,playstore,awesome I luv it,,Abbasian,5.0,2025-04-20T19:52:11,,Positive,Others,com.microsoft.familysafety,0.0,5e14f7ab-949e-4796-925d-1d84036740d6,2.0.1.1046,1.0,1.0,1.0,,
785e57485dcc674ddf7db7a884e38edd,playstore,very helpful. Easy to set up. I love that it sends notifications of games and purchases within games with ratings.,,Jen Nam,5.0,2025-04-20T12:09:24,,Positive,Spending and Purchase,com.microsoft.familysafety,0.0,b4b39f0c-d332-4f88-a09a-2459aaadaef3,2.0.1.1046,0.37777777777777777,0.5777777777777778,0.37777777777777777,,
af0a89dab165c49f3812cce40d7a352e,playstore,"""Lock device"" button does not work (does nothing, probably doesn't even register clicks).",,Alex K.,2.0,2025-04-19T21:46:47,,Neutral,Devices,com.microsoft.familysafety,2.0,de53f12e-d7dd-4d8a-8ae8-31046636d0e5,2.0.1.1046,0.0,0.0,0.0,,
d215a911aa05fc328bbaed744ceca876,playstore,"Not working, won't even come on. Please fix it. Crashes won't even open. still not working crashing all the time, won't even open",,Mike Inurean,1.0,2025-04-19T10:19:07,,Neutral,App Performance,com.microsoft.familysafety,0.0,34698cdc-33d3-44a1-87b6-3f938a405381,2.0.1.1046,0.0,0.5,0.0,,
f16c0e08f9a665b4049ab8b6cd68cf49,playstore,I can't open the app anymore,,Mike Kiss,1.0,2025-04-19T08:32:06,,Neutral,Others,com.microsoft.familysafety,0.0,1b32c6af-afa3-4a7a-bde3-867947178611,2.0.1.1046,0.0,0.5,0.0,,
e2aaeca3008ebe8612c0a9d3a15dd855,playstore,very useful and very well designed.,,Jessica Puntney,5.0,2025-04-19T03:18:58,,Positive,User Interface,com.microsoft.familysafety,0.0,c16fe02c-db9a-44a5-8eb6-b346f9187ba1,2.0.1.1046,0.29500000000000004,0.15,0.29500000000000004,,
f47c605a1650fc52441b045b385ba994,playstore,ridiculous app. It doesnt update when I change screen time settings.,,Daniel Streva,1.0,2025-04-19T01:54:55,,Negative,Screen Time,com.microsoft.familysafety,0.0,60ae9e2d-e14e-493e-9f92-dd4f17d2551e,2.0.1.1046,-0.3333333333333333,1.0,0.3333333333333333,,
da16b206121123311b39a31d6c7d173e,playstore,I can see everything my 8 y/o son is doing on his laptop and it allows me to lift his time. I love this app.,,Katelynn Sosine,5.0,2025-04-18T17:39:19,,Positive,Others,com.microsoft.familysafety,0.0,25c08e88-a829-4672-8c2c-8f193adb8e66,2.0.1.1046,0.5,0.6,0.5,,
2595d6e0abd23acc4a84fb1cb256c136,playstore,"so difficult to get into and actually do anything. can't keep the sam passwords, I've now gone for a different app with a much smoother user interface that uses just your fingerprint. would recommend it to a busy parent who needs smooth access.",,samuthrarathnam senthuran,1.0,2025-04-18T14:46:12,,Neutral,Login & Account Issues,com.microsoft.familysafety,0.0,e8fa772b-8077-4ce5-aac2-58429ca1cee9,2.0.1.1046,0.03333333333333334,0.45,0.03333333333333334,,
ef8b9fa1ac74bc56e4c656d5b2726a8a,playstore,"When someone in the family asks permission to buy something ($ 29.99) the only option to add money is to select from a number of preset choices. There is one for $25 (insufficient) with the next one being $50 (too much). A custom field or the ability to pay the exact amount is missing. Should you choose to pay the $50, the remaining balance is non refundable and stays with Microsoft presumably for ever. Should you want to make another purchase in the future, the problem will only perpetuate.",,byReza byReza,1.0,2025-04-18T02:02:35,,Neutral,Spending and Purchase,com.microsoft.familysafety,37.0,ab9f9db3-00ef-4c31-a8f6-5adad68f70d1,2.0.1.1046,0.03571428571428571,0.375,0.03571428571428571,,
169ee9f9cbbcedac5f1508c6626c843d,playstore,I like the app. just wish there was a way to lock the computer without resetting the time my kid could be on it,,Eugene Hamilton,3.0,2025-04-18T01:05:23,,Neutral,Others,com.microsoft.familysafety,0.0,b613d609-3074-4d29-b99e-1e1767210ccd,2.0.1.1046,0.0,0.0,0.0,,
5fa9e28ccfb2116caeafdfc1c6c4d3db,playstore,This app is useless my kids always have to ask me for permission if they want to play a game though they are 16 years old. Horrible App.,,Neha Bhatia,1.0,2025-04-17T12:35:51,,Negative,Full Frustration,com.microsoft.familysafety,1.0,fb47cacc-10c2-49c2-927f-f1746114bc20,,-0.45,0.45,0.45,,
15de4e0c367575b126d063977798d8d2,playstore,Awesome app!!,,Mandy Nel,5.0,2025-04-16T13:50:49,,Positive,Others,com.microsoft.familysafety,0.0,0ea63e1b-1f47-44ff-b84d-7784882ebeeb,,1.0,1.0,1.0,,
24c71dda2f4bcf8c223981db076070f3,playstore,"Why can't you let the old version keep running? Why you're forcing me to buy a new phone? Want me to send logs and feedback from the app that refuses to do anything but update itself? The only possible interaction is a button ""UPDATE APP"". And the store says my phone is no longer compatible.",,Ahti Legonkov,1.0,2025-04-16T07:32:28,,Neutral,Devices,com.microsoft.familysafety,0.0,80818fbc-e97c-46cf-815a-e2ec73a2aad2,1.26.2.1015,0.05909090909090909,0.6636363636363636,0.05909090909090909,,
28452298f27843439ddfc23af6b1ceb9,playstore,this has been great for managing screen time and making sure the children are accessing safe things online,,Jan Bart,5.0,2025-04-15T14:01:12,,Positive,Screen Time,com.microsoft.familysafety,0.0,71f251fd-e0ac-465f-bde4-109a47e273d4,2.0.1.1046,0.6,0.7129629629629629,0.6,,
279919ba754397b6c7f9e3dc094454b8,playstore,**** family safety,,Lutfi Andes,1.0,2025-04-14T19:47:54,,Neutral,Others,com.microsoft.familysafety,0.0,8630e95d-3fbb-4be9-b141-20cf89ac3dbf,,0.0,0.0,0.0,,
76b54b6acb9cbdddcd44a190f1662ae6,playstore,"very useful for parents to monitor what their children up to and block any unnecessary site from them, you can see results",,H F,5.0,2025-04-14T16:33:29,,Neutral,App Blocking,com.microsoft.familysafety,1.0,c5e749a1-8744-4fb7-b058-7b7667aebbed,2.0.1.1046,-0.0050000000000000044,0.45,0.0050000000000000044,,
878da34970744d3337ce13a7456621f7,playstore,bad,,Aiden Brickell,1.0,2025-04-14T14:10:32,,Negative,Others,com.microsoft.familysafety,0.0,c00387e6-4113-46bb-8a2b-17b06f8505d8,2.0.1.1046,-0.6999999999999998,0.6666666666666666,0.6999999999999998,,
7a2037735a6e0d6f27064d2582808198,playstore,"the app is horrible for trying to make purchases to my children's Xbox accounts. each step it says has errors and has to refresh and takes me back to the previous step over and over and when it finally works it thinks it's an unauthorized purchase and puts and can't process payment and apparently puts a hold to where I can't further purchase anything and then have to contact moscsoft customer support. it's ridiculous trying to do anything in it anymore. was good before last ""update"" on it",,Natasha Lynn,2.0,2025-04-14T07:47:04,,Negative,Spending and Purchase,com.microsoft.familysafety,5.0,b33cb93d-642d-4fe4-8d8a-5662f28d9d35,2.0.1.1046,-0.08333333333333333,0.5203703703703704,0.08333333333333333,,
f200808131946625281ddbc1b859b4d3,playstore,"Works ok, very slugish, but does what i need it to.",,Jamie White,3.0,2025-04-14T01:52:42,,Positive,Others,com.microsoft.familysafety,0.0,08d8495e-6821-4140-9afb-d33b8acd5bfb,2.0.1.1046,0.35,0.4,0.35,,
b6534949a6b2892721bd49088c2cfbf4,playstore,A very good app to control screen time for Kids. Thank You 🙏,,Arjun A,5.0,2025-04-13T11:32:14,,Positive,Screen Time,com.microsoft.familysafety,0.0,a87f9ae7-8eab-49bd-a1e0-4e17f7a48562,2.0.1.1046,0.9099999999999999,0.7800000000000001,0.9099999999999999,,
360c2af6822ab2f41f77f18f37efa2a7,playstore,they should learn from Google Family Link for the controls. and the kid's computer won't show up in the app even after one week using the computer with the kid's account.... how to control?,,Sing Cheng Koh,1.0,2025-04-13T08:34:42,,Neutral,Login & Account Issues,com.microsoft.familysafety,1.0,b2fe3632-e285-4d24-807f-ba8b0819d39f,2.0.1.1046,0.0,0.0,0.0,,
3c2f9c4aaf158a668c6f684b4f0502fb,playstore,Sometimes my child's phone won't respond to the time limits I set and neither would apps get blocked when I select them to get blocked. Please fix this issue. It's been like this for almost like 2 yrs now. I want to use this app so occasionally I keep installing it to see whether it works but it's all the same. Help!,,Sana,3.0,2025-04-12T16:27:40,,Neutral,Screen Time,com.microsoft.familysafety,2.0,cca174a6-873b-422e-bceb-cd5af20fe829,2.0.1.1046,0.0,0.125,0.0,,
f6de5d27716b9d632738e8c1cf45abe6,playstore,outstanding,,steve squires,5.0,2025-04-11T23:43:52,,Positive,Others,com.microsoft.familysafety,0.0,6679ec8f-b8dc-4382-9877-44b8c5e7797d,,0.5,0.875,0.5,,
14cec188dae6f8ae43415e5fed7c8116,playstore,"Blocking softwares on Windows doesn't work, you can't see other browsers' history, can't set time periods for individual softwares and it always tells me to turn on activity reporting even though I can see the activities already.",,Mateus Scheper,1.0,2025-04-11T21:01:10,,Negative,App Usage,com.microsoft.familysafety,0.0,17c562dd-ba37-45bb-95fd-c2d0b47abd5a,2.0.1.1046,-0.0625,0.3875,0.0625,,
353f78ca94c27ebbb89a17cf9e453924,playstore,Cannot manage anything on this app.,,Ian Fonseca,1.0,2025-04-10T17:03:09,,Neutral,Others,com.microsoft.familysafety,1.0,6b47f4a6-4925-4499-b252-9b1c6fd64c74,2.0.1.1046,0.0,0.0,0.0,,
bc49c3d42314713160e9e71c1f3a8bc9,playstore,oil Good,,Hardeep Kaur,5.0,2025-04-10T12:12:18,,Positive,Others,com.microsoft.familysafety,0.0,2f5dd987-d7b2-43c4-93f7-bbb4ce4c9c22,2.0.1.1046,0.7,0.6000000000000001,0.7,,
a7143b05b23e58fea1dd37f68894d11a,playstore,helpfull,,A. Salim Al Anbouri,5.0,2025-04-09T16:21:21,,Neutral,Customer Support,com.microsoft.familysafety,0.0,7ff8bc61-b6b8-45dd-8a83-4a81c438056f,2.0.1.1046,0.0,0.0,0.0,,
d53343985a8a4012946e2415d2d64db4,playstore,Crashing when going to Spending > Manage (to enable purchases),,Alex Woolridge,1.0,2025-04-09T04:12:53,,Neutral,Spending and Purchase,com.microsoft.familysafety,0.0,d4bce86e-cc29-4bb0-8148-7d189546a4e6,,0.0,0.0,0.0,,
fd411f792af960520f1559b4a27d1317,playstore,"most frustrating app on my phone. I have 3 kids with their own Microsoft computers. Different response for different accounts. For one account ""Lock device"" works and for another not, both age under 11. Sometimes you unlock the computer but the actual computer won't unlock until you physically do you with your parent password. I cannot say that Microsoft really cares about kids safety.",,Dalibor Kasicky,1.0,2025-04-08T23:09:28,,Positive,Devices,com.microsoft.familysafety,1.0,f29ef254-5b68-4f54-af84-41ccc0cdfa95,2.0.1.1046,0.11249999999999999,0.5053571428571428,0.11249999999999999,,
63c99474586e07e3509d191abca0b327,playstore,works really bad. blocks all kinds of functions that is hard to remove. Androids work better.,,Pierre Eklund,1.0,2025-04-07T16:28:10,,Negative,App Blocking,com.microsoft.familysafety,1.0,071001a2-a0c4-4923-b17b-f632f76f5f59,2.0.1.1046,-0.16388888888888883,0.5694444444444444,0.16388888888888883,,
d759bb33e0c78d9f8eef917b08dfcc13,playstore,very very slow ui,,Prateek Verma,3.0,2025-04-07T09:21:45,,Negative,App Performance,com.microsoft.familysafety,1.0,c074d9ae-3244-4d5a-b953-381e6a2f7213,2.0.1.1046,-0.39000000000000007,0.52,0.39000000000000007,,
ce00b4c0277fcebfcaafb88d4e1b790d,playstore,"Useful app but pretty clunky. It would be better if it were streamlined. I.E if you simply set a daily limit and unlock and lock time, then you could edit each day if you wanted to. Also its very annoying it puts the time to the nearest 30 minutes. for instance i want the screens locked until 7.15am, because that's when she should be ready for school, 7am is too early and 7.30am is too late for her to start. But despite giving me a full clock to select from it won't allow that. Clunky.",,Lucy Skelton,3.0,2025-04-07T07:30:48,,Neutral,Full Frustration,com.microsoft.familysafety,1.0,dc588e25-595a-4a72-84ad-ddf2dec7849a,2.0.1.1046,0.04000000000000001,0.4807142857142857,0.04000000000000001,,
6ae127ac499c9bc32050195bb6aeac77,playstore,it works well,,Robert Collins,5.0,2025-04-07T05:51:17,,Neutral,Others,com.microsoft.familysafety,0.0,93eebea6-a724-41b9-91e0-eb69b0de85b6,2.0.1.1046,0.0,0.0,0.0,,
ac64dc175d068e507594922d0ca3b55f,playstore,reducing to 3 stars as the app is very slow!!! A must feature to make sure the kids are not exploited and they are in parents vigilance and disciplined.,,Shiva Hr,3.0,2025-04-06T09:19:13,,Negative,App Performance,com.microsoft.familysafety,2.0,a24a1d65-599c-4a60-9c37-30c97ed852aa,2.0.1.1046,-0.13085937500000006,0.7044444444444444,0.13085937500000006,,
fa4a69016bc12d57c9a4ede8cb9d8184,playstore,"Great idea, but implementation is infintile!",,Wayne Prinsloo,1.0,2025-04-05T23:33:32,,Positive,Others,com.microsoft.familysafety,1.0,7a667ae4-2d89-4413-a440-f580ef44b447,2.0.1.1046,1.0,0.75,1.0,,
567bf19429ada633871d40bb155b0f1a,playstore,I'm an organizer and unable to remove myself from the family group. Says I need to remove consent but there is no option in app or website. This has been an ongoing issue for years. It's ridiculous you can't leave.,,A F,1.0,2025-04-05T21:53:50,,Negative,Parental Consent & Age Restriction,com.microsoft.familysafety,1.0,02ffdcb8-e691-4c96-9569-5112ce54e725,2.0.1.1046,-0.41666666666666663,0.75,0.41666666666666663,,
cfb6b86074ed8da7560bbf3a2e21293c,playstore,simple to use and does exactly what I need to manage my devices and accounts,,Sean,5.0,2025-04-05T00:28:52,,Positive,Devices,com.microsoft.familysafety,0.0,8540e41a-850d-4595-9245-5394052b98a8,2.0.1.1046,0.125,0.3035714285714286,0.125,,
db114dc08e9894a8d6a5a8a6f4c69e80,playstore,"App is poorly made, updates on the parents app take forever to reflect on the child's pc. Adding more time and unlocking pc features are broken. This app functions like an alpha build. Don't expect anything like Google family link!",,Venkata Krishna,1.0,2025-04-04T18:56:51,,Negative,Account Linking & Sharing,com.microsoft.familysafety,1.0,814d5294-d57d-4898-8ba5-b995483d48dc,2.0.1.1046,-0.13333333333333333,0.5,0.13333333333333333,,
b7a477468dfe2cd79aa30c569bb86137,playstore,"Microsoft Family Safety has been a game-changer for managing my kids' screen time. I love the granular control it offers, allowing me to set limits for specific apps and devices. The added flexibility to grant extra time when needed is fantastic, avoiding those frustrating 'but I'm almost done!' arguments. Highly recommend for parents looking for a balanced approach to digital safety.""",,Ferrin Rajan,5.0,2025-04-04T18:10:09,,Neutral,Screen Time,com.microsoft.familysafety,13.0,f6ada347-05ac-4a36-b640-0a2055416173,2.0.1.1046,0.0825,0.395625,0.0825,,
863e891fd719e4e809e311dacafc797a,playstore,"the new update is so confusing, you have to put in all the time for the week for the time it unlocks to the time shut off but the child can still use it in the morning, how does that benefit the child when parents are trying to place in boundaries when this stupid update allow them to make there own decisions so now my child doesn't go to school because this person on their phone.. so thanks for that as they are too tired to wake up.. maybe as a suggestion putting in info emails to everyone..",,Julie Bennett,1.0,2025-04-04T13:13:47,,Negative,Devices,com.microsoft.familysafety,1.0,9ab77d5b-eaf0-4180-a7c8-fbd8db7a23f1,,-0.09393939393939395,0.6257575757575758,0.09393939393939395,,
8b49299a61cd2780a50cbfded0dc99a9,playstore,app crashes immediately. won't open.,,Jim Becnel,1.0,2025-04-04T07:38:57,,Neutral,App Performance,com.microsoft.familysafety,0.0,bfaf7240-bd78-4443-b811-2723af6665e9,2.0.1.1046,0.0,0.5,0.0,,
5c81764303f106f7076997bd63ea6171,playstore,"what to do with the "" Too Many Requests"" error message.",,prem krishna karmi,1.0,2025-04-04T07:36:41,,Positive,Notifications & Alerts,com.microsoft.familysafety,0.0,d2094c77-c48b-4d5d-a966-14cbaf0bdc1b,2.0.1.1046,0.5,0.5,0.5,,
a3163c9cdf73e34d373c94efe7f24cb0,playstore,not sure what is going on the app is working apart from it won't allow me to access the mobile phone part on the user it's just spinning which isn't helpful iv3 uninstall and reinstalled if I turn of mobile reporting I can open it as soon as I turn it back on it goes back to spinning I've rebooted my phone nothing has fixed it help the fact this is the only way to get help also isn't helpful also bring back tthe full lock part as well,,jo jo jo jo,1.0,2025-04-04T04:00:41,,Neutral,Devices,com.microsoft.familysafety,0.0,d4b5946f-0cd6-4474-9bee-63009c0c6fb5,2.0.1.1046,0.024999999999999998,0.39236111111111105,0.024999999999999998,,
720c147b7636bbea5041154843296039,playstore,"***Why is this still unavailable on my Samsung S6 Lite tablet?*** The Microsoft Family Safety app is still unavailable on my Samsung S6 Lite tablet. Microsoft's has ignorantly asked me for logs from an app that I can't install because the play store says not available for the device. The logs don't exists. Also you don't need them, just add the device type to the list so it will install.",,Chris Fisher,1.0,2025-04-04T02:33:35,,Negative,Devices,com.microsoft.familysafety,0.0,eb96def5-4608-4d06-be67-f695c5451659,2.0.1.1046,-0.2,0.4,0.2,,
509bcec76fa83c0758a632c9a55fbcda,playstore,The app stays on white screen when openning. useless right now,,Francisco Aispuro,1.0,2025-04-04T00:19:19,,Negative,Full Frustration,com.microsoft.familysafety,0.0,5305b005-f555-4b68-afe2-7f23df231dc3,2.0.1.1046,-0.07142857142857144,0.24523809523809526,0.07142857142857144,,
2cda153cfb24c913f2cb84c6bc3368b9,playstore,The loading time is very poor. ☹️,,Manjula Sanjeewa,5.0,2025-04-03T20:55:28,,Negative,Others,com.microsoft.familysafety,0.0,8ebfff48-48e6-4e5b-9bac-c8ba357ceb18,2.0.1.1046,-0.52,0.78,0.52,,
a058ecbf4e6b8cd95acb2aac77585cd4,playstore,Your app doesn't show the balance on my son's account. I can only use the browser to keep track of my son's account,,Matt H,1.0,2025-04-03T08:35:28,,Neutral,Login & Account Issues,com.microsoft.familysafety,0.0,c17a69c1-2092-48eb-aa74-1cd87c9570a1,2.0.1.1046,0.0,1.0,0.0,,
11a31f6d2116dfbcb6c436299fc02d1e,playstore,"extremely frustrating app to use. It is generally not user friendly or it simply doesn't work! At the moment we are trying to accept a purchase, but it keeps saying the server is down. Many times when I receive a message to allow more time, I doesn't go through when I add minutes. Please Microsoft do something! It's as if you don't want us to use parental controls. Family link works so much better!",,Frédérique,1.0,2025-04-02T22:45:20,,Positive,Spending and Purchase,com.microsoft.familysafety,21.0,18f75333-42bd-4a44-8a63-b823ae746545,2.0.1.1046,0.19305555555555554,0.5057539682539682,0.19305555555555554,,
e00fc3b6e7f03822fdd6c1e71b4f2d3c,playstore,the app is utterly rubbish. MS make you use it for family and none of the services work. can't even authorise requests because the DNS server is down. totally useless and pathetic Microsoft.,,Alex Guy,1.0,2025-03-31T23:56:28,,Negative,Full Frustration,com.microsoft.familysafety,1.0,74f21f2f-1c75-4fe2-a0ef-4efd7ab21f2e,2.0.1.1046,-0.41388888888888886,0.6222222222222222,0.41388888888888886,,
5438e06e426e937f732bddcc5cb83f67,playstore,"Sadly, low functionality and not really offering much protection... 1. Now i-Phone or IOS tablet support 2. No website restrictions across IOS devices 3. No keyword search across IOS devices 4. No easy screentime setting or restriction on IOS devices",,Marius Grobler,1.0,2025-03-31T16:26:25,,Neutral,App Blocking,com.microsoft.familysafety,0.0,e4c55237-2dd7-4d4a-a93d-850df83f9e87,2.0.1.1046,-0.029166666666666667,0.3833333333333333,0.029166666666666667,,
4c1f4af24a772f0baedb57cc6a374dbf,playstore,"Pueden volver a poner la opción para bloquear el teléfono de los niños????? era la mejor característica de la app, ahora no me sirve para nada.",,Florencia Minnucci,1.0,2025-03-31T14:28:58,,Neutral,Others,com.microsoft.familysafety,0.0,c663f209-a357-4aed-b0bd-4d1d9dab02f9,2.0.1.1046,0.0,0.0,0.0,,
b98da8ca39b382b9514a805843f0db20,playstore,This app doesn't work properly. Requests for extra time often have to be sent through several times as acceptance to extend time don't seem to come through consistently on Windows laptop. It will also tell the client laptop there isn't much time left when the app shows that there is still time. Changes put through in the app sometimes don't get executed on my child's laptop. Overall a poorly made app from Microsoft.,,Jean Pierre JP,2.0,2025-03-31T12:06:49,,Neutral,Approval & Permissions,com.microsoft.familysafety,4.0,2480f219-714d-47d4-8d4a-5f008754f5bb,2.0.1.1046,0.006249999999999999,0.15625,0.006249999999999999,,
f9d37b3974a6a8ca3ceb7c6c74611bbc,playstore,"Been 'using' this App since 2023. App will limit time, but it does not update the device in a timely manner, causing stressful situations. Microsoft, do not ask for logs. There are enough neg reviews the issues are repeatable. Fix it.",,A N,1.0,2025-03-30T11:51:18,,Neutral,Devices,com.microsoft.familysafety,0.0,b6f3029e-d105-4863-950a-65509c363536,2.0.1.1046,0.0,0.5,0.0,,
7b1221d9617322f9dfcc8e0f2258a26f,playstore,"Kid sends request for more time, adult approves and nothing happens. Also only shows kids been on device for 20min during the week. I know that's not correct",,Heather Sharp,1.0,2025-03-30T00:02:08,,Positive,Devices,com.microsoft.familysafety,1.0,e9cd8049-3cb4-4215-83b4-2979dd6695af,2.0.1.1046,0.19999999999999998,0.6,0.19999999999999998,,
d1419d9f7277045b3faabce29d4f0ecd,playstore,"Great family administration tool for the Microsoft ecosystem. Does the job with good features especially if using Windows on a range of devices (PCs, laptops, phones etc.).",,Basil D'Costa,5.0,2025-03-29T14:14:50,,Positive,Devices,com.microsoft.familysafety,2.0,28191f96-62f9-425a-bb1a-a27a34dbf337,2.0.1.1046,0.5,0.7833333333333333,0.5,,
fbeb82cffe7e3f0230e93870e63f821b,playstore,would be great if I could change the pin in the app and remove games in the app,,V,3.0,2025-03-29T13:08:48,,Positive,Game & Xbox Integration,com.microsoft.familysafety,0.0,962d012b-bbea-4bf4-8258-134c77f00205,2.0.1.1046,0.8,0.75,0.8,,
959fc973a362d28881d2ec2172b0f198,playstore,useful but too slow,,MMZA,1.0,2025-03-29T10:50:23,,Neutral,App Performance,com.microsoft.familysafety,1.0,590f309e-adbf-42bb-8580-0cdecb9be76d,2.0.1.1046,-2.7755575615628914e-17,0.19999999999999998,2.7755575615628914e-17,,
ba7b7efec86a53604e94f52e8b0295a1,playstore,can't add websites to allow list. app crashes,,Cade Michaels,1.0,2025-03-29T09:33:24,,Neutral,App Performance,com.microsoft.familysafety,0.0,ca0e30fe-d069-409e-bd5d-1c1f134d3bd1,2.0.1.1046,0.0,0.0,0.0,,
0e82d529e617083898314efccf58344a,playstore,"Latest version crashes when I try to add any new website in the allowed websites dialogue. ""Lock Device"" doesn't work. The support 'chat' icon is a dead link. Developers didn't fix anything despite several emails back and forth. A recent Edge update on the PC unlinked the family safety and my kid had absolute free rein of the internet. How can updates of your other products break the so-called ""family safety""? I really expect more from Microsoft.",,M Smith (Martyninoz),1.0,2025-03-28T10:41:46,,Positive,Devices,com.microsoft.familysafety,1.0,f08a0a7f-1a98-4d11-a027-48f8364386a6,2.0.1.1046,0.1464876033057851,0.43450413223140494,0.1464876033057851,,
7369c954340179beeb43edf27779f5f1,playstore,terrible. I approved my kids' requests visiting web sites but the website still blocked within a few minutes. Too slow is useless.,,CT L (Anonymous),1.0,2025-03-27T05:14:05,,Negative,App Blocking,com.microsoft.familysafety,1.0,d9c747b7-ab0f-4dd3-9bf0-937e810133ba,2.0.1.1046,-0.5,0.425,0.5,,
85a0fe8ad647d9c3af450b48f8cdce31,playstore,I havent got to use this yet due to the background application of A different engine but looks thoroughly set in literature and safety with My email and keys for my phone and such. I plan to use it on desktop and often to use on my mobile hand held device,,Vernon C. Powell Jr.,4.0,2025-03-26T16:22:06,,Neutral,Devices,com.microsoft.familysafety,0.0,e7e1ae40-2936-4187-8023-595d34521365,2.0.1.1046,-0.041666666666666664,0.4916666666666667,0.041666666666666664,,
fbf71bc5a334b58dad100892d8e01ad6,playstore,great,,Angela Tafoya,5.0,2025-03-25T23:43:57,,Positive,Others,com.microsoft.familysafety,0.0,af1cd9bf-0343-41b3-9874-2dd8f3e28fde,2.0.1.1046,0.8,0.75,0.8,,
a8f3d02db117c0447aaa35f7ffac7764,playstore,"screen time is a new drug - for this reason this app must be needed ! 🆘 Serious Problem - ⚠️ As this is an essential app - it needs a vital update -> each time I perform a step (back or open some option) shows loading screen or loading under each option section , very annoying and difficult to use ! (Looks like a ""web app""! is it?) &) Not so important but not fit with the windows 11 look and feel !",,Rick Chakraborty,2.0,2025-03-24T22:27:41,,Negative,Screen Time,com.microsoft.familysafety,1.0,535694c4-4e93-4095-a13e-64cbb57878bf,2.0.1.1046,-0.1694128787878788,0.5721212121212121,0.1694128787878788,,
1c1f623960c75730a04a8560c961614f,playstore,"Unfit for purpose: children can log themselves out, thus bypassing any safety and security features.",,James McNaughton-Brown,1.0,2025-03-24T18:03:00,,Neutral,Bypass & Circumvention,com.microsoft.familysafety,1.0,64b0e065-5d47-4764-a72d-d9108bc9b731,2.0.1.1046,0.0,0.0,0.0,,
fd0e40fd43975f78da8be7f44e003c91,playstore,"On the initial setup it took around 36 hours until the device was visible in the family-app. Besides that, the app works like a charm and does what it advertises.",,David nirschl,4.0,2025-03-23T14:40:25,,Neutral,Devices,com.microsoft.familysafety,0.0,d1c3f5a7-eb83-4649-b730-e3775da7d26a,2.0.1.1046,0.0,0.0,0.0,,
7ae1689834c6c16f76113efa7f6565be,playstore,"Most difficult app. Nothing works logically. Sending invite to join my family member, when she clicks the invite, message pops up that you are already a member. but on my side her invite is still pending. tried multiple ways to accept that but same result. Frustrating.",,Maf Eagle's,1.0,2025-03-23T06:58:52,,Neutral,Notifications & Alerts,com.microsoft.familysafety,1.0,fd570bb3-120c-45f5-98bf-edac9c0c5e1f,2.0.1.1046,-0.025000000000000005,0.46249999999999997,0.025000000000000005,,
ce75b973d6658b840556711580052f8b,playstore,Time limits don't work so you can't restrict how long the kids are using the device. What's the point of time limits if they don't work?,,Richard Dodd,1.0,2025-03-22T01:41:31,,Neutral,Screen Time,com.microsoft.familysafety,1.0,962c562a-4f08-426e-a5dc-91b8a70c3216,2.0.1.1046,-0.05,0.4,0.05,,
10a325eb02fed09ce84a6f31cb0d8a34,playstore,"Pretty worthless. It won't even allow you to see how much screentime your own account has used. I'd like to set a pin on my own account.... can't find the option anywhere. I'd like to see how much time my account is being used for on certain devices... specifically not a possibility on this app. Microsoft assumes 13 year olds are mature and experienced enough to stay out of trouble online. So... I'm sure it's fine. This app is a waste of my device storage, though.",,Janae Castell,1.0,2025-03-21T21:20:22,,Positive,Devices,com.microsoft.familysafety,4.0,352deb54-fcc4-486b-b5c1-6fcc49cf4556,2.0.1.1046,0.19149659863945576,0.5685941043083901,0.19149659863945576,,
b9b33552473b8627207bed86046acc19,playstore,"Great for Microsoft's stuff, and if you care what your children are doing on the computers. Use it wisely, and you will see what the little ones are getting from the Internet when Microsoft is watching! Everything is tracked by the routers and digital communication devices anyways, so take advantage of getting the information yourself! Why wouldn't you want to know? What are the kids doing? Where did they pick up that idea? What about the future, and the next generation of kind people?",,Joe Meloche,5.0,2025-03-21T00:06:09,,Positive,Devices,com.microsoft.familysafety,3.0,b8aff3c7-b6e9-4f43-ba53-52f7b65a0c7c,2.0.1.1046,0.26651785714285714,0.45357142857142857,0.26651785714285714,,
b3719d205a184e36a1aeb6952e1b74ae,playstore,"Please fix issues with adding money to child account. The 'add money to account' page has to be selected and closed several times before it works. Once getting to the point I can make the transaction I get an error message that there was a problem with the transaction. I re-ran the transaction only to find out that the first one did go through, there wasn't an error.",,Andrea Adam,3.0,2025-03-20T06:19:04,,Neutral,Notifications & Alerts,com.microsoft.familysafety,6.0,47bea19d-d17a-4f5f-982b-d76d1db4c0c0,2.0.1.1046,0.0375,0.35833333333333334,0.0375,,
01ca6c2f29b901bccd0f3d6f5e5da7cd,rss,"<a href=""https://news.google.com/rss/articles/CBMimwFBVV95cUxPQXdEUDRqWkM5QUwxa2o2c092QWJ6cmpfT0MwLTdqOEpGMWRLQVMzYmZNRUhRaEJLV2cyWEg1UG4zRTVuVlI4bmJMRTIzb1Q4REluTFlXdDlLRFVuZjVUQnkwVFp6ci1IQ0Ftb3pmYTQ3dkNVakpPeUctMGo1TnZINEYtX0xFcVhUZnhnYnExbUhFdndxRjZCNGhHOA?oc=5"" target=""_blank"">How to set up Windows parental controls</a>&nbsp;&nbsp;<font color=""#6f6f6f"">Microsoft</font>",How to set up Windows parental controls - Microsoft,,,2025-09-09T13:38:01,https://news.google.com/rss/articles/CBMimwFBVV95cUxPQXdEUDRqWkM5QUwxa2o2c092QWJ6cmpfT0MwLTdqOEpGMWRLQVMzYmZNRUhRaEJLV2cyWEg1UG4zRTVuVlI4bmJMRTIzb1Q4REluTFlXdDlLRFVuZjVUQnkwVFp6ci1IQ0Ftb3pmYTQ3dkNVakpPeUctMGo1TnZINEYtX0xFcVhUZnhnYnExbUhFdndxRjZCNGhHOA?oc=5,Neutral,Others,,,,,0.0,0.0,0.0,"https://news.google.com/rss/search?q=""Microsoft+Family+Safety""&hl=en-IN&gl=IN&ceid=IN:en","Tue, 09 Sep 2025 13:38:01 GMT"
9d1e47122b307ccee836bdaa0f8d23a2,rss,"<a href=""https://news.google.com/rss/articles/CBMijAFBVV95cUxNYTg2Sk5QN09WM25BcW5lVml4UktKQlpIam56Y1M5VFd3VWlsazVxOWdhQkJfWnlDNEpfMVZtV1FWandocTFtckNwYmZnY04wdk5BeUJxS2ZiV29HLWE1TlRRRUVGRm1NZGQ5ZUtEU3kyRGk4MXFXNWFmUVY3bkVVZzhYZEU0TG9hVzJ6TA?oc=5"" target=""_blank"">Microsoft family safety blocks Google Chrome on Windows 11</a>&nbsp;&nbsp;<font color=""#6f6f6f"">Digital Watch Observatory</font>",Microsoft family safety blocks Google Chrome on Windows 11 - Digital Watch Observatory,,,2025-06-26T07:00:00,https://news.google.com/rss/articles/CBMijAFBVV95cUxNYTg2Sk5QN09WM25BcW5lVml4UktKQlpIam56Y1M5VFd3VWlsazVxOWdhQkJfWnlDNEpfMVZtV1FWandocTFtckNwYmZnY04wdk5BeUJxS2ZiV29HLWE1TlRRRUVGRm1NZGQ5ZUtEU3kyRGk4MXFXNWFmUVY3bkVVZzhYZEU0TG9hVzJ6TA?oc=5,Neutral,App Blocking,,,,,0.0,0.0,0.0,"https://news.google.com/rss/search?q=""Microsoft+Family+Safety""&hl=en-IN&gl=IN&ceid=IN:en","Thu, 26 Jun 2025 07:00:00 GMT"
e0dfa982844293229a529643584424e2,rss,"<a href=""https://news.google.com/rss/articles/CBMiuAFBVV95cUxPQmxxQnRDRXprU2hNLVpfTVp0bGJFSFNfeWpyelJmUU9hYVB0cGVnTGtTa0FTLWtmNGhlaXFhVjBnM2VRVE85aEI2NjAyWnpyVFdhY0xfa2c2dTIxVWs0cDRoUXVCTFdVWVM5OGs3VUM2SHdIOHlGWFE0bmNLSW9oQm1uNVN5dzA4ZjFDNmVHbjlPdS1JN0ZjRXJGSzdYR0pJQnhKTVVITVd6YllERUxrUDRpNmV1S2M40gG-AUFVX3lxTE53bWpxZDBjM0RPR25Ma0VUY09USGw0NS1IYWlHd3dfb2UwT2JDUlVHa2QxUHZlRkhlYUpPMlN5azRsTF9OampLRXhVQUppSFZuaTdOX1JxclhyR294OWVaM3VpTUNPLU5ELVdraS1xaTFXRVUzTHNaOElRaXBBU0tLRkh4SldZTko5dFBmUU5LdXVjLWFNY3FzQVY4bzhaT2dERTJZc3JHN0trVDk3eDNxR1ZqaHJhclFVTjg2TkE?oc=5"" target=""_blank"">Microsoft confirms Family Safety blocks Google Chrome from launching</a>&nbsp;&nbsp;<font color=""#6f6f6f"">BleepingComputer</font>",Microsoft confirms Family Safety blocks Google Chrome from launching - BleepingComputer,,,2025-06-26T07:00:00,https://news.google.com/rss/articles/CBMiuAFBVV95cUxPQmxxQnRDRXprU2hNLVpfTVp0bGJFSFNfeWpyelJmUU9hYVB0cGVnTGtTa0FTLWtmNGhlaXFhVjBnM2VRVE85aEI2NjAyWnpyVFdhY0xfa2c2dTIxVWs0cDRoUXVCTFdVWVM5OGs3VUM2SHdIOHlGWFE0bmNLSW9oQm1uNVN5dzA4ZjFDNmVHbjlPdS1JN0ZjRXJGSzdYR0pJQnhKTVVITVd6YllERUxrUDRpNmV1S2M40gG-AUFVX3lxTE53bWpxZDBjM0RPR25Ma0VUY09USGw0NS1IYWlHd3dfb2UwT2JDUlVHa2QxUHZlRkhlYUpPMlN5azRsTF9OampLRXhVQUppSFZuaTdOX1JxclhyR294OWVaM3VpTUNPLU5ELVdraS1xaTFXRVUzTHNaOElRaXBBU0tLRkh4SldZTko5dFBmUU5LdXVjLWFNY3FzQVY4bzhaT2dERTJZc3JHN0trVDk3eDNxR1ZqaHJhclFVTjg2TkE?oc=5,Neutral,App Blocking,,,,,0.0,0.0,0.0,"https://news.google.com/rss/search?q=""Microsoft+Family+Safety""&hl=en-IN&gl=IN&ceid=IN:en","Thu, 26 Jun 2025 07:00:00 GMT"
7f9c59bb6ba9da7edbd299f68d5b73ac,rss,"<a href=""https://news.google.com/rss/articles/CBMiW0FVX3lxTE8wMFBuT21XbFg5T3h2VkdJTUNWNFJIcFdDa05MMFRHem8zQ0JQcVU5b2xNbWZoaWtzM2J6Tmp5S2FqOHVnZ1YwYm1KV1kzaThDcS1aSy1uZHhWZ28?oc=5"" target=""_blank"">Microsoft Family Safety Blocks All Versions of Google Chrome</a>&nbsp;&nbsp;<font color=""#6f6f6f"">Cyber Press</font>",Microsoft Family Safety Blocks All Versions of Google Chrome - Cyber Press,,,2025-06-23T07:00:00,https://news.google.com/rss/articles/CBMiW0FVX3lxTE8wMFBuT21XbFg5T3h2VkdJTUNWNFJIcFdDa05MMFRHem8zQ0JQcVU5b2xNbWZoaWtzM2J6Tmp5S2FqOHVnZ1YwYm1KV1kzaThDcS1aSy1uZHhWZ28?oc=5,Neutral,App Blocking,,,,,0.0,0.0,0.0,"https://news.google.com/rss/search?q=""Microsoft+Family+Safety""&hl=en-IN&gl=IN&ceid=IN:en","Mon, 23 Jun 2025 07:00:00 GMT"
c36e38eab916a38153a0095d85e3a369,rss,"<a href=""https://news.google.com/rss/articles/CBMirgFBVV95cUxNVWZ2WHlCVy1MTXZuVWJVM3pMbV9hcEtialZYT1RwWGJGbkdCS2ZHRmZGc1RIczlHTlcyRFJmQ3ItOWN1LWVhRXIzempGWXdOMkpKOGx4ZG0xLVdDak5HOUctOEpaNEhtRHVyQmExeW11Y01tbTQxc1YyZmtWLVlmY1JWR3p3ejJ1UTNYSEVlbE5HRnVkdjQtY1JfendKZDVCS29ZMkhLY2Z6dXVXeFE?oc=5"" target=""_blank"">Microsoft's Family Safety Feature Is Blocking Chrome: Here's the Workaround</a>&nbsp;&nbsp;<font color=""#6f6f6f"">CNET</font>",Microsoft's Family Safety Feature Is Blocking Chrome: Here's the Workaround - CNET,,,2025-06-20T07:00:00,https://news.google.com/rss/articles/CBMirgFBVV95cUxNVWZ2WHlCVy1MTXZuVWJVM3pMbV9hcEtialZYT1RwWGJGbkdCS2ZHRmZGc1RIczlHTlcyRFJmQ3ItOWN1LWVhRXIzempGWXdOMkpKOGx4ZG0xLVdDak5HOUctOEpaNEhtRHVyQmExeW11Y01tbTQxc1YyZmtWLVlmY1JWR3p3ejJ1UTNYSEVlbE5HRnVkdjQtY1JfendKZDVCS29ZMkhLY2Z6dXVXeFE?oc=5,Neutral,App Blocking,,,,,0.0,0.0,0.0,"https://news.google.com/rss/search?q=""Microsoft+Family+Safety""&hl=en-IN&gl=IN&ceid=IN:en","Fri, 20 Jun 2025 07:00:00 GMT"
662da56b5a61254018204b80ee4539be,rss,"<a href=""https://news.google.com/rss/articles/CBMifEFVX3lxTE1Gdll5VFQzdW9jNk9ZTXBCdFhINHIzUHNxa1FpTWZmTC1mLUNHWW84SXNMWHpCNFZoeUVCM0FyVkstVjh3ZktMRXEzRUtKMDhKQ19BQ1lTZVQ2bFJEamtKOWdoUWtOS2pqZ1ZaTndsZnhHU0ZjZUliZ0V0NnM?oc=5"" target=""_blank"">Microsoft Family Safety Now Blocking All Versions of Google Chrome</a>&nbsp;&nbsp;<font color=""#6f6f6f"">GBHackers News</font>",Microsoft Family Safety Now Blocking All Versions of Google Chrome - GBHackers News,,,2025-06-23T07:00:00,https://news.google.com/rss/articles/CBMifEFVX3lxTE1Gdll5VFQzdW9jNk9ZTXBCdFhINHIzUHNxa1FpTWZmTC1mLUNHWW84SXNMWHpCNFZoeUVCM0FyVkstVjh3ZktMRXEzRUtKMDhKQ19BQ1lTZVQ2bFJEamtKOWdoUWtOS2pqZ1ZaTndsZnhHU0ZjZUliZ0V0NnM?oc=5,Neutral,App Blocking,,,,,0.0,0.0,0.0,"https://news.google.com/rss/search?q=""Microsoft+Family+Safety""&hl=en-IN&gl=IN&ceid=IN:en","Mon, 23 Jun 2025 07:00:00 GMT"
49267770ed617967065667d8f3867362,rss,"<a href=""https://news.google.com/rss/articles/CBMikgFBVV95cUxPUjhEVUFEaGFKaXJnMTNIZUFiSDZqN1JpUWZSd3ctUG1LVmU0bTMwZ0MxZDY2cS1IdFFES1NEWmpreU4xNzVNaFVFWk9wUVhPWFZ5LXc3SG9ocUxnMnpWUERXZ0dIaHpkUFFQNnJNUm5yaEdadVBwNHB0MXZzdnk5eXpYRkYwajVqY0t3LVUtUkRxQQ?oc=5"" target=""_blank"">Microsoft is blocking Google Chrome through its family safety feature</a>&nbsp;&nbsp;<font color=""#6f6f6f"">The Verge</font>",Microsoft is blocking Google Chrome through its family safety feature - The Verge,,,2025-06-20T07:00:00,https://news.google.com/rss/articles/CBMikgFBVV95cUxPUjhEVUFEaGFKaXJnMTNIZUFiSDZqN1JpUWZSd3ctUG1LVmU0bTMwZ0MxZDY2cS1IdFFES1NEWmpreU4xNzVNaFVFWk9wUVhPWFZ5LXc3SG9ocUxnMnpWUERXZ0dIaHpkUFFQNnJNUm5yaEdadVBwNHB0MXZzdnk5eXpYRkYwajVqY0t3LVUtUkRxQQ?oc=5,Neutral,App Blocking,,,,,0.0,0.0,0.0,"https://news.google.com/rss/search?q=""Microsoft+Family+Safety""&hl=en-IN&gl=IN&ceid=IN:en","Fri, 20 Jun 2025 07:00:00 GMT"
f603472f0089eb533421f3acbdd625d1,rss,"<a href=""https://news.google.com/rss/articles/CBMi7AFBVV95cUxNNll6YUgtYXRxVktpRm1tZzdlOTkyQnhwRTUxZFUzNVlYTGZibGlyUVpoLVlDTUpPMEZCTVJ5bW9PZUZtWE95YTVGb1BQOXRrTkZMZTNLdkpZOTdYWmRQUFFRRGF4Z2R1TE9hdVJVYVZRUWhTLUZBSGN1VS1XLWJfcUgzbVVmUlVyLXNmTU1NeW9pR0VTSzI1T0N4WTQ5Wnp1dHFZTDlrd1hPWnExRUdJZnBOYVhXY1lNNGhPdWwwSGo3QVRJYUFPVDMwZlVkS18xMDdoN3p0MzJ4OGJnTTRnS3Z4RnZMT2M4V2dIcQ?oc=5"" target=""_blank"">Microsoft is blocking Google Chrome in the name of family safety — but this time it actually makes sense</a>&nbsp;&nbsp;<font color=""#6f6f6f"">Windows Central</font>",Microsoft is blocking Google Chrome in the name of family safety — but this time it actually makes sense - Windows Central,,,2025-06-21T07:00:00,https://news.google.com/rss/articles/CBMi7AFBVV95cUxNNll6YUgtYXRxVktpRm1tZzdlOTkyQnhwRTUxZFUzNVlYTGZibGlyUVpoLVlDTUpPMEZCTVJ5bW9PZUZtWE95YTVGb1BQOXRrTkZMZTNLdkpZOTdYWmRQUFFRRGF4Z2R1TE9hdVJVYVZRUWhTLUZBSGN1VS1XLWJfcUgzbVVmUlVyLXNmTU1NeW9pR0VTSzI1T0N4WTQ5Wnp1dHFZTDlrd1hPWnExRUdJZnBOYVhXY1lNNGhPdWwwSGo3QVRJYUFPVDMwZlVkS18xMDdoN3p0MzJ4OGJnTTRnS3Z4RnZMT2M4V2dIcQ?oc=5,Neutral,App Blocking,,,,,0.0,0.05,0.0,"https://news.google.com/rss/search?q=""Microsoft+Family+Safety""&hl=en-IN&gl=IN&ceid=IN:en","Sat, 21 Jun 2025 07:00:00 GMT"
6b1fc44ee82df2ecdcfac7def101e8c0,rss,"<a href=""https://news.google.com/rss/articles/CBMirAFBVV95cUxNZlcxUC1SUFVPanlHX2xISm9NSVp4X1htMmNsSi04OU5fNTVtUlZzclo4OUFyYlJWVnZmZGNNd2NlSXRfdGJiSHAxWEo5QVozUElBQklsU1BGWHE0Q21hNkhpZ3RSeUo2dHNnNUZMVFY2Q2FvalgtU2tySHBHN29aQ3dkQ0s4WGJldnZZZUVCcXJCXzNlb3RXaXhHT1B6dXg0QWdsVEZJNUM3TUdM0gGyAUFVX3lxTE1LR2RBS1FYVi01RFN6RFU3TU0yWlhfOVJSZTBycTFjZ2ZCLThrN09RZGtIMWRLaUJMWXc5UGJ3UHV0bjQ1V2QzTWtUTXd2cGJMbVlvckl6dVgxUGQtczM4NDlnZUhFRks4VUd6WXZ5MHcxY2NBM1QyOHFzd1lhY3dvdURnQ2hIR3Z1RmZ6WTlQTWJWSnNDR3VkV1pMNHR6Tm5SR3hUd2o5YlE0MEgyVG1OYXc?oc=5"" target=""_blank"">Microsoft Family Safety is blocking Google Chrome, but there's a workaround</a>&nbsp;&nbsp;<font color=""#6f6f6f"">gHacks Technology News</font>","Microsoft Family Safety is blocking Google Chrome, but there's a workaround - gHacks Technology News",,,2025-06-23T07:00:00,https://news.google.com/rss/articles/CBMirAFBVV95cUxNZlcxUC1SUFVPanlHX2xISm9NSVp4X1htMmNsSi04OU5fNTVtUlZzclo4OUFyYlJWVnZmZGNNd2NlSXRfdGJiSHAxWEo5QVozUElBQklsU1BGWHE0Q21hNkhpZ3RSeUo2dHNnNUZMVFY2Q2FvalgtU2tySHBHN29aQ3dkQ0s4WGJldnZZZUVCcXJCXzNlb3RXaXhHT1B6dXg0QWdsVEZJNUM3TUdM0gGyAUFVX3lxTE1LR2RBS1FYVi01RFN6RFU3TU0yWlhfOVJSZTBycTFjZ2ZCLThrN09RZGtIMWRLaUJMWXc5UGJ3UHV0bjQ1V2QzTWtUTXd2cGJMbVlvckl6dVgxUGQtczM4NDlnZUhFRks4VUd6WXZ5MHcxY2NBM1QyOHFzd1lhY3dvdURnQ2hIR3Z1RmZ6WTlQTWJWSnNDR3VkV1pMNHR6Tm5SR3hUd2o5YlE0MEgyVG1OYXc?oc=5,Neutral,App Blocking,,,,,0.0,0.0,0.0,"https://news.google.com/rss/search?q=""Microsoft+Family+Safety""&hl=en-IN&gl=IN&ceid=IN:en","Mon, 23 Jun 2025 07:00:00 GMT"
a206b7e8c36c6aba7994d52979d30aa1,rss,"<a href=""https://news.google.com/rss/articles/CBMiiwFBVV95cUxQMGEzWjVGNEZIeURtOUNxQnFfR3RheXhKeVlxbG93YlpTWHJKRlhXemduWDFvNi0tZXZ3N1BNMTRTWUlobFNUbDV4Y1lCdVZxbVI1dGUwbmUwbW43Nmd4NG1TbFp5RUl5Y0JvcDd0dHVVQ0tXdUFZT0tsVlFnZFJEc2NycVVuQU9fMlpN?oc=5"" target=""_blank"">Microsoft Family Safety parental control software review</a>&nbsp;&nbsp;<font color=""#6f6f6f"">TechRadar</font>",Microsoft Family Safety parental control software review - TechRadar,,,2025-07-02T07:00:00,https://news.google.com/rss/articles/CBMiiwFBVV95cUxQMGEzWjVGNEZIeURtOUNxQnFfR3RheXhKeVlxbG93YlpTWHJKRlhXemduWDFvNi0tZXZ3N1BNMTRTWUlobFNUbDV4Y1lCdVZxbVI1dGUwbmUwbW43Nmd4NG1TbFp5RUl5Y0JvcDd0dHVVQ0tXdUFZT0tsVlFnZFJEc2NycVVuQU9fMlpN?oc=5,Neutral,Others,,,,,0.0,0.0,0.0,"https://news.google.com/rss/search?q=""Microsoft+Family+Safety""&hl=en-IN&gl=IN&ceid=IN:en","Wed, 02 Jul 2025 07:00:00 GMT"
ebdc0977392c0e04954e59cc541cb81e,rss,"<a href=""https://news.google.com/rss/articles/CBMid0FVX3lxTE01NnJob29iTzcxNlVCRW9NUVRjSUdhN0JkcmNMTDBJQUVIa3pvd3oxbVdFZFJzYlV2Qm5vNkRXZkNtZ0F3WnU5dWlPQlpMcUJEa1pYTjNwaGtRUERxWlVObHZ0ZjFqWHNkck9PcklNSkNlR25WMkpN0gF8QVVfeXFMTmo1Uy05b2RmOUFBOVVZMk9RTXZWY1lFc0FCZFVrSWVVV2gycTY2dFVXVC04WVhaTk5LLXotX1l5cnV5bmdaMDhCeTR0bGdIRWNYRkJuTjI2UW5wcDNSMUc3ekxEU2hrd2tDbU1KOFgtcmZTN05wVXlWekNORg?oc=5"" target=""_blank"">Microsoft Family Safety Blocking All the Version of Chrome Browsers</a>&nbsp;&nbsp;<font color=""#6f6f6f"">CybersecurityNews</font>",Microsoft Family Safety Blocking All the Version of Chrome Browsers - CybersecurityNews,,,2025-06-23T07:00:00,https://news.google.com/rss/articles/CBMid0FVX3lxTE01NnJob29iTzcxNlVCRW9NUVRjSUdhN0JkcmNMTDBJQUVIa3pvd3oxbVdFZFJzYlV2Qm5vNkRXZkNtZ0F3WnU5dWlPQlpMcUJEa1pYTjNwaGtRUERxWlVObHZ0ZjFqWHNkck9PcklNSkNlR25WMkpN0gF8QVVfeXFMTmo1Uy05b2RmOUFBOVVZMk9RTXZWY1lFc0FCZFVrSWVVV2gycTY2dFVXVC04WVhaTk5LLXotX1l5cnV5bmdaMDhCeTR0bGdIRWNYRkJuTjI2UW5wcDNSMUc3ekxEU2hrd2tDbU1KOFgtcmZTN05wVXlWekNORg?oc=5,Neutral,App Blocking,,,,,0.0,0.0,0.0,"https://news.google.com/rss/search?q=""Microsoft+Family+Safety""&hl=en-IN&gl=IN&ceid=IN:en","Mon, 23 Jun 2025 07:00:00 GMT"
f80c7906b4a35e53ad3fc58321f3c333,rss,"<a href=""https://news.google.com/rss/articles/CBMiiwFBVV95cUxON3BzNkUxV3c2dW9Vck12aG1TSlgyeTQzQkd3Y0k0Q2Jwa3RWRlpOWE5ZVS1zMy0tOWRwMS1VYkRmYzJjb0pWVnhwOVJLQWVyNnlsTkRhemd1SVdjVFh2Qm9Pb0xfbXJFVU5zaktZWjliY0R5TkJWTnBockphSVFZdEJyMGdpVU1ISnFJ?oc=5"" target=""_blank"">How to Fix Microsoft Family Safety Blocking Google Chrome on Windows</a>&nbsp;&nbsp;<font color=""#6f6f6f"">Make Tech Easier</font>",How to Fix Microsoft Family Safety Blocking Google Chrome on Windows - Make Tech Easier,,,2025-06-24T07:00:00,https://news.google.com/rss/articles/CBMiiwFBVV95cUxON3BzNkUxV3c2dW9Vck12aG1TSlgyeTQzQkd3Y0k0Q2Jwa3RWRlpOWE5ZVS1zMy0tOWRwMS1VYkRmYzJjb0pWVnhwOVJLQWVyNnlsTkRhemd1SVdjVFh2Qm9Pb0xfbXJFVU5zaktZWjliY0R5TkJWTnBockphSVFZdEJyMGdpVU1ISnFJ?oc=5,Neutral,App Blocking,,,,,0.0,0.0,0.0,"https://news.google.com/rss/search?q=""Microsoft+Family+Safety""&hl=en-IN&gl=IN&ceid=IN:en","Tue, 24 Jun 2025 07:00:00 GMT"
f73a93b4c0d7d122c75db562ada40182,rss,"<a href=""https://news.google.com/rss/articles/CBMiqwFBVV95cUxNS1NxN0E0OTFkeC1oSVlxNGpVOE14WURiZTR2ZW1HRU1aRThDOEdKODFHRktvaURwWW12ZWdtR2VYeVBlS2tFVlVDRnAwOVhtVzREcmRqTkVBamhKclQwLUlLczhIUTBBWGFIVDk2RHJlSDhHU0RaUWlZeDBjdWJ0NXRneWhUcmhEU0oxMFRQcHJCUWNfZ0FQOW54T0FfY2Y1bW5vM05tODJtZkE?oc=5"" target=""_blank"">Microsoft’s Family Safety app is blocking Chrome on Windows PCs</a>&nbsp;&nbsp;<font color=""#6f6f6f"">PCWorld</font>",Microsoft’s Family Safety app is blocking Chrome on Windows PCs - PCWorld,,,2025-06-20T07:00:00,https://news.google.com/rss/articles/CBMiqwFBVV95cUxNS1NxN0E0OTFkeC1oSVlxNGpVOE14WURiZTR2ZW1HRU1aRThDOEdKODFHRktvaURwWW12ZWdtR2VYeVBlS2tFVlVDRnAwOVhtVzREcmRqTkVBamhKclQwLUlLczhIUTBBWGFIVDk2RHJlSDhHU0RaUWlZeDBjdWJ0NXRneWhUcmhEU0oxMFRQcHJCUWNfZ0FQOW54T0FfY2Y1bW5vM05tODJtZkE?oc=5,Neutral,App Blocking,,,,,0.0,0.0,0.0,"https://news.google.com/rss/search?q=""Microsoft+Family+Safety""&hl=en-IN&gl=IN&ceid=IN:en","Fri, 20 Jun 2025 07:00:00 GMT"
88a33a2b164c768678835a7eccf459c3,rss,"<a href=""https://news.google.com/rss/articles/CBMi4AFBVV95cUxPeWNIcHlJdEFWaUxjU1RSZWVKUnJyV1N6aWNna3A4Y0lHdDQyb0VUcmtJNVotMmF6Yzg5emNWVHMtNUttVDFTSDlOUWg5RC0wRzdjYV9qQ0FLMUZwclJ0Y2xwY2stV0hoUkpLYUpVbFZKOTE2SkNoblU4OVJJSHlqYUdPUjhzRjkxTjBvVHpqM210c0ZvTXVWT1RlMUtQbzJYaVFhcHFVVWhQQWlsRFVDLWFTV3NXbG4tTTlWbHpmSVpQWHZmeTF4cHpxQ08wckFRQ2ZzMzNpandqUlBYa1Baa9IB5gFBVV95cUxQOWM1NzNxbVh0VGhtendoeF9ab2dWS1d0VlRicUQycEZIREdtTGpMNWNLeTR1UlJtVHJqaEFUUUhBdDI4R0hzRk1xcFd5c0RHcWVjUldOSEtwQnlUSXNBOE02VGFMa0N2cjVMNGtBeWF0VzdaMjVUdmNGN3dIX2swV084ZEw2Z0lJMWQ0c1FrNGZKSzVOeUkzOVlLa0ZnSWZFMVdUQlpTVGxJVnhvZkRpNVZhb2NyRWhQRGQyOVc3My1NS0R0YzhiTUtQRlVnRXpoNGktUjRxbm82WlVSZjR4eURMRTQxdw?oc=5"" target=""_blank"">Microsoft Family Safety app rolls out for everyone on Android, iOS: Here’s what it does</a>&nbsp;&nbsp;<font color=""#6f6f6f"">HT Tech</font>","Microsoft Family Safety app rolls out for everyone on Android, iOS: Here’s what it does - HT Tech",,,2025-07-29T07:00:00,https://news.google.com/rss/articles/CBMi4AFBVV95cUxPeWNIcHlJdEFWaUxjU1RSZWVKUnJyV1N6aWNna3A4Y0lHdDQyb0VUcmtJNVotMmF6Yzg5emNWVHMtNUttVDFTSDlOUWg5RC0wRzdjYV9qQ0FLMUZwclJ0Y2xwY2stV0hoUkpLYUpVbFZKOTE2SkNoblU4OVJJSHlqYUdPUjhzRjkxTjBvVHpqM210c0ZvTXVWT1RlMUtQbzJYaVFhcHFVVWhQQWlsRFVDLWFTV3NXbG4tTTlWbHpmSVpQWHZmeTF4cHpxQ08wckFRQ2ZzMzNpandqUlBYa1Baa9IB5gFBVV95cUxQOWM1NzNxbVh0VGhtendoeF9ab2dWS1d0VlRicUQycEZIREdtTGpMNWNLeTR1UlJtVHJqaEFUUUhBdDI4R0hzRk1xcFd5c0RHcWVjUldOSEtwQnlUSXNBOE02VGFMa0N2cjVMNGtBeWF0VzdaMjVUdmNGN3dIX2swV084ZEw2Z0lJMWQ0c1FrNGZKSzVOeUkzOVlLa0ZnSWZFMVdUQlpTVGxJVnhvZkRpNVZhb2NyRWhQRGQyOVc3My1NS0R0YzhiTUtQRlVnRXpoNGktUjRxbm82WlVSZjR4eURMRTQxdw?oc=5,Neutral,Others,,,,,0.0,0.0,0.0,"https://news.google.com/rss/search?q=""Microsoft+Family+Safety""&hl=en-IN&gl=IN&ceid=IN:en","Tue, 29 Jul 2025 07:00:00 GMT"
c08a7601a979a0d93c5ea0fd7e62f38c,rss,"<a href=""https://news.google.com/rss/articles/CBMie0FVX3lxTE94cktzbnRQUnR0eThHczNmem8xS3VPb1JTaW02TGlmZi1NY0tzczBvSGxybUE4MU85THl0OTNlQkZueWlNWDV3blA4eTlWR2lSTk5tazlwU1VWU01hazVRS3k0akFOcjRmUXhmcGxaVWxoM1g0dGtWazY0WQ?oc=5"" target=""_blank"">Microsoft Family Safety Is Blocking Chrome And It's A Feature Not A Bug</a>&nbsp;&nbsp;<font color=""#6f6f6f"">HotHardware</font>",Microsoft Family Safety Is Blocking Chrome And It's A Feature Not A Bug - HotHardware,,,2025-06-26T07:00:00,https://news.google.com/rss/articles/CBMie0FVX3lxTE94cktzbnRQUnR0eThHczNmem8xS3VPb1JTaW02TGlmZi1NY0tzczBvSGxybUE4MU85THl0OTNlQkZueWlNWDV3blA4eTlWR2lSTk5tazlwU1VWU01hazVRS3k0akFOcjRmUXhmcGxaVWxoM1g0dGtWazY0WQ?oc=5,Neutral,App Blocking,,,,,0.0,0.0,0.0,"https://news.google.com/rss/search?q=""Microsoft+Family+Safety""&hl=en-IN&gl=IN&ceid=IN:en","Thu, 26 Jun 2025 07:00:00 GMT"
05b20bc1e4eb62d001b453a496930c2e,rss,"<a href=""https://news.google.com/rss/articles/CBMi6wFBVV95cUxNSlhaTlZsNnFyN1U2c2dEQTVJeUNNTFV0RHVnaHVyYnlNMWhQSW5zR3VMOEhtTVBka0l1SFMyMVNNbWdTQm1TbEZvcHZOZ3FiYlNaUUU1NHJQaGl4WmdsVUk3TkkzNlNYUW5LVlM5VWg4d2hWcTBDWkd0RVlUajRiaHNNUkRlLTRsbnRsTUhjdlNFNkxsTUdQUlVVb0tYQzY3MURrdFVZelhTZTlNdWUxYnhRaHUybFJTYXFYejVaYWRwMHhaVU9kZ2FyOE5DSThxbEZuSjQ3bGk4ZnQwT3gxSWZrSDhsR1gyQlA00gHwAUFVX3lxTE9WcnYweUpVbmNGRDVTWHBudHlDQnN1RU1uZm9SSXhZb2ZudUFQMXpFZzFRWldYdmdmUUYzLVRnYTVNREpOT08xekItT0d6SmN1aVlwSmMzZ1UtWFRLNHpSNFFJZ0xXSEw0eEhpNU0xdVFuQktndUJYekNTaGpCbl9URnhXaGR6cU5qdWJESW8zemJFZ3ZGTGFMUFFyMHc1alRpX09hTElnODQyMmhPeFZMVU1nUXc5U2FHMnU0UGMteUhPdlZPdDhLOG9yOF9ORUFHVlgzdXRubExHLXIyUEVOSEFncXlWRUVyMTdKMndDLQ?oc=5"" target=""_blank"">This Microsoft feature is accidentally ‘blocking’ Google Chrome on Windows</a>&nbsp;&nbsp;<font color=""#6f6f6f"">The Times of India</font>",This Microsoft feature is accidentally ‘blocking’ Google Chrome on Windows - The Times of India,,,2025-06-20T07:00:00,https://news.google.com/rss/articles/CBMi6wFBVV95cUxNSlhaTlZsNnFyN1U2c2dEQTVJeUNNTFV0RHVnaHVyYnlNMWhQSW5zR3VMOEhtTVBka0l1SFMyMVNNbWdTQm1TbEZvcHZOZ3FiYlNaUUU1NHJQaGl4WmdsVUk3TkkzNlNYUW5LVlM5VWg4d2hWcTBDWkd0RVlUajRiaHNNUkRlLTRsbnRsTUhjdlNFNkxsTUdQUlVVb0tYQzY3MURrdFVZelhTZTlNdWUxYnhRaHUybFJTYXFYejVaYWRwMHhaVU9kZ2FyOE5DSThxbEZuSjQ3bGk4ZnQwT3gxSWZrSDhsR1gyQlA00gHwAUFVX3lxTE9WcnYweUpVbmNGRDVTWHBudHlDQnN1RU1uZm9SSXhZb2ZudUFQMXpFZzFRWldYdmdmUUYzLVRnYTVNREpOT08xekItT0d6SmN1aVlwSmMzZ1UtWFRLNHpSNFFJZ0xXSEw0eEhpNU0xdVFuQktndUJYekNTaGpCbl9URnhXaGR6cU5qdWJESW8zemJFZ3ZGTGFMUFFyMHc1alRpX09hTElnODQyMmhPeFZMVU1nUXc5U2FHMnU0UGMteUhPdlZPdDhLOG9yOF9ORUFHVlgzdXRubExHLXIyUEVOSEFncXlWRUVyMTdKMndDLQ?oc=5,Neutral,App Blocking,,,,,0.0,0.0,0.0,"https://news.google.com/rss/search?q=""Microsoft+Family+Safety""&hl=en-IN&gl=IN&ceid=IN:en","Fri, 20 Jun 2025 07:00:00 GMT"
51b1c580113b2143ca63525ab3758b23,rss,"<a href=""https://news.google.com/rss/articles/CBMiugFBVV95cUxNaXNCUWZINEttaGJIYnQzczZIVTRCOHBhMkRJUS1PTjN1dUJSTXFnVGRwOVpyRFNkTlRkZWs5Y3Vyd1hYaUN6Mzc2bnBEd3NsSGY5dWJfX0JQekVxRFZ4TEdPMnl6M0xQMGNlZWhYTjFXaHJQcjRDRzNIOTZ0dUhEMXZfMjhtdjdQd3FGekU1bTJCTDlLNmxDNDJNXzBXbGVvbzlnd1VsNGh0NXVHcVN0UW1vUmNpbEMtcnc?oc=5"" target=""_blank"">This Windows safety feature is crashing Google Chrome</a>&nbsp;&nbsp;<font color=""#6f6f6f"">NewsBytes</font>",This Windows safety feature is crashing Google Chrome - NewsBytes,,,2025-06-21T07:00:00,https://news.google.com/rss/articles/CBMiugFBVV95cUxNaXNCUWZINEttaGJIYnQzczZIVTRCOHBhMkRJUS1PTjN1dUJSTXFnVGRwOVpyRFNkTlRkZWs5Y3Vyd1hYaUN6Mzc2bnBEd3NsSGY5dWJfX0JQekVxRFZ4TEdPMnl6M0xQMGNlZWhYTjFXaHJQcjRDRzNIOTZ0dUhEMXZfMjhtdjdQd3FGekU1bTJCTDlLNmxDNDJNXzBXbGVvbzlnd1VsNGh0NXVHcVN0UW1vUmNpbEMtcnc?oc=5,Neutral,App Performance,,,,,0.0,0.0,0.0,"https://news.google.com/rss/search?q=""Microsoft+Family+Safety""&hl=en-IN&gl=IN&ceid=IN:en","Sat, 21 Jun 2025 07:00:00 GMT"
76aed5d2d1fc5275777e106fe63775e6,rss,"<a href=""https://news.google.com/rss/articles/CBMimwFBVV95cUxOa19zeGZFekl1WkRlNW1vWGk1LW5FOUw5UENWNERjSWJkd1dFOXhvcmViVEtKVnBNQ2twNjlfWXppNnJWS1BWTkpwbDZzRFNrWTBkbk5NTmh5NDZ6Y3EwY1oxWmVqeFpzS1NaM2VBSm5ySE9PM21VMmdNM1pyV08xYVN4WlhLQWRPMXhpcDBTckozRWtIU3dUd1V2VQ?oc=5"" target=""_blank"">This Microsoft app thinks Google Chrome is NSFW (Not Safe For Windows)</a>&nbsp;&nbsp;<font color=""#6f6f6f"">Laptop Mag</font>",This Microsoft app thinks Google Chrome is NSFW (Not Safe For Windows) - Laptop Mag,,,2025-06-20T07:00:00,https://news.google.com/rss/articles/CBMimwFBVV95cUxOa19zeGZFekl1WkRlNW1vWGk1LW5FOUw5UENWNERjSWJkd1dFOXhvcmViVEtKVnBNQ2twNjlfWXppNnJWS1BWTkpwbDZzRFNrWTBkbk5NTmh5NDZ6Y3EwY1oxWmVqeFpzS1NaM2VBSm5ySE9PM21VMmdNM1pyV08xYVN4WlhLQWRPMXhpcDBTckozRWtIU3dUd1V2VQ?oc=5,Negative,Others,,,,,-0.125,0.25,0.125,"https://news.google.com/rss/search?q=""Microsoft+Family+Safety""&hl=en-IN&gl=IN&ceid=IN:en","Fri, 20 Jun 2025 07:00:00 GMT"
030430115dc1ba5a167c27cab7d1daec,rss,"<a href=""https://news.google.com/rss/articles/CBMitAFBVV95cUxPMVpxUkREZHZ6OEJMQUYwN1JQUDdjSmZTc2o1dURxNWYwNHJqNjVNWW5wMjhFa3JaLURDZzAyT0ZQOTJlMW56ZjNWdzVDWEc1b0o2dmJuUGgyZjFwSkhtWnk4ZF9GT2tkWUdseGU3MzF4VUJmdFpIcFoxSXJ4akJjUzBzdk5aMTBVV1gwclhrVTZYQUp2UlJWVzFrbGNXNTZPYlBiLXlNUF9vX3BpUGY2T2RXc3M?oc=5"" target=""_blank"">Microsoft Is Blocking Google Chrome, Windows 11 Users Complain</a>&nbsp;&nbsp;<font color=""#6f6f6f"">Forbes</font>","Microsoft Is Blocking Google Chrome, Windows 11 Users Complain - Forbes",,,2025-06-25T07:00:00,https://news.google.com/rss/articles/CBMitAFBVV95cUxPMVpxUkREZHZ6OEJMQUYwN1JQUDdjSmZTc2o1dURxNWYwNHJqNjVNWW5wMjhFa3JaLURDZzAyT0ZQOTJlMW56ZjNWdzVDWEc1b0o2dmJuUGgyZjFwSkhtWnk4ZF9GT2tkWUdseGU3MzF4VUJmdFpIcFoxSXJ4akJjUzBzdk5aMTBVV1gwclhrVTZYQUp2UlJWVzFrbGNXNTZPYlBiLXlNUF9vX3BpUGY2T2RXc3M?oc=5,Neutral,App Blocking,,,,,0.0,0.0,0.0,"https://news.google.com/rss/search?q=""Microsoft+Family+Safety""&hl=en-IN&gl=IN&ceid=IN:en","Wed, 25 Jun 2025 07:00:00 GMT"
914ce36197540f6a19d0336dbf27aac8,rss,"<a href=""https://news.google.com/rss/articles/CBMiwAFBVV95cUxPWUxuMGFoWkFVT2tUT1R1Tk5UQkROcC15SzBMNGhTczM5Y05rMjhuajNXTGlRNHk2U2VTSXl5SzlMMlJZM05JaFB4bnNkXzVUcDc4X0xoZ3BBNTMwN3d6TE8ybWFwRDduaFNnMk4tVzZIMEJGcFBBVWU0V1YwbFZZRThhTlF3NnlROGJuQ2wyUFEwOEkxZkczNVpBRFFCbDdSdHhnTDNPU3U2bkZWWmVpbXlOdEwwQXhvY1ZUUllSS1I?oc=5"" target=""_blank"">Microsoft Confirms Google Chrome Block After Windows 11 Users Complain</a>&nbsp;&nbsp;<font color=""#6f6f6f"">Forbes</font>",Microsoft Confirms Google Chrome Block After Windows 11 Users Complain - Forbes,,,2025-06-27T07:00:00,https://news.google.com/rss/articles/CBMiwAFBVV95cUxPWUxuMGFoWkFVT2tUT1R1Tk5UQkROcC15SzBMNGhTczM5Y05rMjhuajNXTGlRNHk2U2VTSXl5SzlMMlJZM05JaFB4bnNkXzVUcDc4X0xoZ3BBNTMwN3d6TE8ybWFwRDduaFNnMk4tVzZIMEJGcFBBVWU0V1YwbFZZRThhTlF3NnlROGJuQ2wyUFEwOEkxZkczNVpBRFFCbDdSdHhnTDNPU3U2bkZWWmVpbXlOdEwwQXhvY1ZUUllSS1I?oc=5,Neutral,App Blocking,,,,,0.0,0.0,0.0,"https://news.google.com/rss/search?q=""Microsoft+Family+Safety""&hl=en-IN&gl=IN&ceid=IN:en","Fri, 27 Jun 2025 07:00:00 GMT"
5437e7a668a57019ed35d741defa8f15,rss,"<a href=""https://news.google.com/rss/articles/CBMi4gFBVV95cUxPYThwSUdJWnBET21nT1l6VTBrX0xxbDF3cUNjanVuM2FTemttZnpVN3I5Qk1mTkRwRFFTYmNPbk9WY2o5SmFEcTlsTE42QkhWZlh1V09EckswVlZXYmtfZzFqRmdlR25OY0dxZTV0QjlSX09wbmVmNHVFei1ZUEZyVWhib1RlSlRIalNwajZDcVBnUmJma0dCcDJKTzZmaVRGaVdmSmpJOWVldWJzSGJIcU9PVWVZbHpjZ0MzQmNNY0wtODBpaW55M2VEd3UzZk4wMXJ2aWZTZF9aVW9xNWlURVJn0gHnAUFVX3lxTFA2bVhRR1cySVpOb1Z6T0REcFhUUDVQSkk0aFVWU3FkYk0zNy1DYlFLVHJaY3JJV1dTQ2xIYTlSZkZNX1pXNS1fQXpPRFNZdkNoMVFUMEZzVlZPV2xLNlBsaG16VTdTSE14eVRVUEVOSU5TNDVtR2Y4R0swNFpjWEpwSGhuS3VsSzBUeDJuY3FVbEFNSURaTmNPNzd2VE1DV2pOa1REV2FuMzRGZGFxdzZwSHA2VEVCcGdqN25URjE0dWdKT1NfX1dpbGxadEhmZTBJd0kwaXhLTWNpaVJNM1M0aThBVElkMA?oc=5"" target=""_blank"">Facing troubles with Google Chrome on Windows? Check reason and workaround</a>&nbsp;&nbsp;<font color=""#6f6f6f"">Business Standard</font>",Facing troubles with Google Chrome on Windows? Check reason and workaround - Business Standard,,,2025-06-23T07:00:00,https://news.google.com/rss/articles/CBMi4gFBVV95cUxPYThwSUdJWnBET21nT1l6VTBrX0xxbDF3cUNjanVuM2FTemttZnpVN3I5Qk1mTkRwRFFTYmNPbk9WY2o5SmFEcTlsTE42QkhWZlh1V09EckswVlZXYmtfZzFqRmdlR25OY0dxZTV0QjlSX09wbmVmNHVFei1ZUEZyVWhib1RlSlRIalNwajZDcVBnUmJma0dCcDJKTzZmaVRGaVdmSmpJOWVldWJzSGJIcU9PVWVZbHpjZ0MzQmNNY0wtODBpaW55M2VEd3UzZk4wMXJ2aWZTZF9aVW9xNWlURVJn0gHnAUFVX3lxTFA2bVhRR1cySVpOb1Z6T0REcFhUUDVQSkk0aFVWU3FkYk0zNy1DYlFLVHJaY3JJV1dTQ2xIYTlSZkZNX1pXNS1fQXpPRFNZdkNoMVFUMEZzVlZPV2xLNlBsaG16VTdTSE14eVRVUEVOSU5TNDVtR2Y4R0swNFpjWEpwSGhuS3VsSzBUeDJuY3FVbEFNSURaTmNPNzd2VE1DV2pOa1REV2FuMzRGZGFxdzZwSHA2VEVCcGdqN25URjE0dWdKT1NfX1dpbGxadEhmZTBJd0kwaXhLTWNpaVJNM1M0aThBVElkMA?oc=5,Neutral,Bypass & Circumvention,,,,,0.0,0.0,0.0,"https://news.google.com/rss/search?q=""Microsoft+Family+Safety""&hl=en-IN&gl=IN&ceid=IN:en","Mon, 23 Jun 2025 07:00:00 GMT"
8a72b0f9858a179bf7c49137768a0aa0,rss,"<a href=""https://news.google.com/rss/articles/CBMickFVX3lxTE0yem9tekQxX3I2SG45ZmF1VTk4ckJvRnpFNENGX0NVX01CUW42VG1LeWtSSDI3em54MmxXamxLc1pPMXlTZmZsRFlNLVlLRERkMUhWQVh0bGo4eGJ1RjZHV1JBSDlqaG81aVplbE80UWVPQQ?oc=5"" target=""_blank"">We've tested, reviewed, and ranked all the best apps for parental control to help keep your family safe online</a>&nbsp;&nbsp;<font color=""#6f6f6f"">TechRadar</font>","We've tested, reviewed, and ranked all the best apps for parental control to help keep your family safe online - TechRadar",,,2025-07-21T07:00:00,https://news.google.com/rss/articles/CBMickFVX3lxTE0yem9tekQxX3I2SG45ZmF1VTk4ckJvRnpFNENGX0NVX01CUW42VG1LeWtSSDI3em54MmxXamxLc1pPMXlTZmZsRFlNLVlLRERkMUhWQVh0bGo4eGJ1RjZHV1JBSDlqaG81aVplbE80UWVPQQ?oc=5,Positive,Customer Support,,,,,0.5,0.26666666666666666,0.5,"https://news.google.com/rss/search?q=""Microsoft+Family+Safety""&hl=en-IN&gl=IN&ceid=IN:en","Mon, 21 Jul 2025 07:00:00 GMT"
551390a8c91f5805a11783ccad0bbc14,rss,"<a href=""https://news.google.com/rss/articles/CBMimwFBVV95cUxPb095RlNvUk43QnVvZUJEU0NSVHI2VHMxMjJGNHg3NUFyRGpUS0hoZUxVVUJwZHV1X2JIMDZfZEthV2lsSG1pN2lUbm5iVG9oU1ljVk5ybEtlV0M1V2pHYUo3YzZJZHp2bGtWRDlnblFpbzFSd05zWkh4VHN6SnIybU1qdzl6VHlDdHQxeFFMUnBtTllUdEV0Vno5dw?oc=5"" target=""_blank"">Windows parental controls are blocking Chrome</a>&nbsp;&nbsp;<font color=""#6f6f6f"">Engadget</font>",Windows parental controls are blocking Chrome - Engadget,,,2025-06-20T07:00:00,https://news.google.com/rss/articles/CBMimwFBVV95cUxPb095RlNvUk43QnVvZUJEU0NSVHI2VHMxMjJGNHg3NUFyRGpUS0hoZUxVVUJwZHV1X2JIMDZfZEthV2lsSG1pN2lUbm5iVG9oU1ljVk5ybEtlV0M1V2pHYUo3YzZJZHp2bGtWRDlnblFpbzFSd05zWkh4VHN6SnIybU1qdzl6VHlDdHQxeFFMUnBtTllUdEV0Vno5dw?oc=5,Neutral,App Blocking,,,,,0.0,0.0,0.0,"https://news.google.com/rss/search?q=""Microsoft+Family+Safety""&hl=en-IN&gl=IN&ceid=IN:en","Fri, 20 Jun 2025 07:00:00 GMT"
025b6c849f48a2112e9697115335bf0a,rss,"<a href=""https://news.google.com/rss/articles/CBMioAFBVV95cUxNUkdzM21FNGZ1ZEhQRXp0YlZodEhMMUJad1JxdzAtU1lmQktyNElidV9fOHpkTDR4aWF1UlhOYUNvVm43a002bzRzeUo5My1VWTVWR3ZSVFdOeU1jLVpjVzZEcHoxYXU4WlctNGFHSDQ1WkFhbXZURWRtbDRpcUtrakhqRHBkMkwzaUIxTjQtdWNSOURBQU5RNm81dDNiTjli?oc=5"" target=""_blank"">Microsoft Family Safety blocks Google Chrome browser (June 2025)</a>&nbsp;&nbsp;<font color=""#6f6f6f"">BornCity</font>",Microsoft Family Safety blocks Google Chrome browser (June 2025) - BornCity,,,2025-06-23T07:00:00,https://news.google.com/rss/articles/CBMioAFBVV95cUxNUkdzM21FNGZ1ZEhQRXp0YlZodEhMMUJad1JxdzAtU1lmQktyNElidV9fOHpkTDR4aWF1UlhOYUNvVm43a002bzRzeUo5My1VWTVWR3ZSVFdOeU1jLVpjVzZEcHoxYXU4WlctNGFHSDQ1WkFhbXZURWRtbDRpcUtrakhqRHBkMkwzaUIxTjQtdWNSOURBQU5RNm81dDNiTjli?oc=5,Neutral,App Blocking,,,,,0.0,0.0,0.0,"https://news.google.com/rss/search?q=""Microsoft+Family+Safety""&hl=en-IN&gl=IN&ceid=IN:en","Mon, 23 Jun 2025 07:00:00 GMT"
dfe91a7a421436d0e50740bece2a1a8b,rss,"<a href=""https://news.google.com/rss/articles/CBMigwFBVV95cUxNZ1lCMEt5cVp6YXE5SEFLblMyZ0FOWF8tZ2NZTWpKbjh6ZllwUm5BQ3JNNVZhR1RKYjFHVTN6VDRncnNXTDVaWTY3cmtYRnVYVmVGaVdXazJ5UzA5OTgycV9SdXlzV1EwTGVpYjFQcXFxTW1jNE5NcE1hempsTEhVM3FtNA?oc=5"" target=""_blank"">Windows 11 users report Microsoft blocking Google Chrome</a>&nbsp;&nbsp;<font color=""#6f6f6f"">Latest news from Azerbaijan</font>",Windows 11 users report Microsoft blocking Google Chrome - Latest news from Azerbaijan,,,2025-06-25T07:00:00,https://news.google.com/rss/articles/CBMigwFBVV95cUxNZ1lCMEt5cVp6YXE5SEFLblMyZ0FOWF8tZ2NZTWpKbjh6ZllwUm5BQ3JNNVZhR1RKYjFHVTN6VDRncnNXTDVaWTY3cmtYRnVYVmVGaVdXazJ5UzA5OTgycV9SdXlzV1EwTGVpYjFQcXFxTW1jNE5NcE1hempsTEhVM3FtNA?oc=5,Neutral,App Blocking,,,,,0.0,0.0,0.0,"https://news.google.com/rss/search?q=""Microsoft+Family+Safety""&hl=en-IN&gl=IN&ceid=IN:en","Wed, 25 Jun 2025 07:00:00 GMT"
6daa60e66227252c329a7b1a11dc58af,rss,"<a href=""https://news.google.com/rss/articles/CBMiigFBVV95cUxNa1ZoWWpEVDN3WG9qSWJKd1JpUEdScWFaemhiOWd3TzJ2V3hzbmI3em9CSENfNXA3TFFWRWkycFg2VUtpTW51MEZzdzVMbjNTRGJxWndhb3FYQS12Q042bFBOdlFkV3hKTXFNaDRxXzZqazR3d3hnZ2NHUEFrTk1hM0RTamxYZXAxRWc?oc=5"" target=""_blank"">A second Windows 11 bug takes suspicious aim at Google Chrome — and the same Microsoft app is to blame</a>&nbsp;&nbsp;<font color=""#6f6f6f"">Laptop Mag</font>",A second Windows 11 bug takes suspicious aim at Google Chrome — and the same Microsoft app is to blame - Laptop Mag,,,2025-06-26T07:00:00,https://news.google.com/rss/articles/CBMiigFBVV95cUxNa1ZoWWpEVDN3WG9qSWJKd1JpUEdScWFaemhiOWd3TzJ2V3hzbmI3em9CSENfNXA3TFFWRWkycFg2VUtpTW51MEZzdzVMbjNTRGJxWndhb3FYQS12Q042bFBOdlFkV3hKTXFNaDRxXzZqazR3d3hnZ2NHUEFrTk1hM0RTamxYZXAxRWc?oc=5,Neutral,App Performance,,,,,0.0,0.041666666666666664,0.0,"https://news.google.com/rss/search?q=""Microsoft+Family+Safety""&hl=en-IN&gl=IN&ceid=IN:en","Thu, 26 Jun 2025 07:00:00 GMT"
71746c6a1661b4f797deeba38f810100,rss,"<a href=""https://news.google.com/rss/articles/CBMinwFBVV95cUxOZTVaaHNRMndxQlNfQ21QbTNQT2t6dzctNmdkVXRocjh1MzZTbmJjQ1pycU1fZEszdi1Sb2o2ZG00RXFaSnc2eC04MGhyNFBmWTdld253SWlwWEx3enBTX0JXaTdsSVl0dklzaUh1amZXUHF1QmNwczAzQ3R0RXBEdG80RnlCcjNqLWYydngtSFZDRmtYRjl5d3FPeDJZY1U?oc=5"" target=""_blank"">Microsoft's Family Safety Feature Is Blocking Chrome: Here's the Workaround</a>&nbsp;&nbsp;<font color=""#6f6f6f"">Yahoo! Tech</font>",Microsoft's Family Safety Feature Is Blocking Chrome: Here's the Workaround - Yahoo! Tech,,,2025-06-20T07:00:00,https://news.google.com/rss/articles/CBMinwFBVV95cUxOZTVaaHNRMndxQlNfQ21QbTNQT2t6dzctNmdkVXRocjh1MzZTbmJjQ1pycU1fZEszdi1Sb2o2ZG00RXFaSnc2eC04MGhyNFBmWTdld253SWlwWEx3enBTX0JXaTdsSVl0dklzaUh1amZXUHF1QmNwczAzQ3R0RXBEdG80RnlCcjNqLWYydngtSFZDRmtYRjl5d3FPeDJZY1U?oc=5,Neutral,App Blocking,,,,,0.0,0.0,0.0,"https://news.google.com/rss/search?q=""Microsoft+Family+Safety""&hl=en-IN&gl=IN&ceid=IN:en","Fri, 20 Jun 2025 07:00:00 GMT"
5ad4e5c9328dc2b63562ed42d18a58bc,rss,"<a href=""https://news.google.com/rss/articles/CBMimAFBVV95cUxQR05wSzRWaUlTcE1lLV9HWk8xeXhGckl4d21PeWQ1RzA5djFkejNuZEZZNk8ySmxJSl9vRU9RZ2lXR1h2RGQzdkFZU2NSUjlqQ3NVN0xxODVaektwYm96bzYtbE0zSVAwejk3Zy1fN2swUEVKUUYydTkxQXRJcEVyQnFpUVVvVnJraTVIOFhYbUlFeldKMzMtMg?oc=5"" target=""_blank"">Windows Family Safety: Confirmed, that it's blocking Chrome</a>&nbsp;&nbsp;<font color=""#6f6f6f"">BornCity</font>","Windows Family Safety: Confirmed, that it's blocking Chrome - BornCity",,,2025-06-26T07:00:00,https://news.google.com/rss/articles/CBMimAFBVV95cUxQR05wSzRWaUlTcE1lLV9HWk8xeXhGckl4d21PeWQ1RzA5djFkejNuZEZZNk8ySmxJSl9vRU9RZ2lXR1h2RGQzdkFZU2NSUjlqQ3NVN0xxODVaektwYm96bzYtbE0zSVAwejk3Zy1fN2swUEVKUUYydTkxQXRJcEVyQnFpUVVvVnJraTVIOFhYbUlFeldKMzMtMg?oc=5,Positive,App Blocking,,,,,0.2,0.5,0.2,"https://news.google.com/rss/search?q=""Microsoft+Family+Safety""&hl=en-IN&gl=IN&ceid=IN:en","Thu, 26 Jun 2025 07:00:00 GMT"
a508817332869b7204ae35bacda30ed0,rss,"<a href=""https://news.google.com/rss/articles/CBMihAFBVV95cUxPYU5NUGx3ZXRLWi1ETWQ0QklNc3MwTDBXZVluSXRnaGdzY2VkZDBKaEVhUnRBdXBFZzNmbTBPN1FqWk5EXzh2aTFZX21KMjk5dVpfNDhsUVhQYU5vMi00RER0RXlEdE1mempKbnNERVlMWGwyX2FZV0dDSWt0enNmWnNsLXo?oc=5"" target=""_blank"">Having trouble opening Chrome? It may be Microsoft's fault</a>&nbsp;&nbsp;<font color=""#6f6f6f"">Android Authority</font>",Having trouble opening Chrome? It may be Microsoft's fault - Android Authority,,,2025-06-20T07:00:00,https://news.google.com/rss/articles/CBMihAFBVV95cUxPYU5NUGx3ZXRLWi1ETWQ0QklNc3MwTDBXZVluSXRnaGdzY2VkZDBKaEVhUnRBdXBFZzNmbTBPN1FqWk5EXzh2aTFZX21KMjk5dVpfNDhsUVhQYU5vMi00RER0RXlEdE1mempKbnNERVlMWGwyX2FZV0dDSWt0enNmWnNsLXo?oc=5,Negative,Others,,,,,-0.1,0.1,0.1,"https://news.google.com/rss/search?q=""Microsoft+Family+Safety""&hl=en-IN&gl=IN&ceid=IN:en","Fri, 20 Jun 2025 07:00:00 GMT"
0e78b99a2b231d90aae671dd70319c45,rss,"<a href=""https://news.google.com/rss/articles/CBMirAFBVV95cUxPT3p6S1ZPRFhyc3JrUk1PbG5HYjFhaUpaSldFRUpqSUwtWFBHTWxwV1dHUmNoWUI1QWthakxDSU5leU1yM2htV0kxVjBIUDZUU0xfTEFVYjRacld3bFNOaXdlVlFXLVkwZlBReDRvSTUxakNjZ3ZCc2JvRFA2YlppMW5FeWtSaUhNMUQ2UkR5LVJmbF9FTTVpLTlpV0xlSGpqTkJlNG1IcnY4blA5?oc=5"" target=""_blank"">Microsoft Blocks Google Chrome on Windows: Family Safety Bug or Browser War Strategy?</a>&nbsp;&nbsp;<font color=""#6f6f6f"">Tekedia</font>",Microsoft Blocks Google Chrome on Windows: Family Safety Bug or Browser War Strategy? - Tekedia,,,2025-06-21T07:00:00,https://news.google.com/rss/articles/CBMirAFBVV95cUxPT3p6S1ZPRFhyc3JrUk1PbG5HYjFhaUpaSldFRUpqSUwtWFBHTWxwV1dHUmNoWUI1QWthakxDSU5leU1yM2htV0kxVjBIUDZUU0xfTEFVYjRacld3bFNOaXdlVlFXLVkwZlBReDRvSTUxakNjZ3ZCc2JvRFA2YlppMW5FeWtSaUhNMUQ2UkR5LVJmbF9FTTVpLTlpV0xlSGpqTkJlNG1IcnY4blA5?oc=5,Neutral,App Blocking,,,,,0.0,0.0,0.0,"https://news.google.com/rss/search?q=""Microsoft+Family+Safety""&hl=en-IN&gl=IN&ceid=IN:en","Sat, 21 Jun 2025 07:00:00 GMT"
60a539ff1470f69da5433fcc714e8068,rss,"<a href=""https://news.google.com/rss/articles/CBMijwFBVV95cUxPWFFVbzlSamxrUk9LSVFNT2doS1oyRGpVRDVrT0JvOF91UFMxNDBoeURyaGthOG9QSW10TlpVOUVfTnJTakR4REpGbGw4UkRjbVlFZGtHbDJhTHNjZWVldDZIQXhSYm5JUVo4aVUyQXM5UzFtQ0hSallycXpfdUNOTEp5MnNLS2F4MVMzZ1hLRQ?oc=5"" target=""_blank"">Google blames Microsoft for Chrome's recent Windows woes</a>&nbsp;&nbsp;<font color=""#6f6f6f"">Android Police</font>",Google blames Microsoft for Chrome's recent Windows woes - Android Police,,,2025-06-20T07:00:00,https://news.google.com/rss/articles/CBMijwFBVV95cUxPWFFVbzlSamxrUk9LSVFNT2doS1oyRGpVRDVrT0JvOF91UFMxNDBoeURyaGthOG9QSW10TlpVOUVfTnJTakR4REpGbGw4UkRjbVlFZGtHbDJhTHNjZWVldDZIQXhSYm5JUVo4aVUyQXM5UzFtQ0hSallycXpfdUNOTEp5MnNLS2F4MVMzZ1hLRQ?oc=5,Neutral,Others,,,,,0.0,0.125,0.0,"https://news.google.com/rss/search?q=""Microsoft+Family+Safety""&hl=en-IN&gl=IN&ceid=IN:en","Fri, 20 Jun 2025 07:00:00 GMT"
8408e0940739814de9c86eeb82a82ee9,rss,"<a href=""https://news.google.com/rss/articles/CBMiqAFBVV95cUxPZlM1Wng0Z0ZWbEk3MXR5MFVjZndOSVJuTkFLU19TeTRRcmZFZmZ4TGtobHhiYTZJTEdSRWY4c1BWVXc5NDNUNUVqejlOQjcza0Z0NUlrN2xwdXdVYUQtSVcyaVJ0dTFxblM2MHl1TVg5Wk1PeXMtZGhBcEZjcFlnLUJsZ3QyRzR1LWVEd1RwdU55UnhLRWxmaHZQd1BCeDVsOFFkcEdPQTE?oc=5"" target=""_blank"">Microsoft feature accidentally starts blocking Google Chrome on Windows</a>&nbsp;&nbsp;<font color=""#6f6f6f"">Daily Jang</font>",Microsoft feature accidentally starts blocking Google Chrome on Windows - Daily Jang,,,2025-06-20T07:00:00,https://news.google.com/rss/articles/CBMiqAFBVV95cUxPZlM1Wng0Z0ZWbEk3MXR5MFVjZndOSVJuTkFLU19TeTRRcmZFZmZ4TGtobHhiYTZJTEdSRWY4c1BWVXc5NDNUNUVqejlOQjcza0Z0NUlrN2xwdXdVYUQtSVcyaVJ0dTFxblM2MHl1TVg5Wk1PeXMtZGhBcEZjcFlnLUJsZ3QyRzR1LWVEd1RwdU55UnhLRWxmaHZQd1BCeDVsOFFkcEdPQTE?oc=5,Neutral,App Blocking,,,,,0.0,0.0,0.0,"https://news.google.com/rss/search?q=""Microsoft+Family+Safety""&hl=en-IN&gl=IN&ceid=IN:en","Fri, 20 Jun 2025 07:00:00 GMT"
470e61ec08b69bf947da7af27ef7efd6,rss,"<a href=""https://news.google.com/rss/articles/CBMimgFBVV95cUxOS3hNdUwyUUZVdHIzS3VvTlZlRTh1ekpfM0hSTVc4ZXJjUnpsVXMtcEhtM0x0bjBjYlpzVXZwRWNxclFQNmszd3BXbTI2WUt6MERMTWVFYjFEV3FaQURNVTNZanFSTHZOTnRrb2lqNVlZY3BVQXd0emwtTVRtZFRUVWVUX0toZ2RITVRuNjFSdTEzLWtiUHkybU9R?oc=5"" target=""_blank"">This Microsoft app thinks Google Chrome is NSFW (Not Safe For Windows)</a>&nbsp;&nbsp;<font color=""#6f6f6f"">inkl</font>",This Microsoft app thinks Google Chrome is NSFW (Not Safe For Windows) - inkl,,,2025-06-20T07:00:00,https://news.google.com/rss/articles/CBMimgFBVV95cUxOS3hNdUwyUUZVdHIzS3VvTlZlRTh1ekpfM0hSTVc4ZXJjUnpsVXMtcEhtM0x0bjBjYlpzVXZwRWNxclFQNmszd3BXbTI2WUt6MERMTWVFYjFEV3FaQURNVTNZanFSTHZOTnRrb2lqNVlZY3BVQXd0emwtTVRtZFRUVWVUX0toZ2RITVRuNjFSdTEzLWtiUHkybU9R?oc=5,Negative,Others,,,,,-0.125,0.25,0.125,"https://news.google.com/rss/search?q=""Microsoft+Family+Safety""&hl=en-IN&gl=IN&ceid=IN:en","Fri, 20 Jun 2025 07:00:00 GMT"
0ac0c81c7371b3e2e4238c657d7b568a,rss,"<a href=""https://news.google.com/rss/articles/CBMifkFVX3lxTE5KYkVxa1EybHJ5TDZaZHFfRjVLS0NrR1VJQWxRSEc0Z3hWeDNWY3pod1VaVVlJa0c2VU5QYlU2RXgzQnc3N0d1Y2tEQ0xvVzg5SE9TVU1nSGVUVUFmM2VJSm1ZZzJTbjFkVjZNeHZqdmJ5Qk9rZWJ5Q04wQldUQQ?oc=5"" target=""_blank"">Norton Family parental control software review</a>&nbsp;&nbsp;<font color=""#6f6f6f"">TechRadar</font>",Norton Family parental control software review - TechRadar,,,2025-07-02T07:00:00,https://news.google.com/rss/articles/CBMifkFVX3lxTE5KYkVxa1EybHJ5TDZaZHFfRjVLS0NrR1VJQWxRSEc0Z3hWeDNWY3pod1VaVVlJa0c2VU5QYlU2RXgzQnc3N0d1Y2tEQ0xvVzg5SE9TVU1nSGVUVUFmM2VJSm1ZZzJTbjFkVjZNeHZqdmJ5Qk9rZWJ5Q04wQldUQQ?oc=5,Neutral,Others,,,,,0.0,0.0,0.0,"https://news.google.com/rss/search?q=""Microsoft+Family+Safety""&hl=en-IN&gl=IN&ceid=IN:en","Wed, 02 Jul 2025 07:00:00 GMT"
