id,source,text,title,author,rating,date,url,sentiment,category,metadata_app_id,metadata_thumbs_up,metadata_review_id,metadata_version,metadata_sentiment_polarity,metadata_sentiment_subjectivity,metadata_sentiment_confidence,metadata_feed_url,metadata_published
ade6459f26e49f158fe8bb7e2a5cb506,playstore,This app is a total waste of time. It does not apply any of the time limits you may try to set. Don't bother.,,Kate Pearse,1.0,2025-07-22T17:03:43,,Negative,Screen Time,com.microsoft.familysafety,0.0,ad051e76-cd2d-4a29-b85b-d14ecd5da336,2.0.3.1064,-0.1,0.375,0.1,,
867ddee3c699b1c341b63cbbfb69c363,playstore,horrible,,Mason Slama,1.0,2025-07-21T23:22:07,,Negative,Others,com.microsoft.familysafety,0.0,9c2b07f6-e850-4002-840e-f79473ee06de,2.0.3.1064,-1.0,1.0,1.0,,
55e122ad9f6ebe5bb485577cca53c565,playstore,"Seems to function ok, but it's slower than a geriatric snail 🐌",,Brad Tito,2.0,2025-07-21T15:39:09,,Positive,,com.microsoft.familysafety,0.0,d7c7f3e8-75b0-4312-8600-ca21b6747553,2.0.3.1064,0.5,0.5,0.5,,
9f60027e56983967588acb899b8e70ae,playstore,annoying because I cant get through websites and it always annoys me,,Hunter Johnson,1.0,2025-07-21T13:57:06,,Negative,Full Frustration,com.microsoft.familysafety,0.0,5f915706-9154-44d9-b8c6-3950b1ebec79,2.0.3.1064,-0.8,0.9,0.8,,
3d2e289ba72c545ce3fd3a2dcd2a6a19,playstore,It doesn't work. I keep getting an error when I try to log in but it keeps saying my password is incorrect.,,Zeerak Ahmad,1.0,2025-07-21T10:46:44,,Neutral,,com.microsoft.familysafety,0.0,0df170a5-2233-4cf3-b9e8-9d81a790190b,2.0.3.1064,0.0,0.0,0.0,,
a5cc1923d857fefe5e9f8f2c87dd0d3a,playstore,my son is not getting more screen time 😢,,Margaux Bonne,5.0,2025-07-21T08:53:00,,Positive,,com.microsoft.familysafety,0.0,cd52ecc5-d1a2-4492-b9bf-fe75ae6001df,2.0.3.1064,0.5,0.5,0.5,,
60798267a523fe2392415567d868a996,playstore,would be nice if I can control everything. but at least I have general control of my kids playing games,,Mike Waggoner,3.0,2025-07-21T00:20:45,,Positive,,com.microsoft.familysafety,0.0,6788e65a-453e-4a95-9d67-b633001304a7,2.0.3.1064,0.11666666666666665,0.6333333333333333,0.11666666666666665,,
a4d7a509125c04198d7c699eff7be493,playstore,"Simple to use unlike some other parental control apps. I like that users can request more time and it can be added without changing the daily limits, i.e. add time temporarily, however it would be good if you could also do this without the need to request it.",,Dr Monkeyman,4.0,2025-07-20T15:22:23,,Positive,,com.microsoft.familysafety,0.0,e2e8769f-f201-403f-aafa-222ff21f1729,2.0.3.1064,0.215,0.36642857142857144,0.215,,
347db98e73869fbaad1221f531a709ec,playstore,unable to fully see the items being look for in the internet using edge. it could be made better.,,Leon Alabanza,3.0,2025-07-20T13:43:42,,Neutral,,com.microsoft.familysafety,0.0,644da46b-9c49-4108-9776-677cef701150,2.0.3.1064,0.0,0.5,0.0,,
9c0bb62d8c818396e6a5394e922ed1dc,playstore,"There's so many features it could add to make the usage easier. Such turning off time limits just for the day or adding additional time just for the day or having a set time schedule of when it's available. I assumed there would be some other controls, certain programs that can be used or not used. I'd like to give my son unlimited time on Word if he's working at school work but limit the browser or a game he's downloaded. At present it's the bare minimum.",,Camille C,3.0,2025-07-20T07:03:43,,Neutral,,com.microsoft.familysafety,0.0,dc258a05-ba36-404a-a698-981f584fe736,2.0.3.1064,0.0799107142857143,0.35580357142857144,0.0799107142857143,,
6314b34793e50b03d7843e3b2858d65b,playstore,"Update, after 3 years, it is still just as annoying, awkward and buggy. E.g. ""Give more time"" regularly fails to work. I reproduced several errors and sent logs multiple times to MS, but it has never been fixed. By the way I tested the search term flagging and it simply does not work. You can log in as a child, search for all kinds of dodgy stuff and it just does not notice. I am not interested in helping you debug your own broken software.",,Philip O'Carroll,1.0,2025-07-20T00:29:06,,Negative,App Performance,com.microsoft.familysafety,4.0,be8dbd4e-f0a0-4345-8c15-82cc76b4d203,2.0.3.1064,-0.11136363636363635,0.4688311688311689,0.11136363636363635,,
5952a74502722a76f2853d41480de382,playstore,"it does its thing but its slow, it loads all the time the same screens, and it's missing many ""nice to haves"" as it would never be used and tested by developers.",,Martin Gašpo (Gašpo),3.0,2025-07-19T18:37:29,,Positive,,com.microsoft.familysafety,0.0,772b62f1-02e0-481c-a975-7aa63f16b08c,2.0.3.1064,0.12,0.41500000000000004,0.12,,
27e6a1176a0a8007da5379cde58eac0d,playstore,I just spent an hour messing around with this trying to get a new laptop set up for my son. It's not fit for purpose. Like most Microsoft software.,,Steve Boardman,1.0,2025-07-18T21:26:16,,Neutral,,com.microsoft.familysafety,0.0,ca834a55-f98d-4264-a40f-f5c2fd31a0e7,2.0.3.1064,0.08409090909090908,0.36363636363636365,0.08409090909090908,,
ad3008bd60093901dea3cec75887fd3c,playstore,"Great product for managing screen time and basic monitoring of apps used on a device. This is a fantastic way to set clear boundaries on screen time and application usage across devices for kids. The approval of time doesn't always apply to certain Windows devices, but in general, it works well. Schedules can be set up per child, device or app. It lightens the admin load when it comes to managing screens across devices and users.",,Lachlan MacDougall,4.0,2025-07-18T20:30:37,,Positive,,com.microsoft.familysafety,0.0,8c22bb6b-7a79-474b-9fc2-74b9cd6a7b6e,2.0.3.1064,0.26071428571428573,0.5382936507936508,0.26071428571428573,,
d6c16c3b37d2784f93704476ffc8019c,playstore,Very nice to control edge browser,,Devendra Bhatta,5.0,2025-07-18T12:33:16,,Positive,,com.microsoft.familysafety,1.0,30a3a6fd-4300-493b-994d-eb507639398d,2.0.3.1064,0.78,1.0,0.78,,
91b33298ddea2ed09b8b39d9aa721113,playstore,it's not working at all after I sign in it just shows an error and I beginning the process again,,Paul Marvelous,1.0,2025-07-18T12:26:21,,Neutral,,com.microsoft.familysafety,0.0,7b4b6f4e-87da-4974-97d5-8871ec33d0d5,,0.0,0.0,0.0,,
e873c6dbb5b5ba2317ae14a9c7cea922,playstore,I don't like this app it always logs me out of my favourite game grow a garden,,Will Sarp,1.0,2025-07-17T22:58:41,,Negative,Game & Xbox Integration,com.microsoft.familysafety,0.0,a01aa1bf-cadd-46c3-b20b-1c8430c249ab,,-0.4,0.4,0.4,,
a197ff043d8b34e74c9ab73398a32bad,playstore,no way to remove devices linked to accounts. no way to block members from using specific devices or block them from logging into devices not approved. major security risk. needs to be fixed @MS. u dont need logs for the above. its a feature request,,Johann du Preez,1.0,2025-07-17T11:00:10,,Neutral,,com.microsoft.familysafety,1.0,a80e76aa-cca6-4fb6-9e9a-41d104d6a1b2,2.0.3.1064,0.040625,0.23124999999999998,0.040625,,
7b657cd7076252a4d2c9ada9754563f1,playstore,Stopped working again. Unable to block or lock device. Whenever it fails it makes it less restrictive and I have to block the internet via my router instead. Child can still use computer offline but I require it to be locked.,,Felicia Nuske,1.0,2025-07-15T17:13:50,,Negative,App Blocking,com.microsoft.familysafety,1.0,a1c45376-6c42-47c8-83cb-28ecb00b1f3b,2.0.3.1064,-0.3888888888888889,0.2888888888888889,0.3888888888888889,,
3ac20362cd816b758e2ad0cadbe8a164,playstore,frustrating app not work properly,,K solanki Solanki,1.0,2025-07-15T15:52:24,,Negative,Full Frustration,com.microsoft.familysafety,0.0,eed58899-9a57-4d43-bb52-32f2938c5238,2.0.3.1064,-0.2,0.5,0.2,,
2114b2c068ec91832a3e98de37c2b8de,playstore,"difficult time while signing in. i did choose the right number for verification in my outlook app, but the family safety app thought it was a mistake! please review this flow logic!!!!!!",,Arief Hutomo Aji,1.0,2025-07-13T18:50:41,,Positive,,com.microsoft.familysafety,0.0,7375e2ae-5bf1-47ef-a759-3e77237e6b1e,,0.25,0.7678571428571428,0.25,,
3483ba5f0d28b6aeb4a287826af5b08d,playstore,"The app is like all other MS apps, slow, cumbersome and not functional. Time limitations don't function accurately and exceeding time limits is a total problem on its own. It doesn't work when the time limit is over.",,Emre KARAYAZGAN,1.0,2025-07-12T17:50:29,,Positive,,com.microsoft.familysafety,1.0,dc952799-408e-4580-b338-dfde3eac8418,2.0.3.1064,0.11499999999999999,0.6316666666666666,0.11499999999999999,,
d2fe764664f30a6b3d54c6f26baa574b,playstore,Website usage is not getting recorded. As a result don't know the times spent on specific websites. Please fix it asap.,,Samhita S,3.0,2025-07-12T13:38:25,,Neutral,,com.microsoft.familysafety,0.0,5dfd3421-03ab-43c3-b1fe-6540750f91a0,2.0.3.1064,-0.05,0.1125,0.05,,
be34aae3e4b2eb2e08671860f6768fce,playstore,for protective parents but doesn't make you feel hovered over,,Mandi Lane,4.0,2025-07-11T02:23:48,,Neutral,,com.microsoft.familysafety,0.0,1e964d79-db15-46dc-a570-d28efd2bfdd0,2.0.3.1064,0.0,0.0,0.0,,
5ce935d3c7cc54fe096c54723f966b84,playstore,"Microsoft is NOT PS friendly. Made an account so my child and I could game together. Blocked from multiplayer because of age restrictions. Again, not PS friendly, no direct options to unlock play. Wants to link to Xbox or computer. Both of which is useless for us. We have PS only. Every article just leads to circles. Cannot for the life of me find the ""allow"" option. Changed my kids age, still locked, removed from my account still locked. Utterly FRUSTRATING. Had to unlink account from system",,Mario G,1.0,2025-07-10T08:12:30,,Neutral,,com.microsoft.familysafety,1.0,95186031-44fd-43e3-a1f9-3f1adad80c6d,2.0.3.1064,-0.05,0.5,0.05,,
1cebd258a0f17e982db1566c13a225c3,playstore,Litteraly wont open,,Kati Klatt,1.0,2025-07-10T05:23:58,,Neutral,,com.microsoft.familysafety,0.0,6fd62940-cdef-410a-af4b-8e2af1d17227,2.0.3.1064,0.0,0.5,0.0,,
7069a4508e5e3cd47439608a34abe80e,playstore,"I only downloaded because it was supposed to fix their bug that prevents web browsers (not Edge....) from working at all. It didn't help. I can't even use it because I'm the only member of the ""family"" so it just does nothing. Trash. Wasted my time.",,Christopher Holsen,1.0,2025-07-09T11:06:08,,Negative,App Performance,com.microsoft.familysafety,0.0,b574547e-50dc-45ca-9b6b-c7db93c5e5e9,,-0.06666666666666667,0.6666666666666666,0.06666666666666667,,
562cc307e8c2c1d28c2d1085b42ba88e,playstore,worst thing ever made,,Bradley HObbS,1.0,2025-07-08T02:31:26,,Negative,Full Frustration,com.microsoft.familysafety,0.0,19fa9876-e823-4c1d-8b76-99d136b1028c,2.0.3.1064,-1.0,1.0,1.0,,
3a0ce0c0fad171bd9fb4bd7dea8cdef3,playstore,it lags and is very slow most of the time. takes forever to apply changes and sometimes doesn't apply them at all even though it saves and shows that it does in app.,,Casey Mogle,2.0,2025-07-07T22:30:27,,Neutral,,com.microsoft.familysafety,0.0,34a4292b-3425-4d1e-916d-c9e4285d7119,,0.054999999999999966,0.51,0.054999999999999966,,
5efa3af80c3d8dcc192f594c1ba1bbc7,playstore,"Excellent parental control app, keeps me updated with what my son is doing on the Xbox, Phone, and Laptop weekly.",,Accra Kwalela,5.0,2025-07-07T18:39:39,,Positive,,com.microsoft.familysafety,0.0,059b03dd-0a71-4c68-8b17-c573b042dbd2,2.0.3.1064,1.0,1.0,1.0,,
a4652692ec15a7d63dd7d268f453685a,playstore,Got two kids and this app. really help me to control them. I got leverage thank to this app,,Sergio,5.0,2025-07-06T08:17:10,,Positive,,com.microsoft.familysafety,0.0,1f6b2171-efb4-453e-9c91-dfeda844ceaa,2.0.3.1064,0.2,0.2,0.2,,
1f2535f21bfbdf0a25720c144cc89407,playstore,it's good 👍😊 thanks 🙏,,DANDU SHAFIULLA,5.0,2025-07-05T22:02:08,,Positive,,com.microsoft.familysafety,0.0,4f4e41f9-e844-4eed-a484-98c0de49f3d0,2.0.3.1064,0.44999999999999996,0.4,0.44999999999999996,,
c783eabe4096dee86d09a7981067190a,playstore,Need these apps to control the kids access as well as their activities.,,Muhammad Wasim Munir,5.0,2025-07-05T20:47:18,,Neutral,,com.microsoft.familysafety,0.0,0d1d1349-55e4-454d-8132-880b58364343,2.0.3.1064,0.0,0.0,0.0,,
a8315dc185e682a925f15e5e517ed0b6,playstore,App worked setting up one child. Upon adding second child app went blank. completely blank. it is hard to imagine a multinational creating an app that fails so badly. it simply isn't working. What a waste of time.,,Antiprotivnik,2.0,2025-07-05T16:22:41,,Negative,App Reliability,com.microsoft.familysafety,2.0,27a73814-ab82-4b88-bb20-fed8e9f43aed,2.0.3.1064,-0.14166666666666666,0.17125850340136053,0.14166666666666666,,
87a7e0dbff8ac8a6addcbeff500ad399,playstore,Useful!,,Johan Steven Núñez González,5.0,2025-07-04T03:42:01,,Positive,,com.microsoft.familysafety,0.0,0c573b7f-e579-4e2a-80cf-0699d9262096,2.0.3.1064,0.375,0.0,0.375,,
bd096640be3f459eb367cedf134d4325,playstore,The most broken app I have used in a long time,,Katie Chance,1.0,2025-07-01T22:20:24,,Neutral,,com.microsoft.familysafety,1.0,db197997-82db-4077-b9f2-5bad2d2aff95,1.21.0.908,0.01666666666666666,0.43333333333333335,0.01666666666666666,,
9b5fd618ae8d87f2e928bc2308a63f72,playstore,Very useful tool in controlling how much time my kid spends on the video games.,,Les Harris,5.0,2025-07-01T15:49:11,,Positive,,com.microsoft.familysafety,0.0,6f570ceb-d10d-4f8a-81d8-ecb07183fe26,2.0.3.1064,0.29500000000000004,0.1,0.29500000000000004,,
6145ef07319d6e0704339c7b2cd10d91,playstore,"I've been using Microsoft Family Safety to help manage screen time, but unfortunately, it’s been more frustrating than helpful. The request-for-extra-time feature frequently fails, approvals often don’t go through unless the request is sent multiple times Even worse, the app and game limits reset every day, so I have to manually reapply the settings each morning. This makes it extremely inconvenient and unreliable.",,Xiaoxia Huang,2.0,2025-07-01T14:36:54,,Negative,Screen Time,com.microsoft.familysafety,3.0,0e3eca33-d7fa-4bb9-a781-c586c8855ab5,2.0.3.1064,-0.28750000000000003,0.5874999999999999,0.28750000000000003,,
8c8debeb1e92101d6f5dec0e6210f7ab,playstore,it initially worked well until my son's computer automatically updated itself to windows 11 instead of windows 10. now I can't see half of the things he does and it no longer tracks how long he is on the computer. so frustrating!,,Tammy vollo,2.0,2025-07-01T04:39:07,,Negative,Full Frustration,com.microsoft.familysafety,1.0,9dff7a36-a68d-408b-9ffb-87683e1106d3,2.0.3.1064,-0.17916666666666667,0.3666666666666667,0.17916666666666667,,
50d41a835dd25e62ccfce64a0bb3dd26,playstore,A's,,E g.srabon E g.chowdhury,5.0,2025-07-01T02:06:05,,Neutral,,com.microsoft.familysafety,0.0,7ff9df4e-b712-42d7-9cdf-1ba1368c114b,,0.0,0.0,0.0,,
3581dffea05ca15a4cdf914fe74ed22b,playstore,cant even change childs permissions my child plays minecraft I'm trying to change permissions so I can friend them so I can monitor who she friends online microsoft has lent no support and very difficult to navigate the app,,Thomas Durrant,1.0,2025-07-01T00:31:09,,Negative,Customer Support,com.microsoft.familysafety,1.0,29f4358b-fd45-40c5-a92f-b3900ac65f51,2.0.3.1064,-0.65,1.0,0.65,,
b0aa1a49faff82b2964eadd6d6525708,playstore,Simple to use.,,Letholor Letholor,5.0,2025-06-30T19:02:58,,Neutral,,com.microsoft.familysafety,0.0,0d9d01f6-d244-4d16-a26e-123086908f41,2.0.3.1064,0.0,0.35714285714285715,0.0,,
359a6aa43c1320fc112ffde4f774cfcf,playstore,"In theory, Microsoft Family Sharing is a great idea. However, I currently can not edit a child's Minecraft bedrock app profile settings to find & add friends because we are using a Samsung tablet. this absolutely sucks. The ideal fix would be to allow the child to request permission edits like they are able to request for funds.",,Dez Monae,1.0,2025-06-30T08:36:27,,Positive,,com.microsoft.familysafety,2.0,dd0361fb-9496-4c78-b86a-25ae59e94b1c,2.0.3.1064,0.38,0.615,0.38,,
30d5ace3a3fd4b1ac6e0df82bbec20ba,playstore,it's better than Google parental controls i can limit sites screen time and require approval for purchase by card i can also add balance for purchases within a limit,,Shadow Warrior,5.0,2025-06-30T08:21:39,,Positive,,com.microsoft.familysafety,4.0,dee9f591-fc4d-4627-8bab-4dba4d634bb0,2.0.3.1064,0.5,0.5,0.5,,
4e287d3a31683888ce654446b0e5c6a7,playstore,this app is terrible.,,Brandon Werner,1.0,2025-06-29T23:24:53,,Negative,Full Frustration,com.microsoft.familysafety,1.0,bf5384fc-c7bb-4870-9b4b-d8dbb5247763,2.0.3.1064,-1.0,1.0,1.0,,
dd5873567a7248347ec975ac5fa52700,playstore,sangat membantu membatasi pemakaian gadget utk anak2,,Abdul Malik,5.0,2025-06-29T12:56:46,,Neutral,,com.microsoft.familysafety,0.0,64fbcec1-368f-43a8-9f4a-25912bc1c921,2.0.3.1064,0.0,0.0,0.0,,
bff4fd35c60dde1285543088ee80a40e,playstore,not user friendly. limited options.,,Alireza Dianati,1.0,2025-06-28T07:11:35,,Positive,,com.microsoft.familysafety,0.0,e725b40d-1f5f-4638-a188-493fb538a28c,2.0.3.1064,0.1517857142857143,0.3214285714285714,0.1517857142857143,,
8e06d80fb676a4f6518592192da5a871,playstore,useless when trying ti actually navigate the app,,Dylan Edwards-McCoy,1.0,2025-06-27T17:27:45,,Negative,Full Frustration,com.microsoft.familysafety,1.0,62500eaf-1c42-4099-acbe-6959e8dac10d,,-0.25,0.15000000000000002,0.25,,
024bfa41606335efcf74224c5954f34f,playstore,"Was difficult to add money to sons account, now its impossible..no idea what changed but it now just hangs....",,GamTamGuy,1.0,2025-06-27T16:22:44,,Negative,Login & Account Issues,com.microsoft.familysafety,1.0,b7b23e4b-fc75-4469-8ef3-984d4b833953,,-0.5,1.0,0.5,,
6c629dc832b5b1d8b48f2aa5b7f1fd8f,playstore,Unbelievably bad experience in setting up payments. Unbelievable.,,Antal Szilágyi,1.0,2025-06-26T15:20:43,,Negative,Add Money,com.microsoft.familysafety,0.0,85abe935-ea54-4479-866e-dc4488776668,2.0.3.1064,-0.4749999999999999,0.8333333333333333,0.4749999999999999,,
9be5ef41afbde36522a30b7bd5233d6e,playstore,"it blocks a lot of things as well as a harmless browser, Opera GX, most likely because it wants people to use Microsoft edge, which is honestly the worst browser in existence and it blocks a lot of harmless apps including Roblox once",,Emily Williams,1.0,2025-06-26T02:57:43,,Neutral,,com.microsoft.familysafety,1.0,537e6fc6-8318-4b15-9f54-a8ff909d75c2,2.0.3.1064,0.05999999999999996,0.7,0.05999999999999996,,
5125e18bd087c2bb6e4504d8f39ec6ce,playstore,The best app from Microsoft to have control over the kids time spending and what they can use and not. I really love it and still learning it to utilize it to it's best capabilities.,,Zarar Meo,5.0,2025-06-26T00:06:42,,Positive,,com.microsoft.familysafety,4.0,2eb6714e-633f-40b7-8365-b6ab1a20a483,2.0.3.1064,0.5833333333333334,0.39999999999999997,0.5833333333333334,,
0e13ba46286ac2bfe652f3ef6f9819c8,playstore,"it is a good application, but sometimes it takes too long to load the configuration or apply the configuration on the devices",,Jeffric Alexander Fuentes Heiz,4.0,2025-06-25T23:46:08,,Positive,,com.microsoft.familysafety,0.0,f3f24f87-28dd-4859-8bd9-9326436ed64b,2.0.3.1064,0.32499999999999996,0.5,0.32499999999999996,,
ba7ef08d9848c2764dd93d730174763b,playstore,"Annoying to use, doesn't consult users when making changes (eg completely blocking apps for ""safety concerns"" so you can only use Microsoft apps) and does nothing to allow you to get around it other than leave the ""safety net"" it grants you",,Samuel Badock,1.0,2025-06-25T22:51:14,,Negative,App Blocking,com.microsoft.familysafety,1.0,98fcfe89-719c-4d8b-a146-8d3f9b41059a,2.0.3.1064,-0.165,0.5349999999999999,0.165,,
de070d575fb33c97f40a6d17b5ee61b8,playstore,"when time up ,it doesn't lock screen, useless",,Wendee Ng,1.0,2025-06-25T22:15:34,,Negative,Full Frustration,com.microsoft.familysafety,0.0,446c0903-2075-4416-be4f-a7b989e0184e,,-0.5,0.2,0.5,,
cc555478ca1ec8dbdbbcd5c8081c5cbe,playstore,DO NOT GET IT IS MALWARE,,Jackson,1.0,2025-06-25T19:09:41,,Neutral,,com.microsoft.familysafety,1.0,59d916cd-cc5f-448b-95f1-7b39b951dada,2.0.3.1064,0.0,0.0,0.0,,
53fafc13fab19dd3073c959e72195120,playstore,Does not work. Have set up time periods and limits for my child and he was constantly going over them. I would pull up the app and it would show 6 hours of 5 hour limit used and nothing ever stopped him. I went to look on his computer and a window comes up saying he has 15 mins left but if you just exit out of that window it let's you keep playing.,,Eric Miller,1.0,2025-06-25T18:05:04,,Neutral,,com.microsoft.familysafety,2.0,feb88181-3640-4344-9139-4614e981aa15,2.0.3.1064,0.0,0.16666666666666666,0.0,,
5e5449d591d2d95e43d779e179ec42f7,playstore,"No working properly, kis smart enough can trick the system and, even with you set up, they still use sites, etc. No matter if you limited time, block app or website... was working fine at the beginning but, few months ago, this app is trash... 🤦🏻‍♀️",,Lili R,1.0,2025-06-25T02:22:30,,Neutral,,com.microsoft.familysafety,1.0,9c60edac-12bf-4ce0-96ef-6e771f8e237c,2.0.3.1064,0.05992063492063492,0.33095238095238094,0.05992063492063492,,
0937616afb65a873259f61174fe8970d,playstore,"It used to work. Now it doesn't register any device and the older accounts do not register screen time or app usage anymore. It's not the app's fault, it's just very bad programming and management from Microsoft. Just like Windows 11.",,Remi Lafaye,1.0,2025-06-25T01:13:55,,Negative,Screen Time,com.microsoft.familysafety,1.0,3463a20e-596d-407c-b7dd-c0b945d759ea,2.0.3.1064,-0.3716666666666666,0.6,0.3716666666666666,,
e1cb966882a21788c4a58d251cf72d18,playstore,"""Allow more time"" doesn't always work with a Windows laptop. it's a lenovo yoga. sometimes it works, sometimes it doesn't and requires many requests",,Imran Akram,1.0,2025-06-24T02:35:22,,Positive,,com.microsoft.familysafety,0.0,9cdd2dd5-1297-4934-b4d2-de2ce33752ae,2.0.3.1064,0.5,0.5,0.5,,
515759d2a3c47db83b02ab6fc10f0fab,playstore,"Poor quality, things go wrong all the time, the GUI is awful",,Tal Pikan,1.0,2025-06-24T01:01:31,,Negative,Full Frustration,com.microsoft.familysafety,0.0,5441d41b-3c08-4624-9a8d-33a0def9ede2,2.0.3.1064,-0.6333333333333333,0.8333333333333334,0.6333333333333333,,
e47687eaae16c7bcf5168a3df64d115f,playstore,"Aplicație rudimentară, nu poți pune filtre nu poți vedea decât activitatea în bing, nu poți salva filtre.",,Valeriu Lazar,2.0,2025-06-23T20:27:06,,Neutral,,com.microsoft.familysafety,0.0,ab9aeef6-d9f4-49ce-8066-172f57fa56fc,2.0.3.1064,0.0,0.0,0.0,,
d62521df7767b7172662a275448bacc9,playstore,control of children accounts,,Sergey Sedyh,5.0,2025-06-22T23:24:58,,Neutral,,com.microsoft.familysafety,0.0,aa03280d-c469-4230-9a07-91e9e8a33910,2.0.3.1064,0.0,0.0,0.0,,
8758b4c12f2e3b7d0dc9be466dc7b679,playstore,hot garbage app. Jesus the amount of repeated notifications are annoying. outdated app doesn't match what the Xbox is telling me for my child's account. one says go to family settings to allow them to play the game with you. the other doesn't say anything but screentime,,John Dickson,1.0,2025-06-22T22:42:39,,Negative,Notifications & Alerts,com.microsoft.familysafety,1.0,c70f0c1f-a800-4539-8284-ce1272ac4232,2.0.3.1064,-0.29500000000000004,0.6316666666666666,0.29500000000000004,,
ae0d6ccb4e5747278f8f73b49a6e1e8e,playstore,Few features. Very slow,,Stef Rave,2.0,2025-06-22T16:32:34,,Negative,App Performance,com.microsoft.familysafety,0.0,15476397-7e02-49a6-bb2e-b6220a376a9a,2.0.3.1064,-0.29500000000000004,0.31,0.29500000000000004,,
056be00886f071c19b22badb14ec9ec0,playstore,"The saftey features are rubbish. not only is there no way to manually add websites you want blocked, by turning on ""safe search"" for Edge searches it automatically blocks Chrome from being used and by extension, Google Drive. I can control sites, apps and child safety already on chrome and google owned products. This microsoft version is ridiculous. Unfortunately as my 10 year old son has a laptop I am stuck having to use it - but with all saftey searches switched off to use chrome. Stupid.",,Gemma Akester,1.0,2025-06-22T00:54:52,,Negative,App Blocking,com.microsoft.familysafety,4.0,9375ed03-8bb0-4e62-87c8-68ac9b34eb46,2.0.3.1064,-0.1722222222222222,0.7833333333333333,0.1722222222222222,,
5e7b2074895a7988955c5c1aed123f13,playstore,I like it to be aware of my family's activities,,Arturo Cuevas,5.0,2025-06-21T07:32:50,,Positive,,com.microsoft.familysafety,0.0,40c675b6-8ce7-4890-beee-da10a502198e,2.0.3.1064,0.25,0.25,0.25,,
a3c626122f05ca48a29eae50cd6ff423,playstore,it sucks because most of the games i have it blocks it,,Constance Hodges,1.0,2025-06-21T07:07:38,,Neutral,,com.microsoft.familysafety,0.0,fdab5e68-e252-40a8-aa67-58e2af0b2351,2.0.3.1064,0.1,0.4,0.1,,
2bd92806541a0a793f5ffb9225c2a6a0,playstore,Great app!,,Louis Ong,5.0,2025-06-20T03:24:01,,Positive,,com.microsoft.familysafety,0.0,f1af9faf-0900-45cb-8d74-ddea7d2bc6d7,2.0.3.1064,1.0,0.75,1.0,,
aedc7f7d9fe3129335449f22391b94f9,playstore,"in the app, I turn on content filter for ""inappropriate websites"". on the laptop, child gets a message to ""ask"" to use site. He clicked ""ask now"", I get it pop up in my app. I click allow. The browser still keeps on blocking the site. :-( no solution!",,Vladimir Yerokhin,1.0,2025-06-18T09:28:37,,Negative,App Blocking,com.microsoft.familysafety,1.0,c42a9811-ebf3-4448-81ca-9b41cce1cf92,2.0.3.1064,-0.9375,1.0,0.9375,,
3a1a370d89d77905fd4bfe3264672c7d,playstore,"used to be good now it's stopped working. added a family member, member accepted the invitation but showing the member.",,Faiz Junaideen,2.0,2025-06-17T19:05:22,,Positive,,com.microsoft.familysafety,0.0,e1435fe6-319d-43a5-9cf9-f8d3ec58ecd6,,0.7,0.6000000000000001,0.7,,
7bdac64d373795b567d6f6f2f44689d6,playstore,Can't even sign in. Logs me out now I try once to sign in and it says 'too many attempts'.,,Mat,1.0,2025-06-17T15:08:18,,Positive,,com.microsoft.familysafety,2.0,30800d37-56df-415f-9259-20f84d611e99,2.0.3.1064,0.5,0.5,0.5,,
16586d95136910b9ae57a8820c03ef85,playstore,"Time limits are broken for this app, my son has limits of zero for a few games but never requests time and always plays as much as he wants. I've spent a few weeks communicating with Microsoft support about this, and it has been a frustrating and useless experience. They don't want to hear about bugs, they keep repeating useless advice, and they don't read my messages. They just want to close the support ticket with the least effort. They aren't even trying to solve the problem.",,Joseph Powell,2.0,2025-06-17T09:13:18,,Negative,Screen Time,com.microsoft.familysafety,5.0,84b9aed8-8bf7-476a-9501-a497bdde248c,2.0.3.1064,-0.26666666666666666,0.2777777777777778,0.26666666666666666,,
f4e6d6c838da6ee1a06c91861bd3a519,playstore,"absolute garbage. no matter what I do I can't turn off time limits even though they show completely off. have to continually go in and add more time. hate this app. and Microsoft before you say to send logs etc from the app, I have already done so. totally useless app at this point. notifications dont work either.",,Cory Lubbert,1.0,2025-06-16T06:21:50,,Negative,Screen Time,com.microsoft.familysafety,1.0,dd068806-14ed-447b-a2ed-2b18ba66f315,2.0.3.1064,-0.1,0.5800000000000001,0.1,,
d5d142c7305106a837dd342258ce51c0,playstore,"this app is a nightmare to use and does work. I've granted access more than 40 times to use a game. Xbox keeps prompting me to use the family access control to change settings. How does a software company so big, fail so badly!?",,Abe Millsap,1.0,2025-06-16T00:30:01,,Negative,App Blocking,com.microsoft.familysafety,0.0,f79f1030-0b7d-4f62-8f95-24ceb54dcb21,,-0.255,0.39333333333333337,0.255,,
a96b3d310d41d0b8ab45c39bbe02bc4b,playstore,terrible app terrible controls awful layout,,Alexander,1.0,2025-06-15T07:36:42,,Negative,User Interface,com.microsoft.familysafety,0.0,aa90c1d3-1e55-4573-994e-d11eb143060d,2.0.3.1064,-1.0,1.0,1.0,,
8a72983a0e1809a95170245403dfd729,playstore,Helps keep my family safe online 🤠,,Dominic Murtagh,5.0,2025-06-14T08:52:08,,Positive,,com.microsoft.familysafety,0.0,e1586fb0-ce74-4d16-a5ad-9f54582f3ac8,2.0.3.1064,0.5,0.5,0.5,,
e1f7485102ffa7075dabfd07b63af5bb,playstore,edited to reply to developer post I just get a white screen. nothing else. won't even open after last update but in general requests don't come through properly or approval doesn't work,,Danielle Quinn,1.0,2025-06-14T05:59:01,,Neutral,,com.microsoft.familysafety,0.0,22fb0be7-978b-4536-b49a-634aec5a4da8,2.0.3.1064,0.010000000000000004,0.23333333333333334,0.010000000000000004,,
a17bc1d59a7ca22411d807402e82bfca,playstore,Good,,ANSH,5.0,2025-06-13T17:20:46,,Positive,,com.microsoft.familysafety,0.0,bbcf4ac5-6229-46eb-afc1-1505fa14755b,2.0.3.1064,0.7,0.6000000000000001,0.7,,
8789f94074cc71488f6dc4bd4c94ddfc,playstore,"Too many inconsistent bugs to be reliable. Every time I try to do anything with my children's account I have to enter 2 step verification. Which is fine, but after I log in the app blanks out and won't load. Then after I try to reload the app I get locked out because there are too many attempts to login. This is a great concept but the app was built poorly.",,Rex Bellomy,2.0,2025-06-13T02:50:03,,Positive,,com.microsoft.familysafety,1.0,6fdf756c-af55-46ac-a118-1c26f65fc6fe,2.0.1.1046,0.3633333333333334,0.5700000000000001,0.3633333333333334,,
d7e5e8657ecff9a5118a5500d86799ef,playstore,"delays in aap permissions, otherwise ok",,Pharma Rama,4.0,2025-06-12T17:13:30,,Positive,,com.microsoft.familysafety,0.0,c8491d66-b573-4074-ac8e-144745a0cf71,2.0.2.1058,0.5,0.5,0.5,,
fca32682c91a34fa2f804cbbc5a82cc3,playstore,Apple could never. This has been SO helpful. THANK YOU,,Michael Miller,5.0,2025-06-12T07:16:11,,Neutral,,com.microsoft.familysafety,0.0,38e6ce4b-f206-4122-8f42-669082940225,2.0.3.1064,0.0,0.0,0.0,,
a22fa4ddbe0eab31f180279013647469,playstore,why does the app show my son used the computer for 3 min when I know he has been on it for 3 hours. and it's not reporting time spent in each app grrrr,,Kimber Beck,3.0,2025-06-12T05:36:17,,Negative,Others,com.microsoft.familysafety,0.0,ef586e85-931b-4ae0-8661-3e427aa6579c,2.0.3.1064,-0.39999999999999997,0.45,0.39999999999999997,,
f3e4391a7daf41e11f001efe3bdfa943,playstore,One star until I can set a single screen time limit that applies to all devices again. Why was this even removed?,,Sean Laibinis,1.0,2025-06-12T02:24:29,,Negative,Screen Time,com.microsoft.familysafety,0.0,fe45bab3-2ed3-4830-ac16-1aad8ee54a33,2.0.3.1064,-0.07142857142857142,0.21428571428571427,0.07142857142857142,,
e8e6f8e832bf96332b1e165f1f0b54b0,playstore,"Good app, but problems on Win 11 with recognition of kids user account log-in. possible due to 3rd party antivirus, firewall solution.",,David Matulin,4.0,2025-06-11T16:44:37,,Positive,,com.microsoft.familysafety,0.0,e1554c7e-b66e-49e2-bc0f-ba94a94e5d52,2.0.2.1058,0.275,0.475,0.275,,
520cb37480a58e45ef4c06723fbb8b20,playstore,"added limits and times to my son pc. it seems there is no communication between the app and devise. For example, Windows gives a message that you can use account on 11th June at 7am, but it is already 11th 9am. Another example is that I set 2 hours a day and i see in the app that my son used 45 minutes, but Windows shows message that time is already used and he need to request more time!!! useless app",,Andrzej Bejmart,1.0,2025-06-11T15:21:18,,Positive,,com.microsoft.familysafety,3.0,1fada39f-5d43-4ff0-8006-52a37d8e1e32,2.0.3.1064,0.23828125,0.35,0.23828125,,
dd602d25d9aac3860507c7e136edef73,playstore,"Take some pointers from Google and fix this clunky unnecessarily complicated app. Why does the clock time not run concurrently, why am I not able to allow a schedule that goes past midnight into the next day? Why does the app change a set time to the nearest 30 minutes? I don't want the time set for then. It's annoying having to accept requests for the extra time I should already be able to set. Why do I have to approve websites multiple times before my child can visit them?",,Ann Marie,1.0,2025-06-10T02:23:50,,Negative,Full Frustration,com.microsoft.familysafety,2.0,d63bf678-80ce-4f87-9fab-eee3d915b5d1,2.0.2.1058,-0.1625,0.4375,0.1625,,
372a9d5a45a0bdf987223a1135613436,playstore,"slow , stupid , time setting for kids sometimes works , sometimes it doesn't!!",,Ashraf Alhujaili,1.0,2025-06-09T11:01:56,,Negative,App Performance,com.microsoft.familysafety,1.0,ae9d48ba-0f22-4253-bd5c-5cc43727b5a0,2.0.3.1064,-0.65,0.7,0.65,,
6bc64dd8fd67c44856c4991267a77cb1,playstore,slow and crashes a lot but working,,Asfand Qazi,3.0,2025-06-08T20:46:53,,Negative,App Performance,com.microsoft.familysafety,0.0,365ba542-e906-4e12-8882-f52fe1d49f63,2.0.2.1058,-0.30000000000000004,0.39999999999999997,0.30000000000000004,,
b516068202310395151b3f74c41bb49d,playstore,it's a good app. helps me to manage windows screen time of my daughter.,,Amit Kalyani,3.0,2025-06-08T16:19:38,,Positive,,com.microsoft.familysafety,0.0,538d7f20-9c6b-493e-8bf1-71062a343810,2.0.2.1058,0.7,0.6000000000000001,0.7,,
3f77fbbac732f628d717aacd328f0ff8,playstore,don't waist ur money or time on test apps in the USA just another one off there test apps,,Johnson Smith,1.0,2025-06-08T14:57:51,,Neutral,,com.microsoft.familysafety,0.0,9b8ee549-b54c-488e-a13d-3e571e90508e,2.0.2.1058,0.0,0.0,0.0,,
bfd1624686a8075e95deda685ba85c99,playstore,it works but here lately I've been having issues.. when i open the app it gives me a blank screen.. Ive been trying to help my daughter get into a game that is approved and it is blocking the game when we try to log into it. buþ i habe to have this stupid app just so she can play certain games 🙄,,Jennifer H (Jennie),2.0,2025-06-08T03:23:02,,Negative,App Blocking,com.microsoft.familysafety,0.0,fdf7b070-855b-4694-b20d-20ed24c616ab,2.0.2.1058,-0.24081632653061225,0.4959183673469388,0.24081632653061225,,
482b59bf49dd2f770038f2c2e0342725,playstore,"Recently, it's logging my daughter out of her account. Thus, disabling the app. The only way it will let me log her back in is through a VPN. It's like Microsoft has blacklisted her from logging in through my home internet. The error literally states to try with a VPN, and the link gives useless info.",,Travis Wright (T-DUB),1.0,2025-06-06T18:06:00,,Negative,Login & Account Issues,com.microsoft.familysafety,0.0,c985c03c-54a2-4a4a-8bb6-102550ada033,2.0.2.1058,-0.125,0.3625,0.125,,
de06f52ea9ff932ff88075e9e47c74f5,playstore,"useless ... with activity reporting on for everything. it always says i need to enable activity reporting. times are not accurate. i set a digital timer for his xbox. set it to 3 hours, I turn the console off after 3 hours, app says he was playing for 4 to 7 hours? useless info probably just another way for google and microsoft to mine data. if you use this. STOP......",,BK Dempsey,1.0,2025-06-06T05:46:58,,Negative,App Usage,com.microsoft.familysafety,1.0,5ba8d430-9f02-4677-a6de-6f7cc7657b27,2.0.2.1058,-0.30000000000000004,0.2583333333333333,0.30000000000000004,,
1d5d47400cf4c516612da575bad906bd,playstore,"overall functionality fine does what it says, but really slow to load, open and save stuff. needs and overhual",,J E,3.0,2025-06-06T03:18:44,,Neutral,,com.microsoft.familysafety,0.0,934893bb-fab5-4dea-9e5d-a2232b8d4d6f,2.0.2.1058,0.02916666666666666,0.35,0.02916666666666666,,
67584f88490fea4529add4940ec9b915,playstore,I wish there was an actual viable competitor to Microsofts garbage,,Andrew,1.0,2025-06-05T20:38:12,,Neutral,,com.microsoft.familysafety,2.0,cb3abbf6-217e-4bd2-8d07-ccd180b0c2f3,,0.0,0.1,0.0,,
eaca496496ac5dc81a74f9e7415078fa,playstore,um still waiting for that screentime request,,Colin B,5.0,2025-06-05T10:31:13,,Neutral,,com.microsoft.familysafety,1.0,0cc34b07-fbdd-4168-8ac4-eeab9a6e2742,2.0.2.1058,0.0,0.0,0.0,,
2f0de91e85bd968279f9f95241f5acee,playstore,"it's a vital tool in today's family's with kids using laptops at school from grade 6. please add more features and tools to make it easier for parents. it's a constant battle to block things and the kids find more. A ways to set a laptop to ""school mode"" would be great, and a home pc to ""home mode"".",,Gavin Thornton,4.0,2025-06-05T04:57:52,,Positive,,com.microsoft.familysafety,1.0,c2a2dbc1-857b-422e-b16d-08ff3f9a25a4,2.0.2.1058,0.38,0.4966666666666667,0.38,,
dcbabd4b954f38a0472d4a7c5d455495,playstore,"very slow to load anything and when you go to add money to account takes ages as it freezes or fails to load so you have to start again, dont seem to be able to block selected games just age ratings and that great either",,Matt Woodck,3.0,2025-06-04T20:13:29,,Positive,,com.microsoft.familysafety,0.0,6b10164a-da1a-4c15-ae15-6c9a5f48c668,2.0.2.1058,0.10249999999999998,0.5487500000000001,0.10249999999999998,,
69426cb1d5597a2f469ce1d373e020d7,playstore,OMG this app is soooo slow. super frustrating. fix that asap feedback sent with logs.,,Sebastiaan ten Hoeve,1.0,2025-06-04T13:46:16,,Negative,App Performance,com.microsoft.familysafety,0.0,03aa32fb-3da9-4ce9-9e5d-86f1a216a504,2.0.2.1058,-0.12222222222222225,0.6555555555555556,0.12222222222222225,,
59ba0d604f24ffce2350472fd8d144c2,playstore,not good,,Davide Dallara,1.0,2025-06-04T01:30:27,,Negative,Others,com.microsoft.familysafety,0.0,fc064787-de3f-4875-9ea2-f00b2dd8744b,2.0.2.1058,-0.35,0.6000000000000001,0.35,,
ce8cbe44dd26127d09fb327d2bf55191,playstore,very effective and convenient for managing screen time for each child in our family! also love the ability to block certain things-thank you!,,Stephanie and Travis D,5.0,2025-06-04T00:05:47,,Positive,,com.microsoft.familysafety,4.0,55478d88-68e3-4a40-9b9a-4416b8339a0a,2.0.2.1058,0.580952380952381,0.7238095238095239,0.580952380952381,,
41fd745a0cb79bb617979f152b236a82,playstore,raised the vote for customer service being patient trying to resolve issues on connecting win11 devices. had to redo all recommended steps several times until the device suddenly appeared. not exactly plug and play.,,error on line 1,3.0,2025-06-03T02:37:44,,Neutral,,com.microsoft.familysafety,0.0,4dfd1cac-4546-4291-9267-b1e68e792141,2.0.2.1058,-0.041666666666666664,0.25,0.041666666666666664,,
d3b1e80d22ca0ec49f60f1c907448a8c,playstore,"There are too many subscriptions, we were paying for some seemingly used one time subscriptions.",,"GARY KALOOSTIAN, JR",3.0,2025-06-02T09:53:33,,Positive,,com.microsoft.familysafety,0.0,7ad9fc03-bb64-4b0c-89ee-97310808a769,2.0.2.1058,0.5,0.5,0.5,,
b1773e781aa1601957e809b073516845,playstore,one of the most useless apps in existence. almost no settings can be changed in this app.,,Allan Knox,1.0,2025-06-01T22:37:48,,Neutral,,com.microsoft.familysafety,0.0,51c8aee6-e7b2-48b6-aa09-64216a72d286,,0.0,0.35,0.0,,
a91049e2210c7bbb1eb483d1ace3e736,playstore,"Feel in control and peaceful. No hassle, pretty smooth.",,alok bhute,5.0,2025-06-01T08:05:31,,Positive,,com.microsoft.familysafety,0.0,b6ff1bb2-fe64-4b19-9318-98359cf224d0,2.0.2.1058,0.3,0.6666666666666666,0.3,,
8d958dfdb69675376a857d034f0290cf,playstore,"Probably the worst parental control app I've used. It takes forever for approvals to surface on the Windows machine, and buying things like Mine coins for my kid is such a hassle with the loading of funds and then ""allowing"" the purchase several times before it actually goes through. And the blocking or allowing of sites also takes forever to propagate to the computer. Then there's also the ""add a website"" input field that doesn't even work. Has anyone at Microsoft even tested this app?",,Jimmy Multani,1.0,2025-06-01T01:05:44,,Negative,App Blocking,com.microsoft.familysafety,1.0,5f465b60-51d5-401c-a249-c80b2666f195,,-0.25,0.4,0.25,,
8b79f34e8083e0d382aca6cdcb17e6e2,playstore,does what I need it to do. never really run into any issues,,Shawn Lemon,5.0,2025-05-31T19:19:26,,Negative,Others,com.microsoft.familysafety,0.0,18512490-6c3e-4dde-97ee-55fdfa31ff28,2.0.2.1058,-0.1,0.2,0.1,,
124fb1ffd814f4c4ad0a8cf72abcc003,playstore,Every. Single. Action. Is. Slow. Even navigating around is slow. I suspect they have a single potato powering this app. Add more potatoes please.,,Keagan Chisnall,1.0,2025-05-31T04:36:47,,Neutral,,com.microsoft.familysafety,1.0,cfcb9d56-bedf-459d-8872-68587616558d,2.0.2.1058,-0.02380952380952382,0.30476190476190473,0.02380952380952382,,
1b9d9c18d676a8df28f9a3e3975e6af6,playstore,it's not werking at all,,H S,1.0,2025-05-31T00:13:19,,Neutral,,com.microsoft.familysafety,0.0,8ccf9389-c944-4e63-b0b4-bbe61ac671e2,2.0.2.1058,0.0,0.0,0.0,,
1b91d038143720fc584d1a44a644b59b,playstore,more options needed,,Dror Wald,3.0,2025-05-30T20:01:44,,Positive,,com.microsoft.familysafety,0.0,05347734-8b25-4c98-a9c8-9520ed8707eb,2.0.2.1058,0.5,0.5,0.5,,
82b1a44499c10c92a044c6b57345f750,playstore,good,,Ankur Jain,3.0,2025-05-30T18:53:31,,Positive,,com.microsoft.familysafety,0.0,d508bb86-16cb-469a-acde-4c251294fc88,,0.7,0.6000000000000001,0.7,,
f5bd8978d6e32362e50ce496320a55ec,playstore,this is a horrible app. so challenging yo do basic stuff and constantly broken. too many request issues. no notifications when something is pending. it sucks,,Jim Uechi,1.0,2025-05-29T00:01:42,,Negative,Notifications & Alerts,com.microsoft.familysafety,1.0,6d171d2d-0958-4b45-a5dc-0e7e51af38d1,,-0.11666666666666665,0.5541666666666666,0.11666666666666665,,
4395799aca1dec7f7a2a6326630f290b,playstore,almost everything is super app for childs and other family members monitoring app,,Satyam Kumar,5.0,2025-05-28T17:09:36,,Positive,,com.microsoft.familysafety,0.0,8850fa39-4c7d-4221-95d7-3fea12cfbb0e,2.0.2.1058,0.10416666666666666,0.5208333333333333,0.10416666666666666,,
d7aff6a64ee9cab512647614caf75c84,playstore,"I'm having. trouble having android phone pickup on the app. from what I can gather, the applicationa reflect on family safety. but, the app doesn't record the time spent on the apps and games on android. this information is needed to know",,Phillip Human,2.0,2025-05-28T12:50:39,,Negative,Devices,com.microsoft.familysafety,0.0,73113462-3fc3-4411-b420-120d4a901b1f,2.0.2.1058,-0.15000000000000002,0.15000000000000002,0.15000000000000002,,
fdd0b12b17420ea6508cfa9c0f3cd019,playstore,𝐸𝑥𝑐𝑒𝑙𝑙𝑒𝑛𝑡 𝐴𝑝𝑝!!! 𝐼 𝑐𝑎𝑛 𝑐𝑜𝑛𝑡𝑟𝑜𝑙 ℎ𝑒𝑟 𝑡𝑖𝑚𝑒 𝑙𝑖𝑚𝑖𝑡𝑠 𝑎𝑛𝑑 𝑏𝑙𝑜𝑐𝑘 𝑐𝑒𝑟𝑡𝑎𝑖𝑛 𝑎𝑝𝑝𝑠. 𝐼 𝑛𝑒𝑣𝑒𝑟 ℎ𝑎𝑑 𝑎𝑛𝑦 𝑖𝑠𝑠𝑢𝑒𝑠 ℎ𝑜𝑤𝑒𝑣𝑒𝑟 𝐼 𝑤𝑜𝑢𝑙𝑑 𝑙𝑜𝑣𝑒 𝑖𝑓 𝑖𝑡 ℎ𝑎𝑑 𝑙𝑜𝑐𝑎𝑡𝑖𝑜𝑛 𝑠𝑒𝑡𝑡𝑖𝑛𝑔𝑠 𝑏𝑢𝑡 𝐼'𝑚 𝑙𝑜𝑣𝑖𝑛𝑔 𝑡ℎ𝑒 𝑎𝑝𝑝.,,Toni Estwick,5.0,2025-05-27T15:05:13,,Neutral,,com.microsoft.familysafety,4.0,ff6453cb-f0f0-40cd-b184-988b8c3d4727,2.0.2.1058,0.0,0.0,0.0,,
17e5545a679a7c86eac4bed183907361,playstore,ome function not working,,Sheraz Chaudhry,2.0,2025-05-25T22:47:52,,Neutral,,com.microsoft.familysafety,0.0,01e96116-37eb-4277-91bb-93a6a699bdc4,2.0.2.1058,0.0,0.0,0.0,,
f39ce0f584cb3a96440a3d70b9a8a3d0,playstore,"The software tracking is wildly inaccurate and contradictory to what the website says. For example, I know that my son has play a specific game for about an hour (because we played together) and both the website and the app are saying 2 different number (both of which are wrong). Great idea and some impressive control features, but they have a long way to go.",,Richard Womack,2.0,2025-05-25T20:16:36,,Positive,,com.microsoft.familysafety,9.0,d3175940-35b9-43bc-aaa8-cb2d46128613,2.0.2.1058,0.11875,0.571875,0.11875,,
81a8b28a55bd3e4138ce55c068276ce9,playstore,This app has been great for limiting screen time for my three sons! Easy to use and can unlock from my mobile remotely if needed.,,tipi walker,5.0,2025-05-25T00:40:31,,Positive,,com.microsoft.familysafety,1.0,329f9a3b-7d8c-412c-b66e-5c700e9e6249,2.0.2.1058,0.4444444444444444,0.5944444444444444,0.4444444444444444,,
bfef7be247e576666736e00c9fa47cf6,playstore,must have for every parent,,winny g,5.0,2025-05-24T20:06:38,,Neutral,,com.microsoft.familysafety,0.0,ba28accf-4e79-4b85-bbe3-1cdc5ace01d8,2.0.2.1058,0.0,0.0,0.0,,
0fd9380bd5e76bd3c4b9ffacadae9c0a,playstore,By far the slowest and most frustrating user experience of any app I use 😮‍💨,,Stephen Roughley,3.0,2025-05-24T11:47:01,,Neutral,,com.microsoft.familysafety,1.0,87dc2474-8b3d-4f0a-b0b4-51b1af23a73d,2.0.2.1058,0.06666666666666665,0.7999999999999999,0.06666666666666665,,
61dffd510f99326d516a12dc9ffec639,playstore,"Payments - who knows? It's like a twilight zone. You're making a payment then... you're not. You go back, but you're not back. You're... nowhere. But then your bank says you're making a payment... but you're not. Try it again. It's different, but it still doesn't work. So what's the conclusion? No idea. That's what this app is like.",,Ivar Eden,1.0,2025-05-23T20:22:58,,Neutral,,com.microsoft.familysafety,0.0,633bab01-c399-4fa5-bc74-dea466cd25d4,,0.0,0.19999999999999998,0.0,,
4c0356e5e4a4f0af08c62c6d5e27a1f0,playstore,"Slow, clunky, and difficult to navigate. Needs simplifying to unlock apps/devices for a set period of time rather than navigating through menus trying to find a way of adjusting the time to unlock things. It should be as simple as receiving a notification to unlock with a simple No/Yes/Time limit selection, such as on the Google Family link app",,Greg Borthwick,2.0,2025-05-23T01:51:25,,Negative,Screen Time,com.microsoft.familysafety,1.0,582efe3b-2474-4a44-83e8-5fc8efbb748c,2.0.2.1058,-0.16,0.5228571428571429,0.16,,
1ed3f7ef3af4530ea58d5f72f61e9576,playstore,app does not work log in on my fold 5 just a blank screen,,jano lulham,1.0,2025-05-22T06:48:20,,Neutral,,com.microsoft.familysafety,0.0,1eb95f98-7aa6-43c2-9257-e3f447bd1a19,2.0.2.1058,0.0,0.0,0.0,,
da883b422b2b49b5317954781f0b4440,playstore,"I gave my son some screen time and it took ages for my son's account to be unlocked. Also, there's no way to give bonus time for screen or apps without being asked",,Intekhab - Md Intekhabul Hafiz,1.0,2025-05-21T15:01:54,,Neutral,,com.microsoft.familysafety,1.0,ae91f505-f5af-4279-b073-376951e41b71,,0.0,0.0,0.0,,
32491f6e6b1e1e728f254f7cc97cf6d5,playstore,"This App is far inferior to Xbox family, which makes it that much more frustrating. The UI is counterintuitive, it pulls in XBox but not in a useful manner, and it's lacking control features. I cannot add bonus time without a request, and once my child is out of time the request won't process as the Internet connection is blocked. Just copy XBox Family for Windows devices and we'll all be better off.",,Eric Shaffer,2.0,2025-05-20T19:37:25,,Positive,,com.microsoft.familysafety,10.0,c6951349-ec2e-4c06-ab9c-aa895826cf69,2.0.2.1058,0.2,0.58,0.2,,
a209d3a6a862c86ef4b48ced567504ed,playstore,Takes too long to load 😡 I tried to send the logs but it keeps running but doesn't send. What's the email?,,MS,2.0,2025-05-20T15:51:10,,Neutral,,com.microsoft.familysafety,0.0,57a42990-4fac-47a1-861a-5a91a0e106a3,,-0.05,0.4,0.05,,
7df0c8fe8ff4b7327acc8e1fe428a1a7,playstore,it never works properly,,Christina C,2.0,2025-05-20T03:35:02,,Neutral,,com.microsoft.familysafety,1.0,247a37f4-a9fb-4225-ab23-761b6d0c9fed,2.0.2.1058,0.0,0.1,0.0,,
97b348dcaf5aecdb0532beb3d209472d,playstore,Really helpful for moderating children's usage of their Microsoft-linked devices,,George O.,5.0,2025-05-19T12:33:39,,Positive,,com.microsoft.familysafety,0.0,8ae2ee10-7386-418b-a463-439550b802ac,2.0.2.1058,0.2,0.2,0.2,,
4c7b242902afaa4cca329c1abb3f3a7b,playstore,super app to regulate my kids times on the computer,,Chika Moronu,5.0,2025-05-19T06:36:17,,Positive,,com.microsoft.familysafety,0.0,397e4c76-6c34-4705-8454-93fb4e966092,2.0.2.1058,0.3333333333333333,0.6666666666666666,0.3333333333333333,,
61102d98224c72596d4b7f91c76d2c17,playstore,"Please add feature so parents can allow all website with specific TLD. eg. *.gov, *.gov.in etc. Google Family Link has this useful feature already.",,Akhil Suden,5.0,2025-05-18T17:58:23,,Positive,,com.microsoft.familysafety,0.0,33c67a81-8a2a-4a2b-9d50-1ed1e695aafa,2.0.2.1058,0.15,0.0625,0.15,,
05fe1f356c5a5600f7870469a6379e8b,playstore,we need to protect our little ones from what is not safe for them the Internet has alot of useful content but don't forget that there's also alot that is not suitable to be heard or seen by the little ones,,Kembo Moureen,4.0,2025-05-17T16:36:47,,Negative,Others,com.microsoft.familysafety,0.0,ad1d0a97-dc74-4b13-adfc-6dd57329a05a,2.0.2.1058,-0.12000000000000002,0.45,0.12000000000000002,,
3859fe74b618ecb458f210c391871e1b,playstore,"Useful app, thanks a lot 🙂",,Eugeniusz Eugeniusz,5.0,2025-05-17T01:18:17,,Positive,,com.microsoft.familysafety,0.0,2c3e9d1f-0e14-4b1f-8a3c-bd6f78e88363,2.0.2.1058,0.25,0.1,0.25,,
a5dba667f772cabcf3a5f97bfaffa982,playstore,doesn't work. goes in loops,,Sebastian “Seb”,1.0,2025-05-16T16:03:02,,Neutral,,com.microsoft.familysafety,0.0,bb57466d-b3dd-4ef2-ab85-828adf3f11dc,,0.0,0.0,0.0,,
6d74580394742132fc980d19c825c647,playstore,works great,,Naairah Lee Muhammad,5.0,2025-05-15T21:54:09,,Positive,,com.microsoft.familysafety,0.0,fc70bd0a-495b-4b72-8d1b-d47014cb2af1,2.0.2.1058,0.8,0.75,0.8,,
9d5fd2259c3917c1dbaa8a8ee7a4c9b3,playstore,nice tool.,,Maria B.,5.0,2025-05-15T21:06:47,,Positive,,com.microsoft.familysafety,0.0,7d47cf37-155f-4261-a7e1-87f6ee64c9a9,2.0.2.1058,0.6,1.0,0.6,,
343a58970ed249c8b1a31ce417089228,playstore,"Overall, quite good controls. Some sporadic bugs sometimes make impossible to lock/unlock remotely.",,Roberto Guida,4.0,2025-05-13T22:37:56,,Neutral,,com.microsoft.familysafety,0.0,0ac57ed6-8693-47e3-81c9-e338af5a771a,2.0.2.1058,-0.01666666666666667,0.45,0.01666666666666667,,
9dac417668101fbfa8cfb80f395489be,playstore,Great,,Gabriel Michael,5.0,2025-05-13T01:38:33,,Positive,,com.microsoft.familysafety,0.0,e4e7b5b0-c223-479c-a79c-8e292ce4eff5,2.0.2.1058,0.8,0.75,0.8,,
1545c4595644e6deae5f42a378913f60,playstore,best app,,sarfaraj,5.0,2025-05-12T14:11:24,,Positive,,com.microsoft.familysafety,0.0,24814b38-70c0-4660-b69e-6b2b5e84e09b,2.0.2.1058,1.0,0.3,1.0,,
ab651407f722585babdd1b69508b1ee1,playstore,Stuck loading,,Michael Lepkan,1.0,2025-05-12T01:09:27,,Neutral,,com.microsoft.familysafety,0.0,475cd0b5-d921-4b3b-9c17-198b9c4428fb,1.24.2.962,0.0,0.0,0.0,,
7a16611834fd16f0dcb7b5dd62ae2732,playstore,not working properly,,Samuel Olorunfemi,3.0,2025-05-12T01:07:33,,Neutral,,com.microsoft.familysafety,0.0,b9dcdf37-bdb9-4bf7-adf4-64a514ecb335,2.0.2.1058,0.0,0.1,0.0,,
297b81ffa56abede3aaddb63e42a3d30,playstore,very good,,Thetheyuvin Kalister,5.0,2025-05-11T20:03:45,,Positive,,com.microsoft.familysafety,0.0,d7b100a7-eb0b-44da-8688-7331bc06db59,2.0.2.1058,0.9099999999999999,0.7800000000000001,0.9099999999999999,,
5df45cfb5472bb4f06a476af1aebd986,playstore,"It gives me lots of control over time spent on devices; it seems to work for the most part, on everything Microsoft-owned. I do have an issue with blocking websites, however. It seems I can't save any website I enter in the allowed and blocked sites section, and there's no obvious way to add multiple sites, possibly an oversight in the app design. I assume this works fine on the Microsoft Family website.",,Bobby V,4.0,2025-05-11T08:23:05,,Positive,,com.microsoft.familysafety,0.0,9a2fa4d1-684b-4867-9124-ee0fb986cc7d,2.0.2.1058,0.1361111111111111,0.43333333333333335,0.1361111111111111,,
cf9f5191c95af22527ce39a99d93775f,playstore,the app should be have more options....,,Hector Montero,3.0,2025-05-11T07:39:05,,Positive,,com.microsoft.familysafety,0.0,4883b434-d557-4698-b54c-1746a1194379,2.0.2.1058,0.5,0.5,0.5,,
eba8c5ea8dc17a5a9d10ff6cdbf9fbeb,playstore,pls allow to set in 15min increments. limited ton39 mins right now. thx.,,F V,4.0,2025-05-11T06:34:49,,Positive,,com.microsoft.familysafety,0.0,2b1402ab-20fd-44ed-aae4-bc3646da7535,2.0.2.1058,0.10714285714285714,0.3392857142857143,0.10714285714285714,,
51ebf02ef9397c3313c35958724956a3,playstore,"slowest app to use, constantly taking ages to load screens and refresh it's content. I've never experienced such a poorly optimised app",,Daniel Walsh,2.0,2025-05-11T04:39:25,,Negative,App Performance,com.microsoft.familysafety,0.0,f8033fbc-48a7-4fd4-9bef-7234273f98c3,2.0.2.1058,-0.2,0.5833333333333334,0.2,,
c997d24a532af4df091bf99e043ab5b0,playstore,"Beyond terrible. Invasive, buggy, nonsensical. Now cannot share office with a family member without them getting linked into this awful awful software. Microsoft are not even trying anymore.",,G Hall,1.0,2025-05-11T01:44:53,,Negative,App Performance,com.microsoft.familysafety,0.0,0086086d-aac9-4151-8ff3-e4b8a7d7cbf1,2.0.2.1058,-1.0,1.0,1.0,,
e321edb55886418ddfb39ac9b402b74f,playstore,Don't like it,,Elize Moolman,1.0,2025-05-10T13:56:38,,Neutral,,com.microsoft.familysafety,0.0,5e025add-da42-448e-869b-168467e1fa63,,0.0,0.0,0.0,,
512ce6552799a4fcfda9d5cdae03733a,playstore,you cant delete the app i accedentally installed it now i cant use google or anything,,Alex Bester,1.0,2025-05-10T00:41:27,,Neutral,,com.microsoft.familysafety,0.0,78520075-681d-42f8-b303-53e0a101f297,2.0.2.1058,0.0,0.0,0.0,,
510b3993b734ded5cafa9ce8b9e4f003,playstore,"A nightmare, especially compared to the excellent features of Google Family Safety. Takes forever to load. Requests for extra time get lost and have to be repeated. Granted extra time gets lost somewhere in the traffic, has to be repeated. No way to add extra time without the child running out of their alotted time, and then explicitly asking me for more. No way to readjust the length of extra time once it has been granted. No way to check how much is left of the extra time. Ughhh",,Zuzana Pokorná,2.0,2025-05-09T18:27:28,,Positive,,com.microsoft.familysafety,1.0,d0c596ca-e826-4415-93b8-af96acd7a493,2.0.2.1058,0.16666666666666666,0.33333333333333337,0.16666666666666666,,
0e6c0adc4aa6b9f32d3328f9f2b51a92,playstore,"Good, Family friendly.",,Siré,5.0,2025-05-09T15:33:37,,Positive,,com.microsoft.familysafety,2.0,737534d3-1ecc-4635-97d4-7a2ec0783287,2.0.2.1058,0.5375,0.55,0.5375,,
d4d2c0359b957827143e60f146e58e07,playstore,crashes when I try to ad. site to block. generally been good. overall does the job.,,T H,2.0,2025-05-08T16:48:35,,Positive,,com.microsoft.familysafety,0.0,14d5c236-edff-46f0-931e-a6a513dbc7c0,2.0.2.1058,0.25,0.3666666666666667,0.25,,
a6569fac9e3045dec4ad10816a437c42,playstore,nice one,,Abdulsamiu Abubakar (Abdul A.k),5.0,2025-05-08T07:20:25,,Positive,,com.microsoft.familysafety,0.0,8a6bac12-a93c-4631-8d0c-660b0b0fff48,2.0.2.1058,0.6,1.0,0.6,,
e7fd6b2c8ad85914f7606e7b5ad2c132,playstore,Nice,,Myo Kyaw,5.0,2025-05-08T01:35:03,,Positive,,com.microsoft.familysafety,0.0,be3baa3e-4618-4df0-a385-8798379cdf0b,2.0.2.1058,0.6,1.0,0.6,,
a1c8e787e00fc3c0b704feda67348c1b,playstore,"zero stars. The app won't even load. It says ""let's get started"" I hit that button and it goes to an endless white screen that never changes.",,JustJay,1.0,2025-05-08T00:56:05,,Negative,Others,com.microsoft.familysafety,0.0,aeb076ad-7007-4b80-a569-749005449baf,2.0.2.1058,-0.0625,0.375,0.0625,,
abd2acd93761e458dfec2b9c0478312c,playstore,किती नाटकं या app ची 😡🤦🏻‍♂️,,Mns,1.0,2025-05-07T21:36:55,,Neutral,,com.microsoft.familysafety,0.0,5ac88249-66b8-47b2-b1de-9a8f47c5c7a1,2.0.2.1058,0.0,0.0,0.0,,
660ad424816ed57503917f8102db3a92,playstore,Fantastic app for family safety and screen time control!,,Brandon Bauman,5.0,2025-05-07T08:49:49,,Positive,,com.microsoft.familysafety,0.0,c5a60c95-35cd-450a-981b-10bf87a2fd8d,2.0.2.1058,0.5,0.9,0.5,,
5c8219756dd84f88ca26cb8afe852e1a,playstore,Something went wrong at our end. Give it a few minutes and it'll still be wrong,,Simon Jenkins,1.0,2025-05-07T02:24:40,,Negative,Others,com.microsoft.familysafety,1.0,1cdb5933-9cad-42d9-8788-c6ba603d9e1d,2.0.2.1058,-0.39999999999999997,0.6333333333333333,0.39999999999999997,,
ed84b6fd82fac96d0b6dd098b71d21c6,playstore,requires 3 attempts to answer opening requests,,Asi Golan,2.0,2025-05-07T01:14:39,,Neutral,,com.microsoft.familysafety,0.0,2b716bfe-b624-44df-b521-3d81b777d674,2.0.2.1058,0.0,0.0,0.0,,
d8627b149b6d6d6004084f0a0ddbe794,playstore,App wasn't opening so a reinstall fixed the issue.,,Stephen Petersen,5.0,2025-05-06T22:29:57,,Neutral,,com.microsoft.familysafety,0.0,b3b39521-9a8f-4a5c-b0b9-dca303f4378c,,0.1,0.2,0.1,,
a0e88abd634b90eb2bfc568a6e552c2d,playstore,Good app,,Tolibjon Fayzullayev,5.0,2025-05-06T21:33:15,,Positive,,com.microsoft.familysafety,0.0,b32fe715-70f1-4287-929b-12c0e2ed3c61,2.0.2.1058,0.7,0.6000000000000001,0.7,,
f36c58611429392544769d5d692354cc,playstore,keeps sending me to my home screen when I try to add new block sites through the app,,Tammy Stothart,3.0,2025-05-06T21:05:27,,Positive,,com.microsoft.familysafety,0.0,44fe7268-65f6-46cf-a434-3abf29df72a7,2.0.2.1058,0.13636363636363635,0.45454545454545453,0.13636363636363635,,
c1d1047140f2172ff92ce0a04a661483,playstore,You know how long I spend watching those loading circles per week? Hate this app!,,Robert Hunter,1.0,2025-05-06T16:23:32,,Negative,Full Frustration,com.microsoft.familysafety,0.0,3511048c-b460-4a9f-81bd-6a6ac968f604,2.0.2.1058,-0.525,0.65,0.525,,
f7fb03f28a068a6b052c954c332f3ac9,playstore,"can no longer add funds via the app, you have to use the website.",,johnny bennett,1.0,2025-05-05T21:19:13,,Neutral,,com.microsoft.familysafety,0.0,8157ae48-f17b-4ed9-89a2-288556234a20,2.0.2.1058,0.0,0.0,0.0,,
a6a5b2883e9a57931be4cf3f584b8b77,playstore,great 👍,,Abdalaziz Alchami,5.0,2025-05-04T15:32:29,,Positive,,com.microsoft.familysafety,0.0,8b45357e-ed7c-4f1e-bb88-5dadd1997ba1,2.0.2.1058,0.8,0.75,0.8,,
cb0126edc9fffa36388c3719e288ae94,playstore,"I have been using it for years now, can't remember how long. I'm forced to only to manage my kid screentime. Hardly being updated with new features, usability is bad and you get disconnected midway with never ending loading screen from iframes. Microsoft. this need some love.",,Muhammed Nabil,1.0,2025-05-04T02:22:42,,Negative,Forced Usage & App Dependency,com.microsoft.familysafety,1.0,5a605f60-7e7c-422b-b64f-281fb1fb59ff,2.0.2.1058,-0.10075757575757573,0.5518398268398268,0.10075757575757573,,
c5c3cc2c72282ba78f850273632c62d7,playstore,Mostly pretty good.,,Bilal Majeed,4.0,2025-05-03T23:57:33,,Positive,,com.microsoft.familysafety,0.0,4e614e9b-ced0-480a-9b36-963b2c27211f,2.0.2.1058,0.475,0.8,0.475,,
a89a676961312235d21f46a1b994bb3a,playstore,Another layer of protection and parental control so I can keep my kids safe and allow them to develop skills with technology.,,Jere Cohan,5.0,2025-05-03T22:18:44,,Positive,,com.microsoft.familysafety,0.0,84aae346-9cf1-46cc-8dc8-e49df163285d,2.0.2.1058,0.5,0.5,0.5,,
073233e1fb6112638937cf0e58b265b8,playstore,very Good,,Alexandros Papadimitriou,5.0,2025-05-03T21:21:30,,Positive,,com.microsoft.familysafety,0.0,e21fc196-9079-4d89-a1fb-72db7b22cfad,2.0.1.1046,0.9099999999999999,0.7800000000000001,0.9099999999999999,,
95ee182a1a96aec87a8e44c99572ffc3,playstore,"The app cannot control anything. I set screentime for 1.30 hour but my son can use computer all day long everyday. I hit the ""lock the device"" button and nothing happen",,Varunyu Apisaksiri,1.0,2025-05-03T11:43:47,,Negative,Devices,com.microsoft.familysafety,0.0,e7b9b6ed-b719-4e7a-ac22-743e1e91baf4,2.0.2.1058,-0.125,0.5,0.125,,
8319c23842903b3da73889c7b5a51087,playstore,"The whole point is to be able to block access, but when the kid keeps getting asked if they want a few more minutes, it renders the controls worthless.",,Matt E,1.0,2025-05-03T07:25:21,,Neutral,,com.microsoft.familysafety,0.0,179f2565-7da9-40fd-afdc-3daadc700e5c,2.0.1.1046,0.039999999999999994,0.505,0.039999999999999994,,
e7ef1dc8ef7d949b9b23f178114d0527,playstore,so much to say 6 years with this. it work better than most.,,Chad Conley,4.0,2025-05-03T03:20:44,,Positive,,com.microsoft.familysafety,0.0,e1eeee29-ec85-4ec1-be0a-7289859d98eb,2.0.2.1058,0.39999999999999997,0.39999999999999997,0.39999999999999997,,
f6c07a9451094b53b7999dd8cdd1f8d5,playstore,Lovely,,Bhura Deshwal,5.0,2025-05-02T15:47:13,,Positive,,com.microsoft.familysafety,0.0,276d337a-c54e-40a8-ac25-5ddffe3d0ede,2.0.2.1058,0.5,0.75,0.5,,
c2db2488fbc98b29cb91017541c6bf83,playstore,nice,,Alamin Managing director,5.0,2025-05-02T06:44:09,,Positive,,com.microsoft.familysafety,0.0,de6ca0b5-376f-4245-9d81-76c2cb63f40a,2.0.2.1058,0.6,1.0,0.6,,
d23b4967c6961a368b36586154bc23fd,playstore,I'm the only user on my account. I'm trying to download a game. Ive been directed to this app to replenish whatever restrictions are preventing me from from doing. I've never used the app before so I expect nothing to be set up. There's nothing there. No profile and no set restrictions. I can't play Oblivion.,,Kami Komplex,1.0,2025-05-01T05:09:19,,Negative,App Blocking,com.microsoft.familysafety,0.0,4b1bb92c-2d50-4c50-80ac-51d0de090f52,,-0.2,0.7,0.2,,
ad7b3db491a36c78cb24d060d7672a32,playstore,"crash on open. tap on the menu of an app that never open, always crash?",,Pablo V.,1.0,2025-04-30T18:23:30,,Neutral,,com.microsoft.familysafety,0.0,9fb5c9d7-0d22-4494-ba4d-4c731809b7a9,2.0.2.1058,0.0,0.5,0.0,,
12056a1378e55f413e9f752a0cdd0989,playstore,It's stopped working!!,,keo528528,1.0,2025-04-30T05:37:29,,Neutral,,com.microsoft.familysafety,0.0,8cfa03ec-ce27-47c2-b5a1-ea40d3f9de6b,2.0.2.1058,0.0,0.0,0.0,,
b53ccb4d3c2046a23af6b11c05488166,playstore,"I am really not happy with his app. the first few days, it worked perfectly. lately, nothing works. my app says my kid is not on his device when I see him on it all day. when he sed a request for more time, we have to do it 3 or 4 times before it works, if it will. I wind up having to remove limits for it to unlock. and now, nothing is reporting, and my sons laptop is locked out, and we can not get it unlocked.",,James Henry,1.0,2025-04-28T11:41:50,,Neutral,,com.microsoft.familysafety,1.0,a592eaf9-6c94-4f48-8417-a787d2d8a7fe,2.0.2.1058,-0.030000000000000006,0.5066666666666666,0.030000000000000006,,
485c5307a7589ecf972ec7df6c50ed01,playstore,bro let me play on my PC dad 👎👎👎,,TANA AMIN,1.0,2025-04-27T23:36:16,,Neutral,,com.microsoft.familysafety,0.0,860ee12d-db43-45c2-8783-9db097e1fb69,2.0.2.1058,0.0,0.0,0.0,,
1444f79f7c490c10a6c65010c677f2f6,playstore,difficult to use . numerous password to access features and difficult to set controls,,stuart ebbage,2.0,2025-04-27T02:43:48,,Negative,Login & Account Issues,com.microsoft.familysafety,0.0,23d7cd8a-8c48-4512-8272-2d5b204dd76b,2.0.2.1058,-0.3333333333333333,0.8333333333333334,0.3333333333333333,,
9e552728d22b3ca04f52c025b21b7b43,playstore,My first one star review and I hate being forced to do it. I can't add my child and therefore they cant be granted permissions to play online. I addressed my issue to MS help and they accessed my PC remotely to stumble upon the same issue that turned out to be a server issue. I was promised that my issue will be solved after 24 hrs but no. even after 72hrs of repeated trials. I am not going to compare. but if it is not for the Minecraft game I would have removed Family Safety immediately. Fix it,,Mazin Ibrahim,1.0,2025-04-27T02:14:49,,Negative,Customer Support,com.microsoft.familysafety,1.0,9b068208-eb8b-4221-bfc9-8361584c0fd9,2.0.2.1058,-0.2166666666666667,0.3430555555555556,0.2166666666666667,,
5cb9ab149c7dcacefaafc16ccd5a45ca,playstore,"provides a great free way to keep track of what your kids are up to and set restrictions. it loses a star because it's quite clunky, not always easily navigable and website links never seem to work. otherwise a great app",,Paul Mahoney,4.0,2025-04-26T23:20:42,,Positive,,com.microsoft.familysafety,0.0,c240ecef-522e-438f-a616-daf0a22d888d,2.0.2.1058,0.42666666666666675,0.6466666666666667,0.42666666666666675,,
c9938e0cff32d4dc3d2dc5e86ea17bb8,playstore,"Screen time management is a nightmare. As a parent, I want to limit total screen time across all devices! With this useless app, we have to micro manage each different platforms ( windows, Xbox, mobile etc) individually. So when a kid has reach a time limit, they can just switch to another platform. Clearly this app is designed so that kids can spend MORE time in front of a screen, when it should be the opposite. 1 star rating.",,Alexandre Campagna,1.0,2025-04-26T18:58:53,,Neutral,,com.microsoft.familysafety,13.0,08bb1546-bb6d-44d9-a4bd-99cf9f80afb8,2.0.2.1058,0.014285714285714282,0.4047619047619047,0.014285714285714282,,
7d90f86446597c69dcc0ba85835d222a,playstore,"Slow, cumbersome, with a UI that takes ages to load and makes zero sense once it does. And what's up with rounding screentime to the nearest half hour? No other parental controls app does that, because it makes zero sense. Also, 15 minutes should round up, not down.",,Noel Down,1.0,2025-04-26T15:28:50,,Negative,App Performance,com.microsoft.familysafety,4.0,e8c4ac3a-4733-429e-a665-bbfe660ea9c5,2.0.2.1058,-0.1052777777777778,0.32611111111111113,0.1052777777777778,,
67b2b70274a4c81f6a4969afd533e05b,playstore,I cannot use this app. I'm trying to let my grandson use my laptop but it keeps saying he has to connect a device. My laptop is the device I want to monitor his time but it keeps saying that he has to log in. When he logs into his account on my laptop it says he has to connect a device,,Sheila Mitchell-Murphy,1.0,2025-04-26T09:06:51,,Neutral,,com.microsoft.familysafety,0.0,ac44c822-3583-4cfc-95ba-c92b24a3d2b0,2.0.2.1058,0.0,0.0,0.0,,
1f538dcf6e48ee18ace994821aad6c3a,playstore,its been better now aye? let see,,R. Rizcky “fmkiddo” N. Ardhy,4.0,2025-04-26T08:46:20,,Positive,,com.microsoft.familysafety,0.0,66e74f57-7c20-403d-9a7a-b023cc32e96d,1.25.1.989,0.5,0.5,0.5,,
e3d42f3e6429218ee0a7ac7156bd88cc,playstore,States that screen time is up on windows computer but doesn't state what App/Game/Software used. Syncing is not very good.,,Travis McAllan,2.0,2025-04-26T07:07:18,,Negative,Screen Time,com.microsoft.familysafety,0.0,16ca4c70-03c4-4e07-9458-ff0d83778453,2.0.2.1058,-0.26923076923076916,0.46153846153846156,0.26923076923076916,,
9109c0c9c19ba8d8a82397466fbb26e7,playstore,"good App for family, useful.",,ne moe aung,5.0,2025-04-25T14:31:08,,Positive,,com.microsoft.familysafety,0.0,ecfadfa3-1370-40d6-824f-e3b5d75dcecc,2.0.2.1058,0.5,0.30000000000000004,0.5,,
8920397887175ef8db4c4fafbb573c0f,playstore,I little patience needed in setup but then runs well,,Mike Baird,4.0,2025-04-24T11:46:20,,Negative,Setup & Configuration,com.microsoft.familysafety,0.0,82069502-79fc-4383-8b8c-e4a94fd73f71,2.0.2.1058,-0.1875,0.5,0.1875,,
9592042187e9ad8b6289d0af4fd0b49d,playstore,not working. set up my daughters new laptop and it couldn't stop from a pending invitation. I then deleted her account and re-invited her using the pc's family manager and was able to make it again. except the app still doesnt lock her pc on command or read when her pc is in use,,Jessica Gonzales,1.0,2025-04-24T02:57:14,,Positive,,com.microsoft.familysafety,0.0,faf6864b-298a-43ba-aff6-44980e71b75b,2.0.2.1058,0.3181818181818182,0.5397727272727273,0.3181818181818182,,
5052bcca2e8aeb82c22bc754fc728934,playstore,GARBAGE,,Jordan Radev,1.0,2025-04-22T08:08:05,,Neutral,,com.microsoft.familysafety,1.0,66b11d46-8f77-4ddf-a08f-614fb57ff7b9,2.0.2.1058,0.0,0.0,0.0,,
b7197d08fafd64b19654c4a11560952a,playstore,app won't even open. it's up to date and still won't. error is there's a bug. follow-up. the app still won't open. says bug and closes. so can't send diagnostics that way.,,Sarah L,1.0,2025-04-22T08:02:14,,Neutral,,com.microsoft.familysafety,1.0,0a32edbd-0621-466f-a613-2a8c79593419,2.0.2.1058,0.0,0.5,0.0,,
82b78104aca03b9124c2249b77fd9d40,playstore,"Comon Microsoft! cant you build a decent time management app? The google app is far superior and lets you lock, unlock, add / remove time on devices. This app is a struggle and half the buttons dont work, i am unable to lock a device or add bonus time temporarily only for the day, unless i edit the entire weekly schedule for the day. Expected more from Microsoft.",,Zack G,2.0,2025-04-22T04:34:42,,Neutral,,com.microsoft.familysafety,2.0,d4dff867-c3b0-4454-a2c2-3c3083431838,2.0.2.1058,0.07777777777777778,0.6398148148148147,0.07777777777777778,,
150141b637e4a470989e0b92795be600,playstore,Doesn't work most of the time. Just today sat and watched how my son logged into his account and played even though he had no time allocated to him,,Ian Gous,1.0,2025-04-21T22:08:37,,Positive,,com.microsoft.familysafety,1.0,242efbee-efcb-4818-be19-5936d4bd1a38,2.0.2.1058,0.5,0.5,0.5,,
39081ea3965730f7dc24ba0fd34fe6ce,playstore,"slow clunky mess still, nice work from a rich corporation",,J P,1.0,2025-04-21T02:20:19,,Positive,,com.microsoft.familysafety,0.0,a2766038-4952-49c4-9abf-3ef77d7df8c5,2.0.1.1046,0.12499999999999999,0.58125,0.12499999999999999,,
f44bcf8ad368b6a6233dba6545bb4f87,playstore,"not compatible with android 8? nice! RE: 1) it's not possible to share logs in review, 2) I'm unable to continue using your app because now there's nothing there except 'App update pending', and when I click on 'update app' and open Play Store - I can just enjoy 'The app isn't compatible with your device anymore. Contact the developers for more info'. So, your turn, dear developers.",,Mi Zu,1.0,2025-04-20T23:48:19,,Positive,,com.microsoft.familysafety,1.0,54d50a6a-7a0f-4e10-beb9-d4929cdd9517,1.26.2.1015,0.19166666666666665,0.6666666666666666,0.19166666666666665,,
055a9741ee1dbf63f40ab4fdf5ee39e1,playstore,"Rated by a child, I was just playing a game. It's so frustrating that this app just kicks me out of the app and made me lose my progress. And my character just moved itself when it kicked me out of the app, and it led me to the monster. (it was a mascot survival game) I don't like how you just kick it out. Very annoying! And sometimes, when I just get more time for 1 app, it takes a long time to transfer the time for the app. Very frustrating. It even kicked me out from an Official Fandom Site.",,A Google user,1.0,2025-04-20T23:11:18,,Negative,Full Frustration,com.microsoft.familysafety,0.0,b253f71b-8e2e-4e64-a434-699fbfb5ce59,,-0.32428571428571434,0.6571428571428571,0.32428571428571434,,
6ac3680f3762b18b582debb126718751,playstore,awesome I luv it,,Abbasian,5.0,2025-04-20T19:52:11,,Positive,,com.microsoft.familysafety,0.0,5e14f7ab-949e-4796-925d-1d84036740d6,2.0.1.1046,1.0,1.0,1.0,,
785e57485dcc674ddf7db7a884e38edd,playstore,very helpful. Easy to set up. I love that it sends notifications of games and purchases within games with ratings.,,Jen Nam,5.0,2025-04-20T12:09:24,,Positive,,com.microsoft.familysafety,0.0,b4b39f0c-d332-4f88-a09a-2459aaadaef3,2.0.1.1046,0.37777777777777777,0.5777777777777778,0.37777777777777777,,
af0a89dab165c49f3812cce40d7a352e,playstore,"""Lock device"" button does not work (does nothing, probably doesn't even register clicks).",,Alex K.,2.0,2025-04-19T21:46:47,,Neutral,,com.microsoft.familysafety,2.0,de53f12e-d7dd-4d8a-8ae8-31046636d0e5,2.0.1.1046,0.0,0.0,0.0,,
d215a911aa05fc328bbaed744ceca876,playstore,"Not working, won't even come on. Please fix it. Crashes won't even open. still not working crashing all the time, won't even open",,Mike Inurean,1.0,2025-04-19T10:19:07,,Neutral,,com.microsoft.familysafety,0.0,34698cdc-33d3-44a1-87b6-3f938a405381,2.0.1.1046,0.0,0.5,0.0,,
f16c0e08f9a665b4049ab8b6cd68cf49,playstore,I can't open the app anymore,,Mike Kiss,1.0,2025-04-19T08:32:06,,Neutral,,com.microsoft.familysafety,0.0,1b32c6af-afa3-4a7a-bde3-867947178611,2.0.1.1046,0.0,0.5,0.0,,
e2aaeca3008ebe8612c0a9d3a15dd855,playstore,very useful and very well designed.,,Jessica Puntney,5.0,2025-04-19T03:18:58,,Positive,,com.microsoft.familysafety,0.0,c16fe02c-db9a-44a5-8eb6-b346f9187ba1,2.0.1.1046,0.29500000000000004,0.15,0.29500000000000004,,
f47c605a1650fc52441b045b385ba994,playstore,ridiculous app. It doesnt update when I change screen time settings.,,Daniel Streva,1.0,2025-04-19T01:54:55,,Negative,Screen Time,com.microsoft.familysafety,0.0,60ae9e2d-e14e-493e-9f92-dd4f17d2551e,2.0.1.1046,-0.3333333333333333,1.0,0.3333333333333333,,
da16b206121123311b39a31d6c7d173e,playstore,I can see everything my 8 y/o son is doing on his laptop and it allows me to lift his time. I love this app.,,Katelynn Sosine,5.0,2025-04-18T17:39:19,,Positive,,com.microsoft.familysafety,0.0,25c08e88-a829-4672-8c2c-8f193adb8e66,2.0.1.1046,0.5,0.6,0.5,,
2595d6e0abd23acc4a84fb1cb256c136,playstore,"so difficult to get into and actually do anything. can't keep the sam passwords, I've now gone for a different app with a much smoother user interface that uses just your fingerprint. would recommend it to a busy parent who needs smooth access.",,samuthrarathnam senthuran,1.0,2025-04-18T14:46:12,,Neutral,,com.microsoft.familysafety,0.0,e8fa772b-8077-4ce5-aac2-58429ca1cee9,2.0.1.1046,0.03333333333333334,0.45,0.03333333333333334,,
ef8b9fa1ac74bc56e4c656d5b2726a8a,playstore,"When someone in the family asks permission to buy something ($ 29.99) the only option to add money is to select from a number of preset choices. There is one for $25 (insufficient) with the next one being $50 (too much). A custom field or the ability to pay the exact amount is missing. Should you choose to pay the $50, the remaining balance is non refundable and stays with Microsoft presumably for ever. Should you want to make another purchase in the future, the problem will only perpetuate.",,byReza byReza,1.0,2025-04-18T02:02:35,,Neutral,,com.microsoft.familysafety,36.0,ab9f9db3-00ef-4c31-a8f6-5adad68f70d1,2.0.1.1046,0.03571428571428571,0.375,0.03571428571428571,,
169ee9f9cbbcedac5f1508c6626c843d,playstore,I like the app. just wish there was a way to lock the computer without resetting the time my kid could be on it,,Eugene Hamilton,3.0,2025-04-18T01:05:23,,Neutral,,com.microsoft.familysafety,0.0,b613d609-3074-4d29-b99e-1e1767210ccd,2.0.1.1046,0.0,0.0,0.0,,
5fa9e28ccfb2116caeafdfc1c6c4d3db,playstore,This app is useless my kids always have to ask me for permission if they want to play a game though they are 16 years old. Horrible App.,,Neha Bhatia,1.0,2025-04-17T12:35:51,,Negative,Full Frustration,com.microsoft.familysafety,1.0,fb47cacc-10c2-49c2-927f-f1746114bc20,,-0.45,0.45,0.45,,
15de4e0c367575b126d063977798d8d2,playstore,Awesome app!!,,Mandy Nel,5.0,2025-04-16T13:50:49,,Positive,,com.microsoft.familysafety,0.0,0ea63e1b-1f47-44ff-b84d-7784882ebeeb,,1.0,1.0,1.0,,
24c71dda2f4bcf8c223981db076070f3,playstore,"Why can't you let the old version keep running? Why you're forcing me to buy a new phone? Want me to send logs and feedback from the app that refuses to do anything but update itself? The only possible interaction is a button ""UPDATE APP"". And the store says my phone is no longer compatible.",,Ahti Legonkov,1.0,2025-04-16T07:32:28,,Neutral,,com.microsoft.familysafety,0.0,80818fbc-e97c-46cf-815a-e2ec73a2aad2,1.26.2.1015,0.05909090909090909,0.6636363636363636,0.05909090909090909,,
28452298f27843439ddfc23af6b1ceb9,playstore,this has been great for managing screen time and making sure the children are accessing safe things online,,Jan Bart,5.0,2025-04-15T14:01:12,,Positive,,com.microsoft.familysafety,0.0,71f251fd-e0ac-465f-bde4-109a47e273d4,2.0.1.1046,0.6,0.7129629629629629,0.6,,
279919ba754397b6c7f9e3dc094454b8,playstore,**** family safety,,Lutfi Andes,1.0,2025-04-14T19:47:54,,Neutral,,com.microsoft.familysafety,0.0,8630e95d-3fbb-4be9-b141-20cf89ac3dbf,,0.0,0.0,0.0,,
878da34970744d3337ce13a7456621f7,playstore,bad,,Aiden Brickell,1.0,2025-04-14T14:10:32,,Negative,Others,com.microsoft.familysafety,0.0,c00387e6-4113-46bb-8a2b-17b06f8505d8,2.0.1.1046,-0.6999999999999998,0.6666666666666666,0.6999999999999998,,
7a2037735a6e0d6f27064d2582808198,playstore,"the app is horrible for trying to make purchases to my children's Xbox accounts. each step it says has errors and has to refresh and takes me back to the previous step over and over and when it finally works it thinks it's an unauthorized purchase and puts and can't process payment and apparently puts a hold to where I can't further purchase anything and then have to contact moscsoft customer support. it's ridiculous trying to do anything in it anymore. was good before last ""update"" on it",,Natasha Lynn,2.0,2025-04-14T07:47:04,,Negative,Spending and Purchase,com.microsoft.familysafety,5.0,b33cb93d-642d-4fe4-8d8a-5662f28d9d35,2.0.1.1046,-0.08333333333333333,0.5203703703703704,0.08333333333333333,,
f200808131946625281ddbc1b859b4d3,playstore,"Works ok, very slugish, but does what i need it to.",,Jamie White,3.0,2025-04-14T01:52:42,,Positive,,com.microsoft.familysafety,0.0,08d8495e-6821-4140-9afb-d33b8acd5bfb,2.0.1.1046,0.35,0.4,0.35,,
b6534949a6b2892721bd49088c2cfbf4,playstore,A very good app to control screen time for Kids. Thank You 🙏,,Arjun A,5.0,2025-04-13T11:32:14,,Positive,,com.microsoft.familysafety,0.0,a87f9ae7-8eab-49bd-a1e0-4e17f7a48562,2.0.1.1046,0.9099999999999999,0.7800000000000001,0.9099999999999999,,
360c2af6822ab2f41f77f18f37efa2a7,playstore,they should learn from Google Family Link for the controls. and the kid's computer won't show up in the app even after one week using the computer with the kid's account.... how to control?,,Sing Cheng Koh,1.0,2025-04-13T08:34:42,,Neutral,,com.microsoft.familysafety,1.0,b2fe3632-e285-4d24-807f-ba8b0819d39f,2.0.1.1046,0.0,0.0,0.0,,
3c2f9c4aaf158a668c6f684b4f0502fb,playstore,Sometimes my child's phone won't respond to the time limits I set and neither would apps get blocked when I select them to get blocked. Please fix this issue. It's been like this for almost like 2 yrs now. I want to use this app so occasionally I keep installing it to see whether it works but it's all the same. Help!,,Sana,3.0,2025-04-12T16:27:40,,Neutral,,com.microsoft.familysafety,2.0,cca174a6-873b-422e-bceb-cd5af20fe829,2.0.1.1046,0.0,0.125,0.0,,
f6de5d27716b9d632738e8c1cf45abe6,playstore,outstanding,,steve squires,5.0,2025-04-11T23:43:52,,Positive,,com.microsoft.familysafety,0.0,6679ec8f-b8dc-4382-9877-44b8c5e7797d,,0.5,0.875,0.5,,
14cec188dae6f8ae43415e5fed7c8116,playstore,"Blocking softwares on Windows doesn't work, you can't see other browsers' history, can't set time periods for individual softwares and it always tells me to turn on activity reporting even though I can see the activities already.",,Mateus Scheper,1.0,2025-04-11T21:01:10,,Negative,App Usage,com.microsoft.familysafety,0.0,17c562dd-ba37-45bb-95fd-c2d0b47abd5a,2.0.1.1046,-0.0625,0.3875,0.0625,,
353f78ca94c27ebbb89a17cf9e453924,playstore,Cannot manage anything on this app.,,Ian Fonseca,1.0,2025-04-10T17:03:09,,Neutral,,com.microsoft.familysafety,1.0,6b47f4a6-4925-4499-b252-9b1c6fd64c74,2.0.1.1046,0.0,0.0,0.0,,
bc49c3d42314713160e9e71c1f3a8bc9,playstore,oil Good,,Hardeep Kaur,5.0,2025-04-10T12:12:18,,Positive,,com.microsoft.familysafety,0.0,2f5dd987-d7b2-43c4-93f7-bbb4ce4c9c22,2.0.1.1046,0.7,0.6000000000000001,0.7,,
a7143b05b23e58fea1dd37f68894d11a,playstore,helpfull,,A. Salim Al Anbouri,5.0,2025-04-09T16:21:21,,Neutral,,com.microsoft.familysafety,0.0,7ff8bc61-b6b8-45dd-8a83-4a81c438056f,2.0.1.1046,0.0,0.0,0.0,,
d53343985a8a4012946e2415d2d64db4,playstore,Crashing when going to Spending > Manage (to enable purchases),,Alex Woolridge,1.0,2025-04-09T04:12:53,,Neutral,,com.microsoft.familysafety,0.0,d4bce86e-cc29-4bb0-8148-7d189546a4e6,,0.0,0.0,0.0,,
fd411f792af960520f1559b4a27d1317,playstore,"most frustrating app on my phone. I have 3 kids with their own Microsoft computers. Different response for different accounts. For one account ""Lock device"" works and for another not, both age under 11. Sometimes you unlock the computer but the actual computer won't unlock until you physically do you with your parent password. I cannot say that Microsoft really cares about kids safety.",,Dalibor Kasicky,1.0,2025-04-08T23:09:28,,Positive,,com.microsoft.familysafety,1.0,f29ef254-5b68-4f54-af84-41ccc0cdfa95,2.0.1.1046,0.11249999999999999,0.5053571428571428,0.11249999999999999,,
63c99474586e07e3509d191abca0b327,playstore,works really bad. blocks all kinds of functions that is hard to remove. Androids work better.,,Pierre Eklund,1.0,2025-04-07T16:28:10,,Negative,App Blocking,com.microsoft.familysafety,1.0,071001a2-a0c4-4923-b17b-f632f76f5f59,2.0.1.1046,-0.16388888888888883,0.5694444444444444,0.16388888888888883,,
d759bb33e0c78d9f8eef917b08dfcc13,playstore,very very slow ui,,Prateek Verma,3.0,2025-04-07T09:21:45,,Negative,App Performance,com.microsoft.familysafety,1.0,c074d9ae-3244-4d5a-b953-381e6a2f7213,2.0.1.1046,-0.39000000000000007,0.52,0.39000000000000007,,
ce00b4c0277fcebfcaafb88d4e1b790d,playstore,"Useful app but pretty clunky. It would be better if it were streamlined. I.E if you simply set a daily limit and unlock and lock time, then you could edit each day if you wanted to. Also its very annoying it puts the time to the nearest 30 minutes. for instance i want the screens locked until 7.15am, because that's when she should be ready for school, 7am is too early and 7.30am is too late for her to start. But despite giving me a full clock to select from it won't allow that. Clunky.",,Lucy Skelton,3.0,2025-04-07T07:30:48,,Neutral,,com.microsoft.familysafety,1.0,dc588e25-595a-4a72-84ad-ddf2dec7849a,2.0.1.1046,0.04000000000000001,0.4807142857142857,0.04000000000000001,,
6ae127ac499c9bc32050195bb6aeac77,playstore,it works well,,Robert Collins,5.0,2025-04-07T05:51:17,,Neutral,,com.microsoft.familysafety,0.0,93eebea6-a724-41b9-91e0-eb69b0de85b6,2.0.1.1046,0.0,0.0,0.0,,
ac64dc175d068e507594922d0ca3b55f,playstore,reducing to 3 stars as the app is very slow!!! A must feature to make sure the kids are not exploited and they are in parents vigilance and disciplined.,,Shiva Hr,3.0,2025-04-06T09:19:13,,Negative,App Performance,com.microsoft.familysafety,2.0,a24a1d65-599c-4a60-9c37-30c97ed852aa,2.0.1.1046,-0.13085937500000006,0.7044444444444444,0.13085937500000006,,
fa4a69016bc12d57c9a4ede8cb9d8184,playstore,"Great idea, but implementation is infintile!",,Wayne Prinsloo,1.0,2025-04-05T23:33:32,,Positive,,com.microsoft.familysafety,1.0,7a667ae4-2d89-4413-a440-f580ef44b447,2.0.1.1046,1.0,0.75,1.0,,
567bf19429ada633871d40bb155b0f1a,playstore,I'm an organizer and unable to remove myself from the family group. Says I need to remove consent but there is no option in app or website. This has been an ongoing issue for years. It's ridiculous you can't leave.,,A F,1.0,2025-04-05T21:53:50,,Negative,Parental Consent & Age Restriction,com.microsoft.familysafety,1.0,02ffdcb8-e691-4c96-9569-5112ce54e725,2.0.1.1046,-0.41666666666666663,0.75,0.41666666666666663,,
cfb6b86074ed8da7560bbf3a2e21293c,playstore,simple to use and does exactly what I need to manage my devices and accounts,,Sean,5.0,2025-04-05T00:28:52,,Positive,,com.microsoft.familysafety,0.0,8540e41a-850d-4595-9245-5394052b98a8,2.0.1.1046,0.125,0.3035714285714286,0.125,,
db114dc08e9894a8d6a5a8a6f4c69e80,playstore,"App is poorly made, updates on the parents app take forever to reflect on the child's pc. Adding more time and unlocking pc features are broken. This app functions like an alpha build. Don't expect anything like Google family link!",,Venkata Krishna,1.0,2025-04-04T18:56:51,,Negative,Account Linking & Sharing,com.microsoft.familysafety,1.0,814d5294-d57d-4898-8ba5-b995483d48dc,2.0.1.1046,-0.13333333333333333,0.5,0.13333333333333333,,
b7a477468dfe2cd79aa30c569bb86137,playstore,"Microsoft Family Safety has been a game-changer for managing my kids' screen time. I love the granular control it offers, allowing me to set limits for specific apps and devices. The added flexibility to grant extra time when needed is fantastic, avoiding those frustrating 'but I'm almost done!' arguments. Highly recommend for parents looking for a balanced approach to digital safety.""",,Ferrin Rajan,5.0,2025-04-04T18:10:09,,Neutral,,com.microsoft.familysafety,13.0,f6ada347-05ac-4a36-b640-0a2055416173,2.0.1.1046,0.0825,0.395625,0.0825,,
863e891fd719e4e809e311dacafc797a,playstore,"the new update is so confusing, you have to put in all the time for the week for the time it unlocks to the time shut off but the child can still use it in the morning, how does that benefit the child when parents are trying to place in boundaries when this stupid update allow them to make there own decisions so now my child doesn't go to school because this person on their phone.. so thanks for that as they are too tired to wake up.. maybe as a suggestion putting in info emails to everyone..",,Julie Bennett,1.0,2025-04-04T13:13:47,,Negative,Devices,com.microsoft.familysafety,1.0,9ab77d5b-eaf0-4180-a7c8-fbd8db7a23f1,,-0.09393939393939395,0.6257575757575758,0.09393939393939395,,
8b49299a61cd2780a50cbfded0dc99a9,playstore,app crashes immediately. won't open.,,Jim Becnel,1.0,2025-04-04T07:38:57,,Neutral,,com.microsoft.familysafety,0.0,bfaf7240-bd78-4443-b811-2723af6665e9,2.0.1.1046,0.0,0.5,0.0,,
5c81764303f106f7076997bd63ea6171,playstore,"what to do with the "" Too Many Requests"" error message.",,prem krishna karmi,1.0,2025-04-04T07:36:41,,Positive,,com.microsoft.familysafety,0.0,d2094c77-c48b-4d5d-a966-14cbaf0bdc1b,2.0.1.1046,0.5,0.5,0.5,,
a3163c9cdf73e34d373c94efe7f24cb0,playstore,not sure what is going on the app is working apart from it won't allow me to access the mobile phone part on the user it's just spinning which isn't helpful iv3 uninstall and reinstalled if I turn of mobile reporting I can open it as soon as I turn it back on it goes back to spinning I've rebooted my phone nothing has fixed it help the fact this is the only way to get help also isn't helpful also bring back tthe full lock part as well,,jo jo jo jo,1.0,2025-04-04T04:00:41,,Neutral,,com.microsoft.familysafety,0.0,d4b5946f-0cd6-4474-9bee-63009c0c6fb5,2.0.1.1046,0.024999999999999998,0.39236111111111105,0.024999999999999998,,
720c147b7636bbea5041154843296039,playstore,"***Why is this still unavailable on my Samsung S6 Lite tablet?*** The Microsoft Family Safety app is still unavailable on my Samsung S6 Lite tablet. Microsoft's has ignorantly asked me for logs from an app that I can't install because the play store says not available for the device. The logs don't exists. Also you don't need them, just add the device type to the list so it will install.",,Chris Fisher,1.0,2025-04-04T02:33:35,,Negative,Devices,com.microsoft.familysafety,0.0,eb96def5-4608-4d06-be67-f695c5451659,2.0.1.1046,-0.2,0.4,0.2,,
509bcec76fa83c0758a632c9a55fbcda,playstore,The app stays on white screen when openning. useless right now,,Francisco Aispuro,1.0,2025-04-04T00:19:19,,Negative,Full Frustration,com.microsoft.familysafety,0.0,5305b005-f555-4b68-afe2-7f23df231dc3,2.0.1.1046,-0.07142857142857144,0.24523809523809526,0.07142857142857144,,
2cda153cfb24c913f2cb84c6bc3368b9,playstore,The loading time is very poor. ☹️,,Manjula Sanjeewa,5.0,2025-04-03T20:55:28,,Negative,Others,com.microsoft.familysafety,0.0,8ebfff48-48e6-4e5b-9bac-c8ba357ceb18,2.0.1.1046,-0.52,0.78,0.52,,
a058ecbf4e6b8cd95acb2aac77585cd4,playstore,Your app doesn't show the balance on my son's account. I can only use the browser to keep track of my son's account,,Matt H,1.0,2025-04-03T08:35:28,,Neutral,,com.microsoft.familysafety,0.0,c17a69c1-2092-48eb-aa74-1cd87c9570a1,2.0.1.1046,0.0,1.0,0.0,,
11a31f6d2116dfbcb6c436299fc02d1e,playstore,"extremely frustrating app to use. It is generally not user friendly or it simply doesn't work! At the moment we are trying to accept a purchase, but it keeps saying the server is down. Many times when I receive a message to allow more time, I doesn't go through when I add minutes. Please Microsoft do something! It's as if you don't want us to use parental controls. Family link works so much better!",,Frédérique,1.0,2025-04-02T22:45:20,,Positive,,com.microsoft.familysafety,19.0,18f75333-42bd-4a44-8a63-b823ae746545,2.0.1.1046,0.19305555555555554,0.5057539682539682,0.19305555555555554,,
e00fc3b6e7f03822fdd6c1e71b4f2d3c,playstore,the app is utterly rubbish. MS make you use it for family and none of the services work. can't even authorise requests because the DNS server is down. totally useless and pathetic Microsoft.,,Alex Guy,1.0,2025-03-31T23:56:28,,Negative,Full Frustration,com.microsoft.familysafety,1.0,74f21f2f-1c75-4fe2-a0ef-4efd7ab21f2e,2.0.1.1046,-0.41388888888888886,0.6222222222222222,0.41388888888888886,,
5438e06e426e937f732bddcc5cb83f67,playstore,"Sadly, low functionality and not really offering much protection... 1. Now i-Phone or IOS tablet support 2. No website restrictions across IOS devices 3. No keyword search across IOS devices 4. No easy screentime setting or restriction on IOS devices",,Marius Grobler,1.0,2025-03-31T16:26:25,,Neutral,,com.microsoft.familysafety,0.0,e4c55237-2dd7-4d4a-a93d-850df83f9e87,2.0.1.1046,-0.029166666666666667,0.3833333333333333,0.029166666666666667,,
4c1f4af24a772f0baedb57cc6a374dbf,playstore,"Pueden volver a poner la opción para bloquear el teléfono de los niños????? era la mejor característica de la app, ahora no me sirve para nada.",,Florencia Minnucci,1.0,2025-03-31T14:28:58,,Neutral,,com.microsoft.familysafety,0.0,c663f209-a357-4aed-b0bd-4d1d9dab02f9,2.0.1.1046,0.0,0.0,0.0,,
b98da8ca39b382b9514a805843f0db20,playstore,This app doesn't work properly. Requests for extra time often have to be sent through several times as acceptance to extend time don't seem to come through consistently on Windows laptop. It will also tell the client laptop there isn't much time left when the app shows that there is still time. Changes put through in the app sometimes don't get executed on my child's laptop. Overall a poorly made app from Microsoft.,,Jean Pierre JP,2.0,2025-03-31T12:06:49,,Neutral,,com.microsoft.familysafety,4.0,2480f219-714d-47d4-8d4a-5f008754f5bb,2.0.1.1046,0.006249999999999999,0.15625,0.006249999999999999,,
f9d37b3974a6a8ca3ceb7c6c74611bbc,playstore,"Been 'using' this App since 2023. App will limit time, but it does not update the device in a timely manner, causing stressful situations. Microsoft, do not ask for logs. There are enough neg reviews the issues are repeatable. Fix it.",,A N,1.0,2025-03-30T11:51:18,,Neutral,,com.microsoft.familysafety,0.0,b6f3029e-d105-4863-950a-65509c363536,2.0.1.1046,0.0,0.5,0.0,,
7b1221d9617322f9dfcc8e0f2258a26f,playstore,"Kid sends request for more time, adult approves and nothing happens. Also only shows kids been on device for 20min during the week. I know that's not correct",,Heather Sharp,1.0,2025-03-30T00:02:08,,Positive,,com.microsoft.familysafety,1.0,e9cd8049-3cb4-4215-83b4-2979dd6695af,2.0.1.1046,0.19999999999999998,0.6,0.19999999999999998,,
d1419d9f7277045b3faabce29d4f0ecd,playstore,"Great family administration tool for the Microsoft ecosystem. Does the job with good features especially if using Windows on a range of devices (PCs, laptops, phones etc.).",,Basil D'Costa,5.0,2025-03-29T14:14:50,,Positive,,com.microsoft.familysafety,2.0,28191f96-62f9-425a-bb1a-a27a34dbf337,2.0.1.1046,0.5,0.7833333333333333,0.5,,
fbeb82cffe7e3f0230e93870e63f821b,playstore,would be great if I could change the pin in the app and remove games in the app,,V,3.0,2025-03-29T13:08:48,,Positive,,com.microsoft.familysafety,0.0,962d012b-bbea-4bf4-8258-134c77f00205,2.0.1.1046,0.8,0.75,0.8,,
959fc973a362d28881d2ec2172b0f198,playstore,useful but too slow,,MMZA,1.0,2025-03-29T10:50:23,,Neutral,,com.microsoft.familysafety,1.0,590f309e-adbf-42bb-8580-0cdecb9be76d,2.0.1.1046,-2.7755575615628914e-17,0.19999999999999998,2.7755575615628914e-17,,
ba7b7efec86a53604e94f52e8b0295a1,playstore,can't add websites to allow list. app crashes,,Cade Michaels,1.0,2025-03-29T09:33:24,,Neutral,,com.microsoft.familysafety,0.0,ca0e30fe-d069-409e-bd5d-1c1f134d3bd1,2.0.1.1046,0.0,0.0,0.0,,
0e82d529e617083898314efccf58344a,playstore,"Latest version crashes when I try to add any new website in the allowed websites dialogue. ""Lock Device"" doesn't work. The support 'chat' icon is a dead link. Developers didn't fix anything despite several emails back and forth. A recent Edge update on the PC unlinked the family safety and my kid had absolute free rein of the internet. How can updates of your other products break the so-called ""family safety""? I really expect more from Microsoft.",,M Smith (Martyninoz),1.0,2025-03-28T10:41:46,,Positive,,com.microsoft.familysafety,1.0,f08a0a7f-1a98-4d11-a027-48f8364386a6,2.0.1.1046,0.1464876033057851,0.43450413223140494,0.1464876033057851,,
7369c954340179beeb43edf27779f5f1,playstore,terrible. I approved my kids' requests visiting web sites but the website still blocked within a few minutes. Too slow is useless.,,CT L (Anonymous),1.0,2025-03-27T05:14:05,,Negative,App Blocking,com.microsoft.familysafety,1.0,d9c747b7-ab0f-4dd3-9bf0-937e810133ba,2.0.1.1046,-0.5,0.425,0.5,,
85a0fe8ad647d9c3af450b48f8cdce31,playstore,I havent got to use this yet due to the background application of A different engine but looks thoroughly set in literature and safety with My email and keys for my phone and such. I plan to use it on desktop and often to use on my mobile hand held device,,Vernon C Powell Jr,4.0,2025-03-26T16:22:06,,Neutral,,com.microsoft.familysafety,0.0,e7e1ae40-2936-4187-8023-595d34521365,2.0.1.1046,-0.041666666666666664,0.4916666666666667,0.041666666666666664,,
fbf71bc5a334b58dad100892d8e01ad6,playstore,great,,Angela Tafoya,5.0,2025-03-25T23:43:57,,Positive,,com.microsoft.familysafety,0.0,af1cd9bf-0343-41b3-9874-2dd8f3e28fde,2.0.1.1046,0.8,0.75,0.8,,
a8f3d02db117c0447aaa35f7ffac7764,playstore,"screen time is a new drug - for this reason this app must be needed ! 🆘 Serious Problem - ⚠️ As this is an essential app - it needs a vital update -> each time I perform a step (back or open some option) shows loading screen or loading under each option section , very annoying and difficult to use ! (Looks like a ""web app""! is it?) &) Not so important but not fit with the windows 11 look and feel !",,Rick Chakraborty,2.0,2025-03-24T22:27:41,,Negative,Screen Time,com.microsoft.familysafety,1.0,535694c4-4e93-4095-a13e-64cbb57878bf,2.0.1.1046,-0.1694128787878788,0.5721212121212121,0.1694128787878788,,
1c1f623960c75730a04a8560c961614f,playstore,"Unfit for purpose: children can log themselves out, thus bypassing any safety and security features.",,James McNaughton-Brown,1.0,2025-03-24T18:03:00,,Neutral,,com.microsoft.familysafety,1.0,64b0e065-5d47-4764-a72d-d9108bc9b731,2.0.1.1046,0.0,0.0,0.0,,
fd0e40fd43975f78da8be7f44e003c91,playstore,"On the initial setup it took around 36 hours until the device was visible in the family-app. Besides that, the app works like a charm and does what it advertises.",,David nirschl,4.0,2025-03-23T14:40:25,,Neutral,,com.microsoft.familysafety,0.0,d1c3f5a7-eb83-4649-b730-e3775da7d26a,2.0.1.1046,0.0,0.0,0.0,,
7ae1689834c6c16f76113efa7f6565be,playstore,"Most difficult app. Nothing works logically. Sending invite to join my family member, when she clicks the invite, message pops up that you are already a member. but on my side her invite is still pending. tried multiple ways to accept that but same result. Frustrating.",,Maf Eagle's,1.0,2025-03-23T06:58:52,,Neutral,,com.microsoft.familysafety,1.0,fd570bb3-120c-45f5-98bf-edac9c0c5e1f,2.0.1.1046,-0.025000000000000005,0.46249999999999997,0.025000000000000005,,
ce75b973d6658b840556711580052f8b,playstore,Time limits don't work so you can't restrict how long the kids are using the device. What's the point of time limits if they don't work?,,Richard Dodd,1.0,2025-03-22T01:41:31,,Neutral,,com.microsoft.familysafety,1.0,962c562a-4f08-426e-a5dc-91b8a70c3216,2.0.1.1046,-0.05,0.4,0.05,,
10a325eb02fed09ce84a6f31cb0d8a34,playstore,"Pretty worthless. It won't even allow you to see how much screentime your own account has used. I'd like to set a pin on my own account.... can't find the option anywhere. I'd like to see how much time my account is being used for on certain devices... specifically not a possibility on this app. Microsoft assumes 13 year olds are mature and experienced enough to stay out of trouble online. So... I'm sure it's fine. This app is a waste of my device storage, though.",,Janae Castell,1.0,2025-03-21T21:20:22,,Positive,,com.microsoft.familysafety,4.0,352deb54-fcc4-486b-b5c1-6fcc49cf4556,2.0.1.1046,0.19149659863945576,0.5685941043083901,0.19149659863945576,,
b9b33552473b8627207bed86046acc19,playstore,"Great for Microsoft's stuff, and if you care what your children are doing on the computers. Use it wisely, and you will see what the little ones are getting from the Internet when Microsoft is watching! Everything is tracked by the routers and digital communication devices anyways, so take advantage of getting the information yourself! Why wouldn't you want to know? What are the kids doing? Where did they pick up that idea? What about the future, and the next generation of kind people?",,Joe Meloche,5.0,2025-03-21T00:06:09,,Positive,,com.microsoft.familysafety,3.0,b8aff3c7-b6e9-4f43-ba53-52f7b65a0c7c,2.0.1.1046,0.26651785714285714,0.45357142857142857,0.26651785714285714,,
b3719d205a184e36a1aeb6952e1b74ae,playstore,"Please fix issues with adding money to child account. The 'add money to account' page has to be selected and closed several times before it works. Once getting to the point I can make the transaction I get an error message that there was a problem with the transaction. I re-ran the transaction only to find out that the first one did go through, there wasn't an error.",,Andrea Adam,3.0,2025-03-20T06:19:04,,Neutral,,com.microsoft.familysafety,6.0,47bea19d-d17a-4f5f-982b-d76d1db4c0c0,2.0.1.1046,0.0375,0.35833333333333334,0.0375,,
aa0915ab713e6e4e37b9f2cce509b93b,playstore,This feature is very useful to manage which content and websites children can access. This is extremely important for their online safety and to ensure they are only exposed to their age appropriate content.,,Neo TheGreat,5.0,2025-03-19T11:45:53,,Positive,,com.microsoft.familysafety,0.0,d70169b7-cc54-4db8-ad62-8431c73383aa,2.0.1.1046,0.3225,0.625,0.3225,,
87a618184297136abbde5c9e976b31bd,playstore,"It doesn't say anything about using only usa bank cards to pay for things. I've been trying to remove my child from it and fully deleted our family safety account but it won't let me it says I have to fully delete all of my Microsoft account activities eg xbox, computer",,shannon linton,1.0,2025-03-19T10:05:15,,Neutral,,com.microsoft.familysafety,0.0,ec83fd96-676f-42a9-bb03-8dd7eb57baa2,2.0.1.1046,0.0,1.0,0.0,,
9eee1bf02a6811ae8c67f13fee2d26e9,playstore,I want to delete,,PhantomPro,1.0,2025-03-18T21:28:21,,Neutral,,com.microsoft.familysafety,0.0,641f1787-72ca-4e30-af79-32de6e41b954,2.0.1.1046,0.0,0.0,0.0,,
f040c5110235de05ddbc97d1c2a04dee,playstore,"I hate the way Microsoft.runs family accounts.. in our home we have one xbox, 1 ps5 and the kids have the tablets with apps and what not. Google/Android is better than MS. Sony is better than MS. Apple is better than MS. I dont understand how it can be this horrible. if you wanna play Xbox and the kids play Minecraft on the tablets don't use a different email address.. YOU WILL PAY THE PRICE WITH YOUR INSANITY!",,Danny P,1.0,2025-03-18T07:13:39,,Negative,Devices,com.microsoft.familysafety,0.0,0caf0aad-f050-4222-a691-2cc8f79196a9,2.0.1.1046,-0.05000000000000001,0.6666666666666666,0.05000000000000001,,
501c10de69a6f2337460f51a35b22f23,playstore,changes in app don't change time limits on the account or change them with delay which makes kids unable to use the laptop. very frustrating,,Tomasz Tarando,1.0,2025-03-17T22:39:58,,Negative,Screen Time,com.microsoft.familysafety,0.0,87272f09-e108-4caf-8d73-f6e861140e2c,2.0.1.1046,-0.51,0.75,0.51,,
4a19e3b8dfaea49c4b23c132b2910bd9,playstore,My child is unable to play an app on his device even after i approved the app.. It just keep sending me email notifications.. Wasted my bloody time setting up my child's account.,,Muhammad Asri “Jet”,1.0,2025-03-17T17:39:36,,Negative,Devices,com.microsoft.familysafety,0.0,7487a4a7-70aa-4f77-a94c-1744e484f8e8,2.0.1.1046,-0.5,0.4666666666666666,0.5,,
91c2c021542ce3bb009411ab3fc32a9b,playstore,"if I could rate it 0 stars i would, so i cant play a kids game (minecraft) with my sister because I'm restricted, guess what? this app isn't for tablets! nope not compatible! so I cant play multiplayer or realms or servers because of that? what's any fun playing a game by yourself when theres a perfect option called ""play with freinds""?",,Mahmoud M. Abdallah,1.0,2025-03-16T18:47:37,,Neutral,,com.microsoft.familysafety,0.0,58406e2a-0a98-48fa-9aa6-f4d29713be2d,,0.06874999999999998,0.5,0.06874999999999998,,
0a1a68b52981615cf31aad59d4ae6845,playstore,"This app is extremely hard to navigate. Why is it that blocking a site so hard to ? It is the whole point! Set up times ,allowing or not to visit a site, should be easy like Google family link. Why is everything from Microsoft so hard?",,Daphney D,2.0,2025-03-16T00:11:43,,Neutral,,com.microsoft.familysafety,1.0,6424815d-ce80-4906-bd1a-454f9c8122d8,2.0.1.1046,-0.038333333333333344,0.5716666666666667,0.038333333333333344,,
27fffb89b705f67f18678f0a04f6397c,playstore,"Easy to use app with all the basic features for parental control. Blocking adult websites is not always working though, especially when using another browser than Microsoft Edge. My child unintentionally ended up on an adult website.",,Jean-Philippe Luyckx,4.0,2025-03-15T22:54:39,,Positive,,com.microsoft.familysafety,0.0,26228c43-09e6-4f31-bd2c-a6a252d3bb52,2.0.1.1046,0.12666666666666665,0.5116666666666666,0.12666666666666665,,
4b7c0d30946117496d824588c8cfab24,playstore,A crucial feature this app lacks (but is present in the XBOX family) is a button to instantly add bonus time. The lack of such button is a real nuisance.,,Paulo Panhoto,3.0,2025-03-15T20:26:48,,Neutral,,com.microsoft.familysafety,0.0,3f1dd3a9-1fc3-4b20-a3ab-ed733abf696d,2.0.1.1046,0.04,0.49333333333333335,0.04,,
226efe7ce2d69e5561b991729c50ed7b,playstore,"Slow. Regular connection issues. Doesn't display updated Microsoft balance after purchase. Today the Lock Device button became unresponsive. Ridiculously inflexibile controls compared to Google Family Link, for example where is the Add Extra Time button, are you joking? A shame of an app!",,Demid Tishin,1.0,2025-03-15T16:15:46,,Negative,Devices,com.microsoft.familysafety,1.0,d9b99546-d287-4ded-9d58-e5c92aa19c25,2.0.1.1046,-0.15833333333333333,0.3942307692307693,0.15833333333333333,,
9f213ade9c1ab7f7080b4a1ccdbeaaa3,playstore,White screen. App doesn't work,,Jen Camp,1.0,2025-03-14T21:16:32,,Neutral,,com.microsoft.familysafety,0.0,25e09584-57d7-4db1-88ac-5f94ea302fcf,,0.0,0.0,0.0,,
8dbc77fe9ead45a6a5690e9eb1dbdf1a,playstore,"Stopped working, I set time limits but app just lets it cross limits. Tried the different proposed solutions already but doesn't work. Quite useless.",,Mei L.,1.0,2025-03-14T06:12:49,,Negative,Screen Time,com.microsoft.familysafety,1.0,19872db9-a6c8-4d6b-b9cb-294071ee8825,2.0.1.1046,-0.16666666666666666,0.26666666666666666,0.16666666666666666,,
4278eec7f8f65f1963e17375c02fd270,playstore,awesome app to control your kidz activities and feel more safer,,G Lozada,5.0,2025-03-14T05:45:47,,Positive,,com.microsoft.familysafety,0.0,7992403b-e7de-4a86-a121-c873551ac722,2.0.1.1046,0.75,0.75,0.75,,
878879933a66748e10a01ae646446dea,playstore,Broken,,ready2react,1.0,2025-03-13T18:31:05,,Negative,Others,com.microsoft.familysafety,0.0,e8f2711f-ac59-4582-8186-7a43addad7bb,2.0.1.1046,-0.4,0.4,0.4,,
6d15fb386c4f7e56ac1dce9b00db3205,playstore,"how to block website or app ?, app slow?, dark mode ? how to set data quota ? this app need improve alots",,Ha Ha,1.0,2025-03-11T10:57:56,,Negative,App Blocking,com.microsoft.familysafety,0.0,03b1b104-b95a-4175-82b3-d45bc11e294b,2.0.1.1046,-0.22500000000000003,0.4,0.22500000000000003,,
7ee0d43627ee9b1460b00737a0a998d9,playstore,very important for parents like us. thank you for this app.,,Joe Rollide,5.0,2025-03-09T12:18:17,,Positive,,com.microsoft.familysafety,0.0,c95c1ea4-961a-4155-89e2-fdef5eea2af1,2.0.1.1046,0.52,1.0,0.52,,
2cf4e61f33553fdb22b3a64e5e4cf3ee,playstore,Great app and I appreciate your efforts to make it work well and always listen to feedback to satisfy customers.,,Tan Vinh Nguyen,5.0,2025-03-09T06:56:15,,Positive,,com.microsoft.familysafety,0.0,7d394087-afc4-43d3-a560-5a5d2be0f898,2.0.1.1046,0.8,0.75,0.8,,
1a36d7d453fb20e0b7aeda26592a4710,playstore,all the sudden we can't add funds to the kids accounts.,,Brittany Kavanaugh,1.0,2025-03-09T02:10:54,,Neutral,,com.microsoft.familysafety,0.0,552f6dc5-18dd-4f7e-9c3d-adb40876847d,2.0.1.1046,0.0,0.5,0.0,,
783515bb025f6013722d6285792820a4,playstore,"This app used to be perfectly working until the start of the new year (2025). Now, time limits are not working and it doesn't logout my son when outside the schedule I set.",,Bryann Buenaventura,1.0,2025-03-08T21:18:15,,Positive,,com.microsoft.familysafety,1.0,9ed1e250-452d-4c3a-8356-f74be6791071,,0.37878787878787873,0.5015151515151516,0.37878787878787873,,
06f0c225398aea9d58d449c022a92967,playstore,most of the time works great,,Lukas Ignatavičius,4.0,2025-03-08T16:44:00,,Positive,,com.microsoft.familysafety,0.0,882733ff-0bd4-4935-b656-fe1ee306e09e,2.0.1.1046,0.65,0.625,0.65,,
db711f82a58620f1d4083e0218b8aa03,playstore,The UI/UX is appoling,,Alexander,1.0,2025-03-08T13:02:16,,Neutral,,com.microsoft.familysafety,0.0,6eed5fc4-ccff-42fc-b815-30b6fd2883dd,2.0.1.1046,0.0,0.0,0.0,,
397c89d504b5d1a6e28419f21f59f372,playstore,Flipping psychologically damaging. Parent this is not the answer.,,Shaurya Sinha,1.0,2025-03-08T03:38:23,,Neutral,,com.microsoft.familysafety,0.0,b870207c-7ed3-48ed-ab8f-3e9a3f96f0fe,,0.0,0.1,0.0,,
04060d57ad32900b2fa9fc3235494979,playstore,Very buggy. Doesn't show when you add $ to your kid's account. Doesn't work as it should. Very frustrating.,,Joshua Beals,1.0,2025-03-08T00:44:26,,Negative,App Performance,com.microsoft.familysafety,0.0,3f855bce-47f0-4540-bb0d-91bd5c964daa,2.0.1.1046,-0.16,0.65,0.16,,
39e0bba18089ac28dd443e1f2dd79157,playstore,"Useless app, doesn't track doesn't lock device, kids can still use devices after times up. Used to work haven't for ages. Why bother",,Mark Foo,1.0,2025-03-07T15:27:12,,Negative,Devices,com.microsoft.familysafety,1.0,2004d22d-5c18-471e-942d-91e9bac85cde,2.0.1.1046,-0.5,0.2,0.5,,
e4ad26c8a696f722c5d7c486d6b9f34b,playstore,Allows easy monitoring of my child's computer usage,,Chris Smith,5.0,2025-03-07T08:11:52,,Positive,,com.microsoft.familysafety,0.0,2ba5dc1e-12dd-4074-80b5-50e92f9798cd,2.0.1.1046,0.43333333333333335,0.8333333333333334,0.43333333333333335,,
43f83ee63eb01995a46a8e7f7b129e9f,playstore,"This app is very hard to work with, it blocks websites while I'm studying. Even websites like wikipedia pages, fandoms, and even .io games are being blocked. One day a website may work and another day the websites blocked. I've now run into this problem where I can't give permission to an account to go onto a website. Its as if I'm banned from the website.",,fichcz c,1.0,2025-03-07T06:30:22,,Negative,App Blocking,com.microsoft.familysafety,0.0,50fc63f5-c24a-48c1-ac5f-6c5ac80e4e2b,2.0.1.1046,-0.3791666666666667,0.7041666666666666,0.3791666666666667,,
3df046ed7c6ee918369dd80355a3a0d7,playstore,"If you accidentally give your child more time than you intended upon giving them, say 8 hours and 45 minutes instead of just 45 minutes, there is no way to remove time given. And then the ""Lock Device"" button is entirely decorative, and actually not a button at all, it turns out, it's not clickable and does nothing. So you don't actually have any real power over your child's device unless you are physically present to actually remove said device from their possession.",,Daniel Swaim,2.0,2025-03-06T10:35:55,,Neutral,,com.microsoft.familysafety,1.0,7fc709ce-d2c4-4cc2-8225-454dd786f307,1.24.2.962,0.09999999999999999,0.24642857142857147,0.09999999999999999,,
58e17f1f9c16453fb2563b1f915b6357,playstore,"I am a big Microsoft fan, but this app does minimal to protect children. I want an app that allows my child to use a computer safely, and this does NOT do that. It does NOT monitor or restrict your child's windows activity (if they use Chrome you will know nothing), it only gives generic usage times on apps. You would have to fully customize this to get it to work with only certain apps, which is a PIA. Additionally, I am having major problems adding and removing users.",,kevin hoffman,1.0,2025-03-05T18:34:08,,Neutral,,com.microsoft.familysafety,1.0,dc78851c-aba7-4461-b2b5-1701dc8ca7fe,2.0.1.1046,0.08459821428571429,0.5339285714285714,0.08459821428571429,,
18a3dd3e1488da6c770bdd2232c3a0aa,playstore,The time limits I have set only work occasionally. How is my son still playing for 1.5hrs after the limits should have shut the xbox down????? Always having problems with this app.,,Gina Fisquet,1.0,2025-03-05T16:04:41,,Negative,Screen Time,com.microsoft.familysafety,1.0,a4c01efd-7378-459b-9b19-78d62da8d31d,,-0.05185185185185185,0.4712962962962963,0.05185185185185185,,
b16c3d3c436f08c896069ab90bdee190,playstore,"The app claims to make managing kid stuff easy. Far from it. For example, it tells me you need to turn on activity reporting to see spending... OK, where? No link to setting, no further information.. this app is a mess of settings for different platforms in a non intuitive UI nor adequate information.",,Rick Schmitz,1.0,2025-03-04T05:58:10,,Positive,,com.microsoft.familysafety,3.0,adaf160c-f47e-4bd6-9bc9-e46bfff65011,2.0.1.1046,0.17023809523809522,0.5630952380952381,0.17023809523809522,,
b7b3ead585eda490a9bccbdc13b9c80a,playstore,Doesn't open to proceed with settings.,,Mrs L,1.0,2025-03-02T16:40:55,,Neutral,,com.microsoft.familysafety,0.0,16defb75-5d2b-4e24-ab37-d20b3c407338,2.0.1.1046,0.0,0.5,0.0,,
357f8ca1ae427b019e2047dd63c1410b,playstore,I still can figure out how to let my kid add friends on Minecraft after doing all this bs,,Kelly Z,2.0,2025-03-02T07:34:32,,Neutral,,com.microsoft.familysafety,0.0,a0d4f1e7-d20f-4c06-9c3c-364d903df701,2.0.1.1046,0.0,0.0,0.0,,
a247d80ceafe19a1b4a0a06892ba8c4d,playstore,Unreliable. Seems to work only randomly. Clunky UI. I really wish it was better.,,Anatoly Delm,2.0,2025-03-02T07:01:15,,Neutral,,com.microsoft.familysafety,0.0,5d60309e-1363-42f3-9432-43996df8c496,2.0.1.1046,0.05,0.55,0.05,,
f17bbe747c1c6461aaad61d94a2a3f4e,playstore,"Waste of time; limits never work. I have to manually lock the device. Time limits are ignored. My child is only a regular user, while I am the only admin on the laptop. App limits are also useless. I often see things like 4 out of the 2 hours allowed for the day! Just pay for an app because this app is absolutely useless.",,Deidre East,1.0,2025-03-02T06:27:00,,Negative,Screen Time,com.microsoft.familysafety,1.0,5bde608d-0688-4bcc-89c5-b054735fb38c,2.0.1.1046,-0.22083333333333333,0.41282051282051285,0.22083333333333333,,
9d22945c742951ebc03fbd62532893be,playstore,Rocky start but once set up it is good.,,Baris Yagci,5.0,2025-03-02T06:03:28,,Positive,,com.microsoft.familysafety,0.0,08283a31-c12e-4bb6-85cd-e32857010d30,2.0.1.1046,0.7,0.6000000000000001,0.7,,
1a05da07f70129485365d94b676c9a35,playstore,"Just rubbish app, nothing is working",,Am Be,1.0,2025-03-02T02:22:17,,Neutral,,com.microsoft.familysafety,1.0,7a2c1e50-df84-44c4-a68e-e520ef057916,2.0.1.1046,0.0,0.0,0.0,,
c57e161dedacc488262022903004fb5e,playstore,I hate it 😡 I can't use my tablet laptop is annoying,,Von “Von Nola TV” Nola,1.0,2025-03-01T18:24:59,,Negative,Devices,com.microsoft.familysafety,0.0,8d933b89-a274-4e90-8093-bfc78fea0b07,2.0.1.1046,-0.8,0.9,0.8,,
28ed714734cc868e95c580daa953e102,playstore,"I have really liked this app. The most important features. Tracks internet searches, set time limits and schedules.",,Jeff Brinton,5.0,2025-03-01T05:29:03,,Positive,,com.microsoft.familysafety,3.0,169cef06-7fb6-4e80-a49d-7ebe50c10f9c,2.0.1.1046,0.5,0.7666666666666666,0.5,,
8686aac3a8683acb0667f1beb0984c8e,playstore,"I like that I have control over most things. I would like it a lot more if I could get,rid of search engines until my kids are of age to use it and then gradually introduce them to parent approved sites. I'd like it if it was easier to block sites",,Sarah LoBue,4.0,2025-03-01T04:47:16,,Positive,,com.microsoft.familysafety,0.0,26811168-ec02-4313-bdef-a272d6bab7ea,2.0.1.1046,0.5,0.5,0.5,,
6d3d16d3bb7957f3e1e7e3ef0ff74926,playstore,"Lock device option does not work in the app, also the app takes way too long to load.",,Nexus XP,2.0,2025-02-28T14:06:45,,Neutral,,com.microsoft.familysafety,0.0,d0fb4d6a-f7b6-48df-9ee7-d1237389d95b,2.0.1.1046,-0.05,0.4,0.05,,
4999606734e383391c388894dad70e3e,playstore,"Not a very user friendly app at all, and as for giving you the option to select what time you want your child to stop playing, then microsoft take it into their own hands and round up the time to the closest half hour. If I didn't have to use this, I wouldn't tbh. Please don't ask for logs, or open a case, send feedback, why not take the information from here, you know, use some logical thinking.",,Dean Roberts,2.0,2025-02-27T23:43:46,,Positive,,com.microsoft.familysafety,1.0,e48310c1-a457-4b33-a01e-52872756e757,2.0.1.1046,0.10833333333333335,0.44523809523809527,0.10833333333333335,,
96a10fadc0977b44b4e4bfb2f6210e2f,playstore,Confusing and unresponsive - a real pain to use!,,Brian Dunnette,1.0,2025-02-27T05:12:12,,Neutral,,com.microsoft.familysafety,0.0,575beefc-e616-4205-999b-5b68a742651e,,-0.024999999999999994,0.35000000000000003,0.024999999999999994,,
d7fcb3f6a5f41e775b666b30b0c4873a,playstore,I would like to add extra avaliable times for individual apps instead of being limited to 1 time frame. I want to be able to give me child a certain time off apps like games etc to do homework but can only set the time before or after and have to go in the app to change it again.,,Stephen veasey,3.0,2025-02-25T23:26:22,,Positive,,com.microsoft.familysafety,0.0,eb863963-ae76-4a4f-98b4-9250400c660c,2.0.1.1046,0.10714285714285715,0.47321428571428575,0.10714285714285715,,
6a08e9b78d99392b8c348b1c985a3a85,playstore,Worthless,,John Jay,1.0,2025-02-25T22:58:15,,Negative,Others,com.microsoft.familysafety,0.0,339b694a-cae0-4111-a53a-3a747eaf9d55,2.0.1.1046,-0.8,0.9,0.8,,
79406c2d0bb3cb9a1efe54e12be021f8,playstore,"This app is really badly designed. Very very slow.....When it is linked with Microsoft laptop, it kept showing up asking sign in again and again.....so we had to remove it eventually....then it took so many different ways to have it removed finally as most of the instructions online were not working at all.....",,christy chen,1.0,2025-02-25T18:07:42,,Positive,,com.microsoft.familysafety,3.0,58609a75-0541-49ce-8427-6a3e9401cf67,2.0.1.1046,0.11200000000000003,0.5313333333333333,0.11200000000000003,,
b3394e84f913cd7346b472d433d6d804,playstore,"It won't launch, it just shows a white screen. I can't click on anything because the screen is just blank white there's no options whatsoever. I've opened it multiple times with the same result. I own a Samsung a23 which is a fairly good mid-range device, it's supposed to run smoothly on this device.",,Sbulelo Mzobe,1.0,2025-02-25T11:12:45,,Positive,,com.microsoft.familysafety,0.0,b18c9722-5875-4037-934a-940405aa2945,2.0.1.1046,0.21249999999999997,0.278125,0.21249999999999997,,
4c237f7ee2623525aa4556514912a611,playstore,"The granularity of what you can block with this is better than Qustodio or Bark any of the other paid apps I have tried. You can block URLs instead of domains, which I love.",,Gabe W,5.0,2025-02-24T18:14:31,,Positive,,com.microsoft.familysafety,0.0,2be855d1-7999-48ac-a81a-d8aac4898134,2.0.1.1046,0.2916666666666667,0.4916666666666667,0.2916666666666667,,
a59048475523619fac1b7b9fa800e674,playstore,Slow,,Darren Taylor,3.0,2025-02-24T12:50:29,,Negative,App Performance,com.microsoft.familysafety,0.0,da569193-7142-408b-b0bc-83e0d49c3b30,2.0.1.1046,-0.30000000000000004,0.39999999999999997,0.30000000000000004,,
9af4ea9c93325b5e0f0c0e3e1240bde9,playstore,"I really need more from this app, especially to monitor my kids microsoft laptops. Please put some time and effort into this. I almost wish I had just bought a chromebook instead of investing in surface laptops.",,Jessica G,1.0,2025-02-24T02:07:29,,Positive,,com.microsoft.familysafety,0.0,25bb32fc-7a9e-4603-a9e2-a342e094db8b,2.0.1.1046,0.2333333333333333,0.5666666666666667,0.2333333333333333,,
32d12c9e259859b963ee251e5f1b2aca,playstore,Stopped to lock and restrict child time lately...,,Alexander Usyskin,1.0,2025-02-23T23:27:22,,Negative,Others,com.microsoft.familysafety,0.0,f0cec9f1-740b-4fe0-a719-bbd878f9c317,2.0.1.1046,-0.3,0.6,0.3,,
56b1c36648b923a3b206df6a819b9ddf,playstore,Kinda slow,,yousha,3.0,2025-02-23T18:48:12,,Negative,App Performance,com.microsoft.familysafety,0.0,d260d736-42de-4053-98b7-65b6f20e2892,2.0.1.1046,-0.30000000000000004,0.39999999999999997,0.30000000000000004,,
713d1a63e6c598f6af6c190db2bc62e2,playstore,"So frustrating to add money in large denominations, always leaving leftover funds. And when I bought more MS/xbox money than I needed to the balance still shows as zero until after I add more money. Frustrating!",,Damon Farrington,2.0,2025-02-23T04:54:21,,Neutral,,com.microsoft.familysafety,0.0,c4b89e47-d5ea-4198-b416-4a8b96381012,2.0.1.1046,0.06285714285714286,0.6457142857142857,0.06285714285714286,,
dd9334a0000adb52139b704483a95e8c,playstore,The removal of the drive safety function has deeply disappointed me. I rely so much on that feature.,,Olumuyiwa Lasisi,1.0,2025-02-23T03:03:37,,Negative,Full Frustration,com.microsoft.familysafety,0.0,c387acdd-c556-4cf4-b109-7ba71f3e8460,2.0.1.1046,-0.275,0.475,0.275,,
8a49c6dd02c2c8b5026706c155107833,playstore,Crashes all the time,,Matthew Saylor,1.0,2025-02-23T02:44:27,,Neutral,,com.microsoft.familysafety,0.0,bc07c2d2-073f-4f33-b888-9ca38a9f4826,2.0.1.1046,0.0,0.0,0.0,,
740503e488ede214941d692e551b1382,playstore,"My Microsoft account was hacked, and Microsoft refused to provide further assistance after it was reported. Whole data gone. I do not recommend.",,Jacek Pobłocki,1.0,2025-02-23T01:18:45,,Neutral,,com.microsoft.familysafety,0.0,060f27a6-6551-467b-9363-9a1a8c43bf6c,2.0.1.1046,0.1,0.45,0.1,,
ea2b13492f5087d2fc57e09878eb493c,playstore,"remains a TERRIBLE app. Typical microsoft bugginess. apart from selling defender, what does this do?",,Kumar Satya,1.0,2025-02-23T00:59:28,,Negative,App Performance,com.microsoft.familysafety,10.0,ff55d4e1-807f-49eb-93b3-5eec14f05874,2.0.1.1046,-0.5833333333333334,0.75,0.5833333333333334,,
a5a7ebd5b104affc5cf919a2e7b7c6e8,playstore,easy to use and safe furniture children,,April Spykerman,5.0,2025-02-22T22:39:16,,Positive,,com.microsoft.familysafety,0.0,e8ffc37a-2a21-4d86-b853-72d3f772b99a,2.0.1.1046,0.4666666666666667,0.6666666666666667,0.4666666666666667,,
ef9323535341c17b03410868e637a619,playstore,"Pressing ""LOCK DEVICE"" does nothing.",,Stephen McDonald,2.0,2025-02-22T22:36:22,,Neutral,,com.microsoft.familysafety,0.0,e7b1ec51-2831-4be6-8f0f-58f56229d83b,2.0.1.1046,0.0,0.0,0.0,,
b7541ef125daa06450734bd02728c2fd,playstore,"MS family safety has done steps to ruining my family. I confronted my son, because I could not see any of his activity. It turns out this up just does not have the right device for him! & there is no way to delete my son from ""family"" & to add him again, so that everything is renewed! There r like 3 functional button in the app that send u in a useless loop!",,Roman,1.0,2025-02-22T22:14:00,,Negative,Devices,com.microsoft.familysafety,0.0,0ce88c01-5e28-4efe-a1c9-c2a2f74a02ed,2.0.1.1046,-0.0892857142857143,0.3678571428571429,0.0892857142857143,,
5e94915e1ed5ab426fd1f0560359931f,playstore,why stopped location search 🙄 it was one of the main uses we gave it,,Victoria Piedrahita,1.0,2025-02-22T20:35:13,,Positive,,com.microsoft.familysafety,0.0,56eb15e4-efd4-437a-9674-e65de761e898,,0.16666666666666666,0.3333333333333333,0.16666666666666666,,
3b95ffff30903f0fe47a62f48de48438,playstore,"I'm using windows 11, and this app can only add devices that are windows 10, like if i want to use it I have to downgrade the OS",,Gud-One Van Tonder,2.0,2025-02-22T14:56:25,,Neutral,,com.microsoft.familysafety,0.0,18a60e96-a10b-479c-8444-9854f157f36f,2.0.1.1046,0.0,1.0,0.0,,
e379202c3709dfc2d659dd536856e827,playstore,App keeps turning of time limit by itself,,K Kamiya,2.0,2025-02-22T06:57:43,,Neutral,,com.microsoft.familysafety,0.0,6aeccb17-1d38-4598-937a-6575258ac033,2.0.1.1046,0.0,0.0,0.0,,
931d2ae67cbe350edd649fd853770f1b,playstore,"Please update so that you can add and block allowed websites from mobile devices. Currently can only do so on a computer, where in the mobile app the + to add is non existent.",,John Ortiz,2.0,2025-02-22T02:35:41,,Neutral,,com.microsoft.familysafety,0.0,2be74957-4dcd-44ba-be25-465f945d4202,2.0.1.1046,0.0,0.7,0.0,,
8d97bfca5f9934886ed9431219382eb8,playstore,could be more informative on what exactly is being used in real time,,MA AM,4.0,2025-02-21T19:43:55,,Positive,,com.microsoft.familysafety,0.0,61ee7467-f5ea-4f4e-bee4-235009f5a0e2,2.0.1.1046,0.31666666666666665,0.35000000000000003,0.31666666666666665,,
b4d09a748247db0673ddbc830e2d1c91,playstore,My kid (14) dodges all downtime restrictions with ease. Don't rely on this app to restrict screen time,,Ben,1.0,2025-02-21T13:48:31,,Neutral,,com.microsoft.familysafety,0.0,30b0e411-0fae-4f3b-9ec1-87fb80aa918f,2.0.1.1046,0.0,0.0,0.0,,
42fb80dfab5bacacc490811200610f65,playstore,"It is so complicated to set it up and manage. Everything you want to do or change is so difficult. For example, there is no way you can set the limit of using for all days. You have to repeat the same steps for every single day. It is so annoying.",,Volodymyr Kordupel,2.0,2025-02-20T22:18:23,,Negative,Full Frustration,com.microsoft.familysafety,0.0,dbec3d38-237f-4183-b633-d7312d2251a4,2.0.1.1046,-0.3742857142857143,0.6478571428571429,0.3742857142857143,,
c533db2c660ef3c85ab2416e7558bfba,playstore,"Removing the location service removed any reason I would have this app. Microsoft, how does your app help anyone stay safe? You can't do anything at all on the app. Such a waste of data downloading this trash.",,robert davies,1.0,2025-02-20T12:53:08,,Neutral,,com.microsoft.familysafety,0.0,3a581148-5e2f-41c5-a1ae-20344f5e2b50,2.0.1.1046,0.09999999999999999,0.3333333333333333,0.09999999999999999,,
30527c4b71b27f760f3d7dc7a45ba207,playstore,The hild can log out easy and navigate whenever they want. I was shocked to see this l.,,Lor St,1.0,2025-02-20T11:26:05,,Negative,Others,com.microsoft.familysafety,0.0,d0c20a36-c73a-42aa-bbb3-ad5efa62e707,2.0.1.1046,-0.1333333333333333,0.8166666666666667,0.1333333333333333,,
ccf0f479f877117b4bb82f2424fdeca5,playstore,"Works pretty well, but for the love of security guys... Please Please add/require Biometrics to open the app. My kids know my phone's passcode, so this app just like my banking apps, need to reauthenticate. Otherwise they've gotten smart enough just to approve their own time requests.",,Darin Schuette,4.0,2025-02-20T04:11:16,,Positive,,com.microsoft.familysafety,0.0,055e85b5-c10c-426d-8bfb-c6993989e757,1.24.2.962,0.26071428571428573,0.7071428571428572,0.26071428571428573,,
48c09b13f39fb264144d8eb35df0bc97,playstore,It's removed the laptop that was connected to it. It does not give me any information on what is being used on the Xbox even though I have clicked on it to monitor. Not sure what it actually does other than lock my kid out of his account. We can't access his email now from anywhere now and I can't find any info on how to fix it. I want access to my kids email and I want to see every single thing my kid does on laptop or Xbox. So far I see nothing. No apps no nothing. Fix it. Why am I paying?,,Kathy Scott,1.0,2025-02-19T14:25:31,,Negative,Login & Account Issues,com.microsoft.familysafety,0.0,a989d3d4-3fdb-4718-93aa-1b72ccaa24d0,2.0.1.1046,-0.06928571428571428,0.5156349206349207,0.06928571428571428,,
3302be968a025001fcf0bde3c328f81a,playstore,Love it,,Mo Barry,5.0,2025-02-19T08:20:13,,Positive,,com.microsoft.familysafety,0.0,159ce505-cabc-43c1-89c2-9c99e5b9128e,2.0.1.1046,0.5,0.6,0.5,,
e6dfb687f04eb8add606efa41fd69802,playstore,I love this App I will be able to control all my kids devices,,Fortunate Sikosana,5.0,2025-02-18T23:39:16,,Positive,,com.microsoft.familysafety,0.0,945fa296-eaf3-4074-9d50-745788795fde,2.0.1.1046,0.5,0.6125,0.5,,
43c33077aafa7f9bdd0d100c4e3e1a01,playstore,"The app is pretty much broken. I activated activity tracking on my child's laptop and it shows online, but not showing on the app (it is still instructing me to turn on the activity tracking).",,Fredy S,1.0,2025-02-18T14:44:23,,Negative,Devices,com.microsoft.familysafety,0.0,c31285c6-de8b-4991-89f0-213efdbb53d6,2.0.1.1046,-0.07500000000000001,0.7,0.07500000000000001,,
a8e5b6f10b985a404715f1f9f81faa96,playstore,"I received an email stating my child purchased and downloaded a game on their account. The Family Safety app doesn't show it. The email stated the activity could be tracked in Spending Activity, but the app crashes everytime I try to view.",,Clay Thomas,1.0,2025-02-18T08:59:39,,Negative,Spending and Purchase,com.microsoft.familysafety,1.0,3cde1e7e-70ea-434d-a10f-baaadb3c1a2a,2.0.1.1046,-0.4,0.4,0.4,,
47deb8c53a2979cac73f97f880fb0a5a,playstore,"App is broken and wont even open, awful",,iNfinite Rik,1.0,2025-02-18T05:22:30,,Negative,Full Frustration,com.microsoft.familysafety,0.0,fe6c87f1-a739-4eeb-a27b-d9ffddcb5d11,2.0.1.1046,-0.4666666666666666,0.6333333333333333,0.4666666666666666,,
1dcaeb96ed3bc338df82af0e3448c5bc,playstore,Hella terrible even if i leave the family group i still cant play multiplayer stupid system,,Simon Michael L. Sevilla,1.0,2025-02-18T01:16:22,,Negative,Full Frustration,com.microsoft.familysafety,0.0,eb856bd9-03cf-4a13-a960-5b4c0687e6c1,2.0.1.1046,-0.8999999999999999,1.0,0.8999999999999999,,
731c6c944fe602a5cff0b6b27f4d6b62,playstore,"This would be an awesome app if it worked correctly. I avoid placing time limits on their computers anymore because every time I do, the app takes ages to kick in and their computers stay locked no matter what I do. I can take all controlls completely off and they are still locked out. It's more of a pain to use than anything else.",,Jennifer Bennett,1.0,2025-02-18T01:04:09,,Positive,,com.microsoft.familysafety,31.0,575bcde6-9480-4895-bdae-00db00af4d98,2.0.1.1046,0.5333333333333333,0.6333333333333333,0.5333333333333333,,
5c40ae92a99a28a15ab66011004234b2,playstore,"It use to work fine. But now it doesn't show anywhere near all the apps my son has access to on the smartphone he uses. I used to be able to block regular YouTube. Now I can't. It's my phone, so I'm not going to disable it. I used to be able to just prevent access to it while my son used my phone on the weekends he's with me.",,G Tarango,2.0,2025-02-16T21:51:49,,Positive,,com.microsoft.familysafety,0.0,097dee77-bd88-4d4a-bdc2-4252938c33ad,2.0.1.1046,0.30333333333333334,0.4453846153846154,0.30333333333333334,,
b9058d1d42dbd640fa0d7bc6a773c719,playstore,Was hard to set up because so hard to get into my account. After I finally got in it been good.,,Steven Hurt,4.0,2025-02-16T21:36:00,,Neutral,,com.microsoft.familysafety,0.0,b4b84193-1f38-499c-ba07-7873ed1ef48b,2.0.1.1046,0.029166666666666646,0.6708333333333333,0.029166666666666646,,
38433a9724629d342b7e0e25033ce6c1,playstore,Update: 0 stars. You can spend hours of receiving and approving time request for the same app. It's a trillion $ company - can you make it work please?............App is so frustrating that sometimes I think just to let the kid do whatever. It works less time than it doesn't. Update: It was working for couple of years and after recent update it is useleas again. Without a warrning limits became 15 hours per day. It does not see installed apps anymore. How come it is so hard to do a working app??,,J R,1.0,2025-02-16T15:09:26,,Negative,Setup & Configuration,com.microsoft.familysafety,3.0,3efb5a44-0efd-4999-8eea-8c8677e538df,2.0.1.1046,-0.1716666666666667,0.37666666666666665,0.1716666666666667,,
4d2acfb1f54545f5a825d7597803ef39,playstore,works really well.,,Timothy Schmidt,5.0,2025-02-16T08:13:39,,Positive,,com.microsoft.familysafety,0.0,c0423c9a-96c5-4000-b784-4c0a1841a074,2.0.1.1046,0.2,0.2,0.2,,
a1dc15bbfaa13fbaea0fffbb25d1f96d,playstore,"The most clunky app ever, barely works. Feel like dealing with a virus it's so bad. Laggy, loopy and slow. App won't even go back to main screen from making a payment.",,Ryan Wright,1.0,2025-02-16T05:55:28,,Neutral,,com.microsoft.familysafety,0.0,c855dc35-98d3-4218-844f-4468248a8d4c,2.0.1.1046,-0.0472222222222222,0.3333333333333333,0.0472222222222222,,
a6153d185db2be39069df2109d2fd184,playstore,"It works....sometimes.... so its not completely unusable. Almost always requires multiple attempts at giving additional time. Low usability, obviously not an area of investment from Microsoft. Wish google would extend their offering in family link to include Microsoft Windows.",,Hans Hoegh-Omdal,2.0,2025-02-16T01:09:43,,Neutral,,com.microsoft.familysafety,0.0,ee99ed93-f4d9-4fb2-8f18-dc24dc1c3dcd,2.0.1.1046,-0.0125,0.3,0.0125,,
ca33254d328963dde30254e43ab7f5c6,playstore,It's good but it can be a lot better like allowing you to control other apps other systems etc but it works great,,Dagim,3.0,2025-02-15T23:48:03,,Positive,,com.microsoft.familysafety,0.0,be27e3b7-1e33-4a7f-ac26-d448e151801d,2.0.1.1046,0.35,0.52,0.35,,
b05bff1940586bc63c75ef39336d84d2,playstore,Excellent tool for family safety,,Αχιλλέας Στραπάτσας,5.0,2025-02-15T23:25:28,,Positive,,com.microsoft.familysafety,0.0,100a4adc-fb52-482a-9e27-652145a40e4c,2.0.1.1046,1.0,1.0,1.0,,
c249c6f185255434d124dc77e50ad57f,playstore,"Like it says on the tin, everything in one place.",,Liz,5.0,2025-02-15T16:33:11,,Neutral,,com.microsoft.familysafety,0.0,abe9d9e6-c15a-4945-96a7-5f4a2da7aed0,2.0.1.1046,0.0,0.0,0.0,,
14cb5fcabd63a99b7a8202c2192465ea,playstore,"Is AI discovering me, or vice versa? Whatever it is, I love it!!",,Vikram S Mathur FCA,5.0,2025-02-15T10:10:07,,Positive,,com.microsoft.familysafety,0.0,23ca8739-c14f-4372-abe6-283b4baff236,,0.78125,0.6,0.78125,,
a236e7e5f3c5127d6f9e88d0119a48be,playstore,I love how I can set limits on devices and even app limits. I wish it told me when they were on the devices (what time during the day).,,Devin Johnson,4.0,2025-02-15T07:11:41,,Positive,,com.microsoft.familysafety,0.0,574b27a4-b8ac-44dc-a79f-c1b4f6059b3f,2.0.1.1046,0.5,0.6,0.5,,
0901c47bcc06a0df8392a24c7ce3dc1b,playstore,"Can't stop, block or disable my child ""signing out and turning off sync."" and ""delete account"" of their monitored account within their edge browsing app. It is so frustrating to discover that they can circumvent my safety controls by simply signing out of their monitored account or deleting it in the edge browser. If you enable blocking that from the ""family safety"" app or by any other way then I will continue using the app. But for now I suspend using it until this is resolved. Thank you",,Muhammad Abdulkadir,1.0,2025-02-14T12:13:35,,Negative,App Blocking,com.microsoft.familysafety,0.0,5086c675-fb99-4da0-b9fa-70549fd7a426,1.26.2.1015,-0.17500000000000002,0.544047619047619,0.17500000000000002,,
83a98480ff83eb5b7b4a89c870e8a713,playstore,I had nothing but problems with this. I ended up having to delete it because my daughter couldn't log in - even when I removed all time limits. More hassle than it's worth.,,Paul Monk,1.0,2025-02-14T02:23:49,,Positive,,com.microsoft.familysafety,0.0,a02a0c90-5722-4a88-8f37-7543b0d49b18,2.0.1.1046,0.4,0.3,0.4,,
c7ba4993defaa38fe9a91d596bb3be2f,playstore,"Was quite reliable at first, but it's become very inconsistent with how it applies time limits. It often fails to disconnect after the time limit has been reached, particularly if we allow a session to extend. It's still better than nothing, but we have now started setting our own alarms to make sure the limits we set are working. Have now sent logs as requested. Edit: sent logs. No change. Received a request for even more of our data, but no. App should just work.",,Catherine Coghlan,3.0,2025-02-13T20:11:37,,Positive,,com.microsoft.familysafety,0.0,6e757e16-e919-4cf2-9d06-5837e52a72b5,2.0.1.1046,0.27708333333333335,0.5194444444444444,0.27708333333333335,,
793a818c31c1dcd6d21ea815b4bfd5f2,playstore,"What happen to the app, its white only for 2 days already???",,Teresa Wong,1.0,2025-02-13T10:24:09,,Neutral,,com.microsoft.familysafety,0.0,ca8b9124-d29a-4272-8c73-9b99450e32f8,2.0.1.1046,0.0,0.5,0.0,,
5784f9f3ab7b0e8978e8849838e21803,playstore,Horrible was forced to download to turn off some dumb restrictions that I couldn't even turn off because they weren't even there to begin with. Do better,,Karen Hill,1.0,2025-02-13T08:50:23,,Negative,App Blocking,com.microsoft.familysafety,0.0,a8c60f84-dbd9-442e-89a8-42e6f8e9def1,2.0.1.1046,-0.29375,0.55,0.29375,,
632394c35024b21dc11271759f4c6ea2,playstore,very helpful,,Tarek Sherif,5.0,2025-02-11T21:28:46,,Positive,,com.microsoft.familysafety,0.0,f06cdfa1-4fa6-437f-86c4-333cc15a0285,2.0.1.1046,0.2,0.3,0.2,,
50d549c61d3541ab741e1eb728fbe237,playstore,useful app,,Dang Viet Anh,5.0,2025-02-11T16:50:58,,Positive,,com.microsoft.familysafety,0.0,d711a67f-cadf-4525-9722-390b54217261,2.0.1.1046,0.3,0.0,0.3,,
c035edc21ee70ff52da33f7b3c65da99,playstore,Highly recommended to safeguard kids...,,Rukshan Peiris,4.0,2025-02-10T21:37:56,,Positive,,com.microsoft.familysafety,1.0,97b97a06-b3d9-4ced-8a41-998eb4451d25,2.0.1.1046,0.16,0.54,0.16,,
54306eb807fdcbb50c134bb15c2f64a9,playstore,Slow.,,Peter Rosas,2.0,2025-02-10T14:30:59,,Negative,App Performance,com.microsoft.familysafety,0.0,92b3d65d-d50a-48bd-a4f6-987764ea69c6,2.0.1.1046,-0.30000000000000004,0.39999999999999997,0.30000000000000004,,
45a6bf33af739e7a91289128f05001e3,playstore,There seems to be a problem signing into a kids Microsoft account that is linked to a parents Microsoft account via family link. When signing into the child's account the security system seems to think there is suspicious activity and locks the child's account 4 times my child's account has been locked and I have to follow the steps to get it open then you press continue and it's locked again. Can you explain why Microsoft? It is only me trying to sign into his account.,,SmokingGun,1.0,2025-02-10T09:19:34,,Neutral,,com.microsoft.familysafety,1.0,e0cc2eb6-52f2-4fbd-8107-5eab21452d73,2.0.1.1046,0.0,0.75,0.0,,
db0fcdf27dc7f23628a18b4adcbad757,playstore,Annoying,,Brandon Godsey,1.0,2025-02-10T07:13:15,,Negative,Full Frustration,com.microsoft.familysafety,0.0,998a34ac-e2e6-4d14-bb2e-273e151c7d3d,2.0.1.1046,-0.8,0.9,0.8,,
b496934bf71e8855c4339d36f493be1b,playstore,great to control all your Microsoft devices and much easier to use and control kids xbox time via this app than the Xbox family app which can be buggy.,,A J,5.0,2025-02-09T22:07:22,,Positive,,com.microsoft.familysafety,1.0,b7948242-d798-48c3-8612-6f12002d6219,2.0.1.1046,0.5,0.475,0.5,,
f42105755be1c3f520f3931dbcd3acfd,playstore,Corrupt. Does not run.,,Matt Swan,1.0,2025-02-09T12:15:52,,Negative,Others,com.microsoft.familysafety,0.0,0cb41e01-3a2d-4f09-9c60-5c8cae1701b8,2.0.1.1046,-0.5,1.0,0.5,,
5c1ee40cf5d3187db62918e17025d9ee,playstore,"Great functionality, but incredibly slow Logs submitted",,Anthony Naulls,3.0,2025-02-09T05:05:46,,Positive,,com.microsoft.familysafety,0.0,d835c9bb-2fdd-4ce0-aee8-4f3f6b782013,2.0.1.1046,0.25,0.575,0.25,,
afafa2f34cc47fd1a31bae7e8132aed1,playstore,All of a sudden my device is not compatible with the app...,,Daniel Knight,1.0,2025-02-08T23:32:32,,Neutral,,com.microsoft.familysafety,0.0,88cda74b-a8a0-486b-a488-ed2e2070c04c,2.0.1.1046,0.0,0.5,0.0,,
7216fb8b21eb64026c1c1a15cb1ab787,playstore,"Terrible app. Sometimes you block the computer usage but the child is still able to access, totally not linked. You set allowed website but the site can't load",,Lauren Panna,1.0,2025-02-07T20:56:46,,Negative,App Blocking,com.microsoft.familysafety,0.0,099daa14-ac7d-479e-b632-e894daa0f7cf,2.0.1.1046,-0.16666666666666666,0.7916666666666666,0.16666666666666666,,
816aa6f8da945a7311da0430be2373f3,playstore,Worst app ever it keeps asking me to sign back and sends me annoying pop ups frustrated that my dad uses this annoying app I'm sick of the pop-ups,,Blavy nokko,1.0,2025-02-07T19:51:55,,Negative,Full Frustration,com.microsoft.familysafety,1.0,c4abaa90-6743-40c1-a859-0f5b0331ef1c,,-0.669047619047619,0.6428571428571429,0.669047619047619,,
ec58e798f0e61d9e363bca72b57ac738,playstore,"The app is fine, but the history does not show us the exact dates of access to the websites. I hope you can add in.",,Jocelyn Chua,4.0,2025-02-07T10:42:52,,Positive,,com.microsoft.familysafety,0.0,837bc912-1f1f-4550-b487-ef4c167d526b,2.0.1.1046,0.33333333333333337,0.375,0.33333333333333337,,
3749835475cb83fa3e13cd71ef2ca32b,playstore,"Can't remove existing family members. Need to approve time requests five, 10, 15 times before one finally takes affect on a machine. FRUSTRATING",,Josh Burchard,2.0,2025-02-07T08:58:43,,Negative,Full Frustration,com.microsoft.familysafety,0.0,9b63e115-9732-403b-b83f-e95fe90c626f,2.0.1.1046,-0.2,0.95,0.2,,
fca2264a1b9ef9923d23878114df4252,playstore,"Stupid app, why restrict the time intervals to half hours? Developers it's called a Datetime ok?!",,David Mason,1.0,2025-02-07T01:25:27,,Negative,Others,com.microsoft.familysafety,0.0,07ec932c-1512-41cb-87c4-1b7536883e18,2.0.1.1046,-0.11388888888888886,0.5555555555555556,0.11388888888888886,,
86b7edb94103ace9e805cb7f54460c30,playstore,is a bit slow at getting into,,Jonathan Russell,4.0,2025-02-07T00:32:25,,Negative,App Performance,com.microsoft.familysafety,0.0,af46ea73-4aa6-469e-921a-be034c9866ce,2.0.1.1046,-0.30000000000000004,0.39999999999999997,0.30000000000000004,,
6e8190efcae5b8f4d1c36afb330acc98,playstore,No longer supports my device?,,millie Aoki,1.0,2025-02-05T12:13:42,,Neutral,,com.microsoft.familysafety,0.0,2480cec2-691e-48c8-b360-35c70461d086,1.26.2.1015,0.0,0.0,0.0,,
a0f0d14977df0fc9a11e2d347217eff2,playstore,"I wish I could give zero stars. This app is the biggest pain to use. After 3 days of use it stopped showing me any updates on my daughter's usage and her computer constantly says ""5 minutes left"" even if she just turned it on for the day. It would be great if I could completely delete the app and start fresh but of course the steps I've found online for that don't work. Absolute dumpster fire of a service.",,Chelsea R,1.0,2025-02-04T07:48:42,,Positive,,com.microsoft.familysafety,7.0,eb9c4b05-5221-48d3-aeae-c15b36616996,2.0.1.1046,0.2333333333333333,0.48055555555555557,0.2333333333333333,,
d826e9b3891773dec8408ef7a4b7078c,playstore,How do I unimstall it it won't let me deactivate it,,MUHAD BAIG,3.0,2025-02-04T06:09:35,,Neutral,,com.microsoft.familysafety,0.0,54188f42-e365-46ff-9835-e2770b318344,2.0.1.1046,0.0,0.0,0.0,,
429dd1d7812614199369ae412a75760e,playstore,I am trying to deactivate this app and it won't let me since it changed my info to my child's info. It is messing up my phone.,,Rachelle M-B,1.0,2025-02-04T04:39:13,,Neutral,,com.microsoft.familysafety,0.0,7c363a9f-4075-4e46-925b-88cfb69340fd,2.0.1.1046,0.0,0.0,0.0,,
ddc2350c5ad6023505fd8521aa839711,playstore,"Currently has a big and won't open on Galaxy S22+, have cleared cache etc.",,Paul allen-smith,2.0,2025-02-03T23:47:49,,Neutral,,com.microsoft.familysafety,0.0,6dc1403d-9745-44b1-9ada-7659cdd082ee,2.0.1.1046,0.0,0.3333333333333333,0.0,,
f24b0591f6faa824e9942e85849fcc93,playstore,The app is garbage. It is highly unreliable. When apps are blocked it often allows them to be opened or kids find ways around. It also does not reliably update. Definitely not a reliable app.,,Dean and Jennifer Wood,1.0,2025-02-03T22:56:53,,Neutral,,com.microsoft.familysafety,0.0,c20f6899-5fa9-475f-b018-e65b0c263209,2.0.1.1046,0.08,0.52,0.08,,
690ecf1d0fa44e133f7e796514ecc262,playstore,😡😠Still lacks some features like location but so far it's amazing! 😍🤩,,rj ferrer,5.0,2025-02-03T22:00:52,,Positive,,com.microsoft.familysafety,0.0,246e22b2-0d5d-4c5c-ba6b-1290cdfa5a17,2.0.1.1046,0.42500000000000004,0.95,0.42500000000000004,,
5261bc1bcdafe3a91f934ebe137d63be,playstore,Decent app,,Bassel,4.0,2025-02-03T19:37:12,,Positive,,com.microsoft.familysafety,0.0,6c4fe436-5035-474e-bdaf-fdfce269e03b,2.0.1.1046,0.16666666666666666,0.6666666666666666,0.16666666666666666,,
1efcaca3531b290d9348be6dfa16b66b,playstore,Can't use in Australia,,Jill Walden,1.0,2025-02-03T05:37:03,,Neutral,,com.microsoft.familysafety,0.0,1a43ec19-3040-44f1-9b93-424503bec725,2.0.1.1046,0.0,0.0,0.0,,
f1cd7859d3724ec20fa96080cbaf1c5d,playstore,"Useful, but very slow loading and response",,HAFIZ habibuddin,2.0,2025-02-02T18:28:02,,Neutral,,com.microsoft.familysafety,0.0,ab3a6858-de1c-4a68-b2a4-89d6218ce6e8,2.0.1.1046,-0.04500000000000004,0.26,0.04500000000000004,,
158c9d7eb70f1cce9877f1a70c5d38bd,playstore,Has good basic features but needs more advanced parental features.,,John Collins,5.0,2025-02-02T07:16:50,,Positive,,com.microsoft.familysafety,0.0,352e6b05-a259-434b-9059-232f827daef7,2.0.1.1046,0.4,0.45625000000000004,0.4,,
8c57fcf29419f758789071844ede17ea,playstore,App never opens.,,Kathleen van Geete,1.0,2025-02-02T04:05:16,,Neutral,,com.microsoft.familysafety,0.0,f0ae20a9-5430-4c79-a532-e9bef4c54c10,,0.0,0.0,0.0,,
1a5888d229bc5dd1f20e220cdac70013,playstore,Not functioning,,Sam Carvey,1.0,2025-02-01T18:37:00,,Neutral,,com.microsoft.familysafety,0.0,f350d8c4-536e-462b-9a37-1940d67006c2,,0.0,0.0,0.0,,
88202fb17bcf49b32f906e7cf05f1b17,playstore,"Every time I try to click on ""Spending"" it instantly kicks me out. The entire app closes on its own. I can't even purchase anything for my teen to play due to this. Frustrating.",,Family Email,1.0,2025-02-01T07:53:45,,Neutral,,com.microsoft.familysafety,0.0,cdcd8dc5-ca23-4211-a6e3-05abac705faa,,0.012499999999999992,0.5944444444444444,0.012499999999999992,,
313d736943e598c19d2a3d381f007b88,playstore,"almost always fail to unlock app even after multiple requests have been sent! updated in 2025: Worst UI I have ever seen. The page loading is painfully slow and with no indication of it is loading, at least in vintage Win98 we have the spinning circle.",,mowsong ng,1.0,2025-02-01T07:31:29,,Negative,App Performance,com.microsoft.familysafety,1.0,9b25896e-08a6-4c18-b784-d79cb7abf660,2.0.1.1046,-0.42000000000000004,0.42000000000000004,0.42000000000000004,,
5d9de96f856185059f19bbd854e2a078,playstore,"Update: I changed my kid's PC to be a laptop. Then he can't send any request to ask for more time. It shows the question ""if you connect to the internet?"" Of course, he uses it at home and connect internet all the time.",,GiGi Li,1.0,2025-01-31T20:45:21,,Positive,,com.microsoft.familysafety,3.0,e8db7116-7768-42c6-9458-00626a7d7bf6,,0.5,0.5,0.5,,
a6ae0a7a03144fc4b7e907b4dd7034fa,playstore,"Often not working! Microsoft is very dissapointed Update2025, Jan 30, getting worse!",,Gary Y,1.0,2025-01-31T07:08:02,,Negative,Update Issues,com.microsoft.familysafety,0.0,e69352da-1093-4af4-9ba9-e65c6d20d2d0,2.0.1.1046,-0.15,0.44999999999999996,0.15,,
4b5afa34a03e3e4205fd5d4c84b6a8b4,playstore,"My son changed his account privilege on windows 11 home edition to administrator. I changed him back to ordinary user, yet his account cannot be tracked again in family safety. I get an erroneous message that the account has admin rights! Stuck on how to fix it. 30th Jan: sent feedback with log information.",,Ravi Shankar,2.0,2025-01-30T17:06:03,,Negative,Notifications & Alerts,com.microsoft.familysafety,0.0,c0ac9659-00a6-4c13-84cd-41117a6e13d4,2.0.1.1046,-0.2916666666666667,0.3666666666666667,0.2916666666666667,,
761dabda8a2af25f563a91fe654fe54b,playstore,can't be better,,Hau Tran,5.0,2025-01-30T06:08:15,,Positive,,com.microsoft.familysafety,0.0,f547a63e-e625-466d-bd71-15e430c38789,2.0.1.1046,0.5,0.5,0.5,,
c2141d8b889c8ca0628fd0d19acdd41e,playstore,"Message to the dev team: Please just go and check how family link app is working. Take the same approach and make your application usable. Believe me, everybody would be happy. Thanks.",,Miki Mickoski,1.0,2025-01-30T02:20:30,,Positive,,com.microsoft.familysafety,0.0,7283e7be-f1bd-4345-b99a-bcbf0d909a5e,2.0.1.1046,0.3333333333333333,0.44166666666666665,0.3333333333333333,,
f131be1115cba6de4f9579176b27e905,playstore,READ ME,,Muhammad Munir,5.0,2025-01-29T17:43:55,,Neutral,,com.microsoft.familysafety,0.0,9a621b4d-415d-4763-801a-9d1d0004cc3b,2.0.1.1046,0.0,0.0,0.0,,
fdfb37dc30525034754191ffb6e723bd,playstore,It's a very useful app for keeping the kids safe on the internet.,,Luis Palacios (L. Palacios),5.0,2025-01-28T23:07:32,,Positive,,com.microsoft.familysafety,0.0,54a475fc-9cc4-4669-bc45-f3db455b0341,2.0.1.1046,0.445,0.25,0.445,,
023807234fbf8cd973a90f38c67abdb7,playstore,Not working Bugged,,Sri Jai Nandan Chikkala,1.0,2025-01-28T20:27:58,,Neutral,,com.microsoft.familysafety,0.0,97c22796-0bdf-48d7-8519-58cf148d2e5b,1.26.2.1015,0.0,0.0,0.0,,
848088dde560d09cab59820c0aa426b0,playstore,"Doesn't work. While other browsers are locked, devices can still change their DNS settings to bypass restrictions. Turning the device's DNS to Off or Automatic on my Samsung device means Edge also changes DNS, no longer reports on sites visited, and no longer blocked disallowed content.",,About What,1.0,2025-01-28T07:57:19,,Negative,App Blocking,com.microsoft.familysafety,0.0,555e5a90-6344-400f-8079-a70a1320d418,2.0.1.1046,-0.125,0.375,0.125,,
501c185bf65196bcfc55357904ed864a,playstore,"Great app, and I can keep track of my kids usage. Integrates well with all of our Microsoft office products that I regularly use. Sends me weekly updates on usage, and gives me very granular control to block/unblock apps or access within seconds. Very pleased with the service!",,Russell Carey,5.0,2025-01-28T01:24:43,,Positive,,com.microsoft.familysafety,16.0,231ee5fb-d3f1-4511-9ebd-da823a7f3b59,2.0.1.1046,0.453125,0.5317307692307692,0.453125,,
8eb68d346a48b0b0318475ea08d9135f,playstore,Used to work great but not anymore. Activity reports are constantly being switched off even though they are active.,,Sarah Blake,1.0,2025-01-27T17:03:32,,Positive,,com.microsoft.familysafety,0.0,683bdb5b-db57-4942-82c4-a7e4c9538e5c,2.0.1.1046,0.22222222222222224,0.561111111111111,0.22222222222222224,,
8a6816016ffec6788017a12056a1db01,playstore,Thanks for your help today.,,Abrar Niazi,4.0,2025-01-27T12:52:01,,Positive,,com.microsoft.familysafety,0.0,b2eb9af2-e482-46ba-9b66-8e164d53a8c7,,0.2,0.2,0.2,,
884b40393b0f8b50f098362cf9591e2a,playstore,Trash app just more apps and subscriptions to get more money from everyone just to use Microsoft Word,,Toxic Hyena,1.0,2025-01-27T08:06:10,,Positive,,com.microsoft.familysafety,0.0,33be3475-be7c-4498-8071-763f0070aef7,2.0.1.1046,0.5,0.5,0.5,,
ecec31123aacad7e73cea39c1672d208,playstore,Weird login issues. I suddenly can't login. My account works on all other microsoft products...,,Eyþór Gunnar Jónsson,1.0,2025-01-27T04:36:45,,Negative,Login & Account Issues,com.microsoft.familysafety,0.0,e8be8082-894e-4f22-81b1-b8081485b45e,1.26.2.1015,-0.20833333333333334,0.625,0.20833333333333334,,
006f5dfb8da03e6df75cac24a79bd5a3,playstore,"Does some basic functions, but limited features and slow response",,Avshalom Elyada,4.0,2025-01-27T02:04:41,,Negative,App Performance,com.microsoft.familysafety,0.0,7cb3b0b3-290d-430e-b926-5daff578694d,2.0.1.1046,-0.12380952380952381,0.2226190476190476,0.12380952380952381,,
6ffce1696500b3f88a3a677d2197a3d1,playstore,I am a beginner at it so far but it is great to have some control.,,Mariusz Pawlikowski,5.0,2025-01-26T23:59:19,,Positive,,com.microsoft.familysafety,0.0,20a0f6c2-37ed-406b-9db6-0e0460e0d7b1,2.0.1.1046,0.45,0.875,0.45,,
ae365b10b2f33c4c2f3a168c42265ce5,playstore,Buggy and crashes constantly. Doesn't load information until 4 or 5 refreshes. Basically garbage just like everything else Microsoft makes.,,W.L. Jones,1.0,2025-01-26T05:12:37,,Neutral,,com.microsoft.familysafety,0.0,e20ee2bb-95d1-47d4-81f2-225b38db7bae,2.0.1.1046,0.0,0.3333333333333333,0.0,,
7e6f17a76d81f6c700d5e655d394edc9,playstore,Doesn't show my child's account balance in the app. Says $0. I can go to the web page and it'll show me the correct amount. This app is slow and next to useless.,,Simon Caudwell,2.0,2025-01-26T04:46:14,,Negative,App Performance,com.microsoft.familysafety,0.0,bd70066c-de7f-488b-9460-baa6225497d3,2.0.1.1046,-0.26666666666666666,0.19999999999999998,0.26666666666666666,,
e51d7c1274c916ecda9f75fe4b8dd23d,playstore,Works great on Windows device.,,Gabi Uebel,5.0,2025-01-26T03:11:11,,Positive,,com.microsoft.familysafety,0.0,9e683792-bf73-4736-84c9-04f370020746,2.0.1.1046,0.8,0.75,0.8,,
f764929bcc9d69ab9a70c838525548b7,playstore,"It is very very slow, and only sometimes it is usable, most of the time it just buffers",,Mohammad Ashraf Bijapur,2.0,2025-01-25T16:40:38,,Neutral,,com.microsoft.familysafety,0.0,fb64042d-e45f-4632-8d3e-e77162f57db1,2.0.1.1046,0.036666666666666646,0.6733333333333333,0.036666666666666646,,
32674d5985335d1e31efb587989fe58b,playstore,Mets l’options de géo-localisation,,Brand,4.0,2025-01-25T13:02:54,,Neutral,,com.microsoft.familysafety,0.0,14a9dcf1-4c0d-479c-906a-433f0d47fa5f,2.0.1.1046,0.0,0.0,0.0,,
52256f17dca1f38017996772df1621fd,playstore,Still keeps crashing,,Cynthia Langley,2.0,2025-01-24T03:47:31,,Neutral,,com.microsoft.familysafety,0.0,57af823c-c7b7-44db-95cc-6f8d54d48af4,2.0.1.1046,0.0,0.0,0.0,,
02f4ed4c22705ce5f06834965031708c,playstore,"""Lock device"" doesn't work. I can't lock my child's laptop remotely. Thank you Microsoft.",,Maria Malanina,1.0,2025-01-23T12:27:19,,Negative,Devices,com.microsoft.familysafety,0.0,8ab271b8-d7ca-4c70-af36-b2a54b6480b0,2.0.1.1046,-0.1,0.2,0.1,,
3870fe3cfce8c640639efbb5774c3ed8,playstore,Tough to use,,Drake Stone,1.0,2025-01-23T07:57:48,,Negative,Others,com.microsoft.familysafety,0.0,d6dcd26d-1409-4869-bedd-846581bac614,2.0.1.1046,-0.3888888888888889,0.8333333333333334,0.3888888888888889,,
27e5881bc672bf81b4b4d4975f57a5ee,playstore,Very good,,Ogundipe Adetunji,5.0,2025-01-22T14:26:17,,Positive,,com.microsoft.familysafety,0.0,16183ec0-d4ea-46a3-9013-091fca59f9a2,2.0.1.1046,0.9099999999999999,0.7800000000000001,0.9099999999999999,,
0e69d8e01a8912d259b0ad140d540028,playstore,"I can't even sign into my Microsoft account, as soon as it asks for the 2FA Microsoft Authentication App, it times out and won't let me sign in. Managed to sign in using my password and a the cycling 2FA code. And, also, isn't even compatible with my Tab S9+ FE, can't even download it.",,samsam21amb (Sam),1.0,2025-01-22T06:39:47,,Neutral,,com.microsoft.familysafety,1.0,63faa7e1-84e1-4900-81e6-ec54f6f6a118,2.0.1.1046,0.0,0.0,0.0,,
ccefbee9e1037261b949307a7ee42fe3,playstore,This app doesn't help at all,,Holly St John,1.0,2025-01-21T21:48:04,,Neutral,,com.microsoft.familysafety,0.0,f258a406-7a36-4ee2-b4a6-72d546ed3d0b,,0.0,0.0,0.0,,
8e9cddc45ed3d49b64d26e014b563ea7,playstore,"Honestly, I'm having some difficulties understanding what I can do with this, how to get it to do what I'm reading it can do and just navigating around in it or trying to find how to get to places I need to be to make something happen that it suppossed to do. I know that when I stumble upon the RIGHT information that will take me to that next level of understanding, this app will deserve my 5 star review. I hven't stopped trying in years so I know I'm not about to stop and give up now either.",,Heath TB,4.0,2025-01-21T12:56:47,,Positive,,com.microsoft.familysafety,0.0,e09f87ff-0098-495b-b166-8cc41695559f,2.0.1.1046,0.2089285714285714,0.3839285714285714,0.2089285714285714,,
64943438a5d91162891d734bcfb649e1,playstore,this app doesn't allow me to simply lock the device. what is the point of this while I watch my kid use the surface that is enrolled and the link to lock the device won't work. poor. I'd rather pay for a cheap mdm than rely on this in the future.,,Michael Lee,1.0,2025-01-21T09:18:46,,Neutral,,com.microsoft.familysafety,0.0,e233e2a9-5b5c-421b-88d5-45f746082594,2.0.1.1046,0.0,0.44553571428571426,0.0,,
4f1b7824d06ecec46c3dc8f0b019bc9b,playstore,won't stay open. keeps crashing,,K W,1.0,2025-01-21T05:24:27,,Neutral,,com.microsoft.familysafety,0.0,833a590a-6706-411c-b72d-00f197d483d2,2.0.1.1046,0.0,0.5,0.0,,
42c9a6512516c7ce11a080de764a5c8d,playstore,Horrible,,Mark Jones,1.0,2025-01-21T02:39:27,,Negative,Others,com.microsoft.familysafety,0.0,764fb4df-dc25-4161-9cc7-81c4df984ade,2.0.1.1046,-1.0,1.0,1.0,,
8351d05d6f8b46d9cfcecf50b4397754,playstore,nice to keep children from playing during night time in school weeks. and to keep track on what they're doing and how long.,,Heidi Swart,4.0,2025-01-20T23:49:45,,Positive,,com.microsoft.familysafety,0.0,3f854800-a276-428c-86f0-ae3c05b6f154,2.0.1.1046,0.27499999999999997,0.7,0.27499999999999997,,
ee7fa374a7fac2ffcb0b75cf7754d105,playstore,"Terrible service. I have a 4 year old I want to make an account for. They make it so difficult to do anything on Microsoft anymore. Their entire environment is so complicated. From minor bugs, to having to use authenticator, authenticator has bugs. You know what would be great? I buy a computer with windows 11, I run the account as administrator, I make a second account on my computer, I edit the accessibility of my child's account. But NO they make it so much more complicated.",,allen chandler,1.0,2025-01-20T20:31:54,,Negative,App Performance,com.microsoft.familysafety,0.0,28bc5469-1d8e-4658-990b-6bf7d293fb2d,2.0.1.1046,-0.11499999999999999,0.6275000000000001,0.11499999999999999,,
50d69634e3e8b37458e45db4aedcb030,playstore,It would be nice to have 15 minute increments; only 30 minute increments is very restricting. I found that this app is not compatible with the galaxy s9 tab plus. Very frustrating not being about to monitor my tablet when my child uses it.,,Alicia Bailey,2.0,2025-01-20T10:09:35,,Neutral,,com.microsoft.familysafety,0.0,083a76c9-8f8a-4183-97bc-9b5b2083d587,2.0.1.1046,0.07,0.825,0.07,,
1244bab17c7f7cab375fb6c2a8c2e5d8,playstore,Not compatible with Android OnePlus pad 2,,Frederik Bisback,1.0,2025-01-20T03:23:32,,Neutral,,com.microsoft.familysafety,0.0,234c056f-3908-4bb6-8da5-7863d67ea4b1,2.0.1.1046,0.0,0.0,0.0,,
87c567806444e920a8c47c3c7f02b210,playstore,Excellent and useful app,,Tahir Nawaz,5.0,2025-01-19T11:44:30,,Positive,,com.microsoft.familysafety,0.0,ad78e7f2-41fe-4764-8266-257428bc0533,,0.65,0.5,0.65,,
c4c3ed745e5865baa34b9269b2ca2aa9,playstore,Doesn't work. Kids can't play fortnite after allowing.,,Shoiab Hassan,1.0,2025-01-19T09:16:52,,Neutral,,com.microsoft.familysafety,0.0,ff8e571f-5251-4989-bc3c-9241d53e8a0f,2.0.1.1046,0.0,0.0,0.0,,
ef5518b9b8f4ae72ec630be8b3c99f48,playstore,App crashes any time I try to manage child's spending,,Haley Beckner,2.0,2025-01-18T21:21:32,,Neutral,,com.microsoft.familysafety,0.0,5a7b3307-52cb-48a6-88ea-ebd68285c5d1,2.0.1.1046,0.0,0.0,0.0,,
0d414181e2333f3eea9763ac0e43547a,playstore,"App crashes every time I try to add an allowed website. The content filtering is overly restrictive, blocking educational websites the school system uses.",,Nicholas Koch,2.0,2025-01-18T20:07:29,,Positive,,com.microsoft.familysafety,0.0,9d9b238f-eaf3-44ac-b926-1a23dabcf2d2,2.0.1.1046,0.25,0.25,0.25,,
4e1957171062748dd6d02af5e27aeee4,playstore,"Trying to do the 'help us beat the robots' captcha is hard enough, but when creating a new child account it gets stuck in a horrendous loop. Truely the worst captcha I have ever come across mixed with a bug that seems to make it never ending. The stuff of nightmares.",,Tim Scott,1.0,2025-01-18T17:01:00,,Negative,App Performance,com.microsoft.familysafety,0.0,faa7f0c4-6cc4-4939-8f49-04f53f8f7e04,2.0.1.1046,-0.13421717171717173,0.5660353535353535,0.13421717171717173,,
9adc72e949f022348d01023981d83919,playstore,"Thanks for creating an app for this! I have a lot of feedback, but can only add 2: 1. I would suggest that you seek inspiration from the family link app. The interface here has a better UI for keeping track of active sessions, daily limits and requests - this is the most important part of the app for me. Implement a timer feature that shows the current active session and the ability to add or remove time dynamically to the session.",,Dan Rosenberg Mikkelsted,3.0,2025-01-18T16:45:10,,Positive,,com.microsoft.familysafety,7.0,6929fc64-dc50-4718-a099-d95075bafff0,2.0.1.1046,0.1537037037037037,0.5333333333333333,0.1537037037037037,,
b89ee3a8f341172924fe6f3593f7c7c6,playstore,Unable to track member on map. Actually map is not available and can't see Location permission option.,,Wedant Sagar,1.0,2025-01-17T16:46:59,,Negative,Feature Limitations,com.microsoft.familysafety,0.0,ad827d8a-a6e6-4ec4-9397-266c38d06c29,2.0.1.1046,-0.2333333333333333,0.3333333333333333,0.2333333333333333,,
0499aa8c53115ce43ae0f324de14ca66,playstore,Can't even go on one website,,oscar w,1.0,2025-01-17T13:20:35,,Neutral,,com.microsoft.familysafety,0.0,31cb0bfe-17fd-456a-9332-6a3d49129a95,2.0.1.1046,0.0,0.0,0.0,,
bffd3406ffebe22718ba3b4af7633180,playstore,Disappointed that the location feature has been removed.,,J Bradford,1.0,2025-01-17T11:35:26,,Negative,Full Frustration,com.microsoft.familysafety,0.0,cc694e71-ca7e-40f6-b4a3-5cab524d4fb6,2.0.1.1046,-0.75,0.75,0.75,,
c627d210d394b12bd78b7d0a8d495304,playstore,It suck and I can't get it on my ipad to go in a minecraft server,,Bauer Family,1.0,2025-01-17T10:47:11,,Neutral,,com.microsoft.familysafety,0.0,31b94ad0-f1d9-4c3f-ab50-f214c073b1a6,2.0.1.1046,0.0,0.0,0.0,,
c4885983f4f9c8bfad0672a890ef389b,playstore,"Works really well for our family. The only small issue is that sometimes when the child requests for more time and I approve it, it can take a long time for the approval to unlock the device.",,Walpatine,5.0,2025-01-16T23:11:20,,Neutral,,com.microsoft.familysafety,1.0,47617cd1-fdc0-4ac3-b882-f133ee5a35ad,2.0.1.1046,0.08,0.5,0.08,,
9999b265e7545bf19a427f44bfed44d1,playstore,excellent program keeps you informed even though I'm not near.,,William Fiff,5.0,2025-01-16T18:40:46,,Positive,,com.microsoft.familysafety,0.0,87a8f707-184d-439d-b218-466cee9ae165,2.0.1.1046,0.475,0.7,0.475,,
79ad4da1a946cd865cde1bdbd8373602,playstore,"Payment method for kids is ""Not Shared"" and how do I change that?? The app itself is very slow and confusing. Seems that as a parent, I should be able to do a lot more, without logging into kids account.",,Valeriy Ovechkin,1.0,2025-01-16T07:02:47,,Neutral,,com.microsoft.familysafety,0.0,5dd9bf85-9b41-4b64-94e0-2db06fb5f6cd,2.0.1.1046,0.07749999999999999,0.51125,0.07749999999999999,,
23855f1cc78769f7e28c8bee49f88b9b,playstore,"Works pretty good. I like the controls it places. It's not fool proof, but good.",,Daniel Walton,5.0,2025-01-16T02:43:09,,Positive,,com.microsoft.familysafety,0.0,395a141e-fb3e-4a77-9772-e677fb8f104c,2.0.1.1046,0.5499999999999999,0.7333333333333334,0.5499999999999999,,
54c9391d14e7f18631c8cd2f835a562d,playstore,"Used to be great, now the app doesn't work as intended. Why settings limits to apps (even their to their own Edge), if it doesn't stop after the time is up? It is better to check if the kids are using apps more time than you allow them to, the app isn't stopping the apps from running beyond the time limits.",,Gabriel Huertas,1.0,2025-01-16T02:09:27,,Positive,,com.microsoft.familysafety,0.0,e9312063-8ba8-42b1-9ede-0abc684b21b8,2.0.1.1046,0.6,0.6875,0.6,,
2b0d420a7c391c3f00a2b691e22451f8,playstore,"The app struggles on Android, with reports and device integration not working despite repeated prompts. It even states, ""Android tablets are not yet supported,"" severely limiting its usefulness. Additionally, the interface is confusing, with each menu leading to new pages, links, and downloads, creating a disjointed experience. Overall, it feels incomplete and difficult to navigate, especially for Android users.",,Christian Pedersen,1.0,2025-01-15T14:55:01,,Negative,Devices,com.microsoft.familysafety,0.0,d2ccd56e-e7be-4ac2-903b-82df92919093,,-0.13272727272727272,0.5709090909090909,0.13272727272727272,,
38071802e5f187461a228907220bccfc,playstore,useless for accessing actual settings. can't play games with my son because of ridiculous restrictions that are unintuitive to find in order to change.,,Mathias Fischer,1.0,2025-01-15T05:48:12,,Negative,App Blocking,com.microsoft.familysafety,1.0,41002eea-1c2a-4d5c-b179-b673b1bd6d91,2.0.1.1046,-0.27777777777777773,0.43333333333333335,0.27777777777777773,,
1afc5cd1ab8dd62bbb9a50acfa9adad6,playstore,"The app updated, then said it had a bug and now it won't open at all, so I can't get into settings",,Melissa Pocock,1.0,2025-01-14T14:20:29,,Neutral,,com.microsoft.familysafety,0.0,77a7aec9-cf8f-4122-9aa4-1f5a3b9ccdc5,2.0.1.1046,0.0,0.5,0.0,,
818dfcb914f2605adfcf9d3ec1ba78cd,playstore,Can't track my dad,,Shen W,4.0,2025-01-14T12:18:29,,Neutral,,com.microsoft.familysafety,0.0,59e0e68f-8d6c-4dc9-9e00-6e9982fbb0ee,2.0.1.1046,0.0,0.0,0.0,,
f573707cae574b71a812032ed95d847b,playstore,Usefull app,,ரகு,5.0,2025-01-14T11:34:17,,Neutral,,com.microsoft.familysafety,0.0,38a5807f-9db0-4885-8741-63ea676d1b2c,2.0.1.1046,0.0,0.0,0.0,,
feeebe69c09a193a43bda82cdb643496,playstore,This app doesn't work as expected... The delays of information propagation between phone and a windows are enormous. Sometimes a kid needs to ask several times until the request is processed within the system... Also... Locking feature doesn't work... I click 'lock device' and it wouldn't work... If only Microsoft took inspiration from Google 'family link' on how such apps should work...,,Pat M,1.0,2025-01-13T23:51:12,,Neutral,,com.microsoft.familysafety,7.0,80a956d6-8a3d-479f-b667-9e973b168fa3,2.0.1.1046,-0.02,0.5599999999999999,0.02,,
f3bee9eb4e338d47f1fa38ccd122d2ec,playstore,"good app to control kids time, sites and security.",,Hernán Rojas,5.0,2025-01-13T04:02:44,,Positive,,com.microsoft.familysafety,0.0,012cbc34-dd58-4270-96d9-92f266c9712c,2.0.1.1046,0.7,0.6000000000000001,0.7,,
067c2a653f5be4f8a6f192ca064f3f4f,playstore,20250112: My child has a school laptop and his personal which is for gaming. Is there anyway to only lock the gaming PC and not everything?,,Raul Xavier,2.0,2025-01-12T23:19:47,,Neutral,,com.microsoft.familysafety,4.0,db2b4b24-5e2c-4924-96a3-aa7c9f6a94b5,2.0.1.1046,0.0,0.65,0.0,,
7a73d7f28c8c9c293ee0e8c9c166620a,playstore,Family guy optional,,Dave HUNT Zamora Cheeks,5.0,2025-01-11T14:44:11,,Neutral,,com.microsoft.familysafety,0.0,eacfc184-77de-4607-ab2f-051d88fec605,2.0.1.1046,0.0,0.0,0.0,,
85f01f95027f9ee5bb3e66e4585df74a,playstore,Fan of most Microsoft products but really wish this had the Location based feature similar 6o Life360,,Will IForce,4.0,2025-01-11T10:56:31,,Positive,,com.microsoft.familysafety,0.0,93775882-10ea-489c-be03-97a77185cebd,2.0.1.1046,0.2333333333333333,0.3666666666666667,0.2333333333333333,,
e673dcec919656e9432057c8a5cfce7d,playstore,Pretty decent. A little more granularity in scheduling allowed times for apps would be nice as well as the ability to set alerts.,,Josh Eastburn,4.0,2025-01-10T22:22:07,,Positive,,com.microsoft.familysafety,0.0,a982c66f-1406-4620-b1bb-7043fc207139,2.0.1.1046,0.2658333333333333,0.7333333333333333,0.2658333333333333,,
90b7e85b16a39d7eee938b2cc55300dd,playstore,Yeah this is trash. Worked a few times and then just stopped. Never even opens now. Don't use,,Kim Fletcher,1.0,2025-01-10T04:45:53,,Negative,Others,com.microsoft.familysafety,1.0,a8fae207-008f-4b12-9998-d7c233538865,2.0.1.1046,-0.2,0.1,0.2,,
d88aba5bf9bc5aba6bbfcb996cf87884,playstore,Immediately crashes with an error that says it has a bug and to update when the developer fixes it.,,Ryan McCool,1.0,2025-01-10T03:14:47,,Neutral,,com.microsoft.familysafety,0.0,1fe40965-8625-4c62-a3b0-1b920bba7676,2.0.1.1046,0.0,0.0,0.0,,
b6d85cc8fc0e2999ba9ce0545427143f,playstore,The functions barely work. I am completely unable to add money to my child's account unless I have a notification from him first and the general functionality of the app is lacking in almost every way. I wouldn't have it if I didn't need it,,Michael Devlin,1.0,2025-01-09T23:37:27,,Neutral,,com.microsoft.familysafety,0.0,33753a15-73cd-44ae-b7e8-d97a140be27a,2.0.1.1046,-0.0375,0.35833333333333334,0.0375,,
8531290961b8c65c3bf36a79cd560033,playstore,This app is so useless,,Lucifer,1.0,2025-01-09T16:46:05,,Negative,Full Frustration,com.microsoft.familysafety,0.0,4ce92369-043e-4575-b39b-b8c8c9a858ee,2.0.1.1046,-0.5,0.2,0.5,,
ff9abb08016699b09d3b5e4769b4237d,playstore,"Useless, irritating and annoying - I am a parent.",,Nur Adilah Sulaiman,1.0,2025-01-09T11:52:04,,Negative,Full Frustration,com.microsoft.familysafety,0.0,4ef3910d-bf3e-4c63-8c52-4d5e2f0ea5fa,,-0.5666666666666668,0.6333333333333333,0.5666666666666668,,
4ac97ecdfd121db5e2352f632072a7bf,playstore,You can use the app to add a family member and create an email for them. But there's no option to reset the password if you forget it. There is no way at all to recover your child's microsoft password if you forget it.,,Angie Ng,1.0,2025-01-09T06:44:17,,Neutral,,com.microsoft.familysafety,0.0,fa5cee66-eea8-473d-99a1-4f0739ea57dd,2.0.1.1046,0.0,0.0,0.0,,
411fd2e78b5046ab00168bffc81cb2c3,playstore,"I love that this can limit my kids' screen time. It usually works, but sometimes the request approval won't go through to the laptop and recently the time limits just stopped working in the evening. UPDATE: Apparently they can circumvent time limits by changing the time zone in Windows. Sneaky kids...",,Andrew Wood,4.0,2025-01-08T22:31:23,,Neutral,,com.microsoft.familysafety,3.0,60995d16-4953-40fc-8dc2-5f132b0e9b99,2.0.1.1046,0.075,0.36250000000000004,0.075,,
c77db68d8be8bf47d673f5b891c233fb,playstore,"It's wonderful to have such an app, and for free. Unfortunately, this app is really difficult to use and manage. The mobile device part almost never works either. I.e. it just tries to load but does not show the functionality to add/manage mobile devices..",,D B,3.0,2025-01-08T21:52:10,,Neutral,,com.microsoft.familysafety,2.0,faac2249-6ff7-4374-8c31-6b242129bcd2,2.0.1.1046,0.04999999999999999,0.7833333333333333,0.04999999999999999,,
33ddf7ca409903bd7007e1dffa8361e9,playstore,When will this be available for tablets? If it was able to work on tablets I could monitor and set settings for my child's Minecraft play. It would be 5 stars worthy. But without I think it's 2 stars.,,Belle Vogler,2.0,2025-01-08T07:07:59,,Positive,,com.microsoft.familysafety,0.0,16ae291f-314b-41fd-8137-306228a285ba,2.0.1.1046,0.41111111111111115,0.6749999999999999,0.41111111111111115,,
6bfeff9eaafe0d9832079477f14c9f87,playstore,Excellent app,,Reading Books,5.0,2025-01-07T21:29:14,,Positive,,com.microsoft.familysafety,0.0,676fe488-35ca-4b93-8a91-e0a5f18826f3,2.0.1.1046,1.0,1.0,1.0,,
905a97956bc06ea090e0e0a1e55882fc,playstore,I suppose it's OK when it works - but when it doesn't it's a hassle!,,Ann-Marie Smith-Handley,1.0,2025-01-07T15:59:36,,Positive,,com.microsoft.familysafety,0.0,1c5997a8-2744-4303-ad52-429fbed4340e,2.0.1.1046,0.625,0.5,0.625,,
e2b9831f48504fbb4a5bb352ccd51c4a,playstore,"Blocked and allowed website doesn't work. Can't press to lock the device. Have to set device limit to the nearest 30min interval. The whole layout is not user friendly. This is a poor release from Microsoft. With safeguarding on the internet a huge issue in society, Microsoft should really step up their game. Take a look at the Google version, you can learn a lot from them.",,kira charlott,1.0,2025-01-07T15:19:19,,Neutral,,com.microsoft.familysafety,11.0,de1ad9d8-04a8-4645-b2cc-35266db756de,2.0.1.1046,0.06249999999999998,0.5,0.06249999999999998,,
08525f839e7c3ae9e79e8d9142993fba,playstore,"Always shows white screen. I can see only notifications. It's impossible to open the menu to send logs/diagnostics. My phone is Samsung Galaxy A55, android version 14. Reinstalled app, and it works now.",,Sanjar Jabborov,3.0,2025-01-07T11:16:29,,Negative,Devices,com.microsoft.familysafety,0.0,92ae9b62-466f-4e1e-8464-056c00adf5b5,2.0.1.1046,-0.16666666666666666,0.625,0.16666666666666666,,
c68cb0421cd53718cd188117a2cbe515,playstore,"I can't add any websites to the ""blocked websites"". There's no way to save it after entering the website url I want blocked",,Zac,2.0,2025-01-06T13:01:52,,Neutral,,com.microsoft.familysafety,0.0,b5012c16-6b33-4aa4-b6ed-75a08067bddf,2.0.1.1046,0.0,0.0,0.0,,
e68bc4a0adf7ec698be0084de70d95c0,playstore,HACKED. Not even my granddaughter is safe. I feel so helpless from this HACKERS,,Kolleen D Moore (USA citizen),1.0,2025-01-06T06:47:54,,Positive,,com.microsoft.familysafety,0.0,097dd3d3-4726-4357-8f66-3f97a4edbd6a,2.0.1.1046,0.5,0.5,0.5,,
317e5ade2273230be6b6f4dfb733256d,playstore,No longer available on this device? Textbook case of developers chasing technology instead of helping people.,,Jānis Rūcis,1.0,2025-01-05T22:19:48,,Positive,,com.microsoft.familysafety,0.0,a7e1a4a4-7a1a-4fd9-bd39-c257326ae160,1.26.2.1015,0.4,0.4,0.4,,
871058003b5b890bfae60812d7e61989,playstore,"Sometimes doesn't show the time kid spent in app, often doesn't unblock a requested site",,Oleg Kozlyuk,3.0,2025-01-05T18:56:06,,Negative,App Blocking,com.microsoft.familysafety,0.0,f1db696a-27e1-4c39-8fcd-3d13d2c65653,2.0.1.1046,-0.1,0.1,0.1,,
c2fa560c58247d4d106e1676e43a3e67,playstore,Would be good set app access by multiple schedules just like devices,,Jeremy Bryant,4.0,2025-01-04T15:37:00,,Positive,,com.microsoft.familysafety,0.0,0131dc39-b835-47cb-862a-ae7ebb81a967,2.0.1.1046,0.35,0.30000000000000004,0.35,,
594828c95ffc037c076187fc99e20d76,playstore,"Slow, unreliable, doesn't come close to Google Family Link. Can't add bonus time. Notifications don't appear sometimes. Lacks features. Embarrassing for Microsoft.",,Shay Kamin Braun,2.0,2025-01-04T14:18:39,,Negative,Notifications & Alerts,com.microsoft.familysafety,0.0,ecf810df-3f6a-4726-aa0d-dbd620a9c660,2.0.1.1046,-0.30000000000000004,0.39999999999999997,0.30000000000000004,,
134f175264e684c0a5df7e1dd2b1ce1b,playstore,"I am beyond frustrated with Microsoft Family Safety. Despite setting strict content filters that require my approval for all websites, my 11-year-old managed to access an AI (Copilot AI) and talk to it for three months without my knowledge or permission. To make matters worse, this activity never showed up in the browsing history or activity reports, even though everything else my child accessed was logged. This raises serious concerns about how ineffective and unreliable this app is for parents",,Venters Family,1.0,2025-01-04T10:51:58,,Negative,App Usage,com.microsoft.familysafety,0.0,d5c7404e-3719-430d-984b-7264144ac507,,-0.4777777777777778,0.48888888888888893,0.4777777777777778,,
191caf4abcbfd06443a1a8c802b72cd2,playstore,"I've found that the app is unreliable; sometimes approved requests don't go through The website, though, works well, so I just started using that instead",,Marcos B,3.0,2025-01-04T07:50:43,,Neutral,,com.microsoft.familysafety,0.0,512133ea-e7db-4733-bb31-43f81a08e8da,2.0.1.1046,0.0,0.0,0.0,,
6a6c3770b702bde25b1586671e5a89bf,playstore,I am currently having issues with a bug. It keeps kicking me out.,,Olivia Ashby,3.0,2025-01-04T07:43:43,,Neutral,,com.microsoft.familysafety,0.0,34491839-c93a-486a-94da-8bba2f232e06,2.0.1.1046,0.0,0.4,0.0,,
328ae9b886fa71ab85dd33a9a54a3482,playstore,"This app i fokking awful, messy and yeah🦅🚫would not recomment if you want your kids to live a happy and joyful life!🗣‼️",,Julie Navratilova,1.0,2025-01-04T01:01:11,,Negative,Full Frustration,com.microsoft.familysafety,1.0,4a71b9f3-948f-4ad8-b391-475825311276,2.0.1.1046,-0.06590909090909086,0.725,0.06590909090909086,,
6dd833ae2ba8b322bd0c94a6c86e27df,playstore,it's horrible for the child,,Amelia Sionko,1.0,2025-01-03T20:08:41,,Negative,Others,com.microsoft.familysafety,0.0,4a687837-97da-476e-b947-acbcfbe21018,2.0.1.1046,-1.0,1.0,1.0,,
96f26f7a102fdb509016e918c4f543aa,playstore,Can't run on my phone Android 14. Crashed during initialization without ability to report.,,Alexander Varchenko,1.0,2025-01-03T06:31:54,,Neutral,,com.microsoft.familysafety,0.0,c7730ab3-0984-4d6b-b91e-df5501ef6069,2.0.1.1046,0.0,0.0,0.0,,
311cfa42d93b97de124230cb5122edde,playstore,Was super hard to connect the account after trying all day I started at 7amI called the support line and 9pm finally got it hooked up now works good,,Alec Sanders,3.0,2025-01-02T13:10:10,,Positive,,com.microsoft.familysafety,0.0,e4656732-0959-47d8-8a7c-77ac0d997823,2.0.1.1046,0.18541666666666665,0.7020833333333333,0.18541666666666665,,
7919920e6cd5c6e4e3c6c59ae1fa1089,playstore,Use the app to monitor usage on my son's PC. Just couldn't get it to work correctly even after multiple attempts.,,Charlie Milner,1.0,2025-01-02T01:41:51,,Neutral,,com.microsoft.familysafety,0.0,e1e8da99-f67c-45d2-8cf4-ab17844afabf,2.0.1.1046,0.0,0.0,0.0,,
218371da1f98ec347279e0e90bb45b7f,playstore,nice app. but low performance.,,Shakoor Hussain Attari,3.0,2025-01-01T23:17:26,,Positive,,com.microsoft.familysafety,1.0,2bf5a081-dfc8-43e7-b637-a732d2c85bc2,2.0.1.1046,0.3,0.65,0.3,,
0b17b0d12da4273b024518ba9eb965c5,playstore,"for basic control of hours spent on Microsoft devices is doing the job, but the allowed hours is sharing on devices. for deferent devices it should have deferent control.",,ZACHARIAS PANAKAS,3.0,2025-01-01T18:32:56,,Neutral,,com.microsoft.familysafety,0.0,4a89338b-a816-40fe-8865-7126e0abc678,2.0.1.1046,-0.05,0.1125,0.05,,
71df3b001736ebcee143a1ab7043008f,playstore,"A surprisingly intuitive and effective piece of software, especially considering Microsoft's form of late.",,Jam W,5.0,2025-01-01T16:33:22,,Positive,,com.microsoft.familysafety,3.0,ffd9617e-d7c2-4941-a263-92ef41fdc05e,2.0.1.1046,0.24999999999999994,0.725,0.24999999999999994,,
6c7b9012df36bf712b2ec54d74e8145c,playstore,Cant change time limits without a request. Extremely impractical.,,Cole _,2.0,2025-01-01T08:46:37,,Negative,Screen Time,com.microsoft.familysafety,0.0,7faa97a6-0643-43e3-81da-2a8783114173,2.0.1.1046,-0.125,1.0,0.125,,
06cfcfeaa35a356317d04bc2ae3595c7,playstore,MiNimal functionality,,Emir Ramic,1.0,2025-01-01T07:07:05,,Negative,Others,com.microsoft.familysafety,0.0,dc05692e-556b-4aa2-9787-5046e8119aed,2.0.1.1046,-0.1,0.6,0.1,,
f3cd7843903cbd931425dad4579035b1,playstore,"so long as the parent sets it up correctly, it works as should...",,stuart sandison,5.0,2025-01-01T04:27:57,,Neutral,,com.microsoft.familysafety,0.0,378f7646-89fd-4153-aa28-b900065e3c08,2.0.1.1046,-0.05,0.4,0.05,,
67ea9cbc6958562f0187a628b8666cc5,playstore,It wants me to turn on accessibility for a device we already removed from our account. It sometimes takes several requests for more time before the windows device works again.,,Zorro D,3.0,2025-01-01T02:20:19,,Positive,,com.microsoft.familysafety,10.0,3cd89ea4-9523-453f-b6e3-260b125a795c,2.0.1.1046,0.2333333333333333,0.19999999999999998,0.2333333333333333,,
f8d61a03b7dd914edfc545f88a10ba61,playstore,"Was good, but I now cannot launch it, it tells me it has a bug and to update once the developer has fixed it!! 31/12/24 I am now not receiving any messages, I tap the app, it tries to launch, then closes within 3 seconds of tapping the app icon. So I cannot send any details via the options you state.",,Donna Holmes,2.0,2024-12-31T13:13:59,,Positive,,com.microsoft.familysafety,1.0,72a197ab-b9d9-47bc-8356-d1b925fd6c35,2.0.1.1046,0.2520833333333333,0.4000000000000001,0.2520833333333333,,
4a2e906c856f0b22c1f4065f0b80dc13,playstore,Can't login with passkey. UI UX could be improved,,Fathur,3.0,2024-12-30T11:35:53,,Neutral,,com.microsoft.familysafety,0.0,51180402-2f4d-42c5-880c-a0a877031c6a,2.0.1.1046,0.0,0.0,0.0,,
6daa226c88302246c6df49aa1cd9e024,playstore,Buggy and unusable,,Gary Chambers,1.0,2024-12-30T03:25:34,,Neutral,,com.microsoft.familysafety,0.0,f6f56472-1935-4e36-a2fe-5fa737217431,2.0.1.1046,0.0,0.0,0.0,,
72a295e68f6ef2bde9adc970c803f3a3,playstore,Not compatible with S10 tablet.. ridiculous...,,David Slater,1.0,2024-12-29T16:41:06,,Negative,Devices,com.microsoft.familysafety,0.0,ca538c49-978c-42e9-8d3b-045aad47f0af,2.0.1.1046,-0.3333333333333333,1.0,0.3333333333333333,,
1e1b06ab319875a11db5cab1d8281bb0,playstore,"Can't even open the app, says it has a bug and to wait for the developer to upgrade it. Now can't approve child's requirements or do anything",,Amanda Basu,1.0,2024-12-29T07:35:25,,Neutral,,com.microsoft.familysafety,0.0,9e8a30f4-afa7-4719-83b8-d813d5bdf1cc,2.0.1.1046,0.0,0.5,0.0,,
179777c426aea1c3a2cbd0e7e9fb539e,playstore,App works but also doesn't control window pc as per app settings. My 12 year always breaks in time limit and get window work just by entering password few times. Wish Google family could control windows pc.,,Deepak Narang,1.0,2024-12-29T07:05:35,,Negative,Screen Time,com.microsoft.familysafety,0.0,e72452be-240a-466e-892a-76d63a1a9272,2.0.1.1046,-0.2,0.1,0.2,,
9d1e47122b307ccee836bdaa0f8d23a2,rss,"<a href=""https://news.google.com/rss/articles/CBMijAFBVV95cUxNYTg2Sk5QN09WM25BcW5lVml4UktKQlpIam56Y1M5VFd3VWlsazVxOWdhQkJfWnlDNEpfMVZtV1FWandocTFtckNwYmZnY04wdk5BeUJxS2ZiV29HLWE1TlRRRUVGRm1NZGQ5ZUtEU3kyRGk4MXFXNWFmUVY3bkVVZzhYZEU0TG9hVzJ6TA?oc=5"" target=""_blank"">Microsoft family safety blocks Google Chrome on Windows 11</a>&nbsp;&nbsp;<font color=""#6f6f6f"">Digital Watch Observatory</font>",Microsoft family safety blocks Google Chrome on Windows 11 - Digital Watch Observatory,,,2025-06-26T07:00:00,https://news.google.com/rss/articles/CBMijAFBVV95cUxNYTg2Sk5QN09WM25BcW5lVml4UktKQlpIam56Y1M5VFd3VWlsazVxOWdhQkJfWnlDNEpfMVZtV1FWandocTFtckNwYmZnY04wdk5BeUJxS2ZiV29HLWE1TlRRRUVGRm1NZGQ5ZUtEU3kyRGk4MXFXNWFmUVY3bkVVZzhYZEU0TG9hVzJ6TA?oc=5,Neutral,,,,,,0.0,0.0,0.0,"https://news.google.com/rss/search?q=""Microsoft+Family+Safety""&hl=en-IN&gl=IN&ceid=IN:en","Thu, 26 Jun 2025 07:00:00 GMT"
8a72b0f9858a179bf7c49137768a0aa0,rss,"<a href=""https://news.google.com/rss/articles/CBMickFVX3lxTE0yem9tekQxX3I2SG45ZmF1VTk4ckJvRnpFNENGX0NVX01CUW42VG1LeWtSSDI3em54MmxXamxLc1pPMXlTZmZsRFlNLVlLRERkMUhWQVh0bGo4eGJ1RjZHV1JBSDlqaG81aVplbE80UWVPQQ?oc=5"" target=""_blank"">We've tested, reviewed, and ranked all the best apps for parental control to help keep your family safe online</a>&nbsp;&nbsp;<font color=""#6f6f6f"">TechRadar</font>","We've tested, reviewed, and ranked all the best apps for parental control to help keep your family safe online - TechRadar",,,2025-07-21T14:40:42,https://news.google.com/rss/articles/CBMickFVX3lxTE0yem9tekQxX3I2SG45ZmF1VTk4ckJvRnpFNENGX0NVX01CUW42VG1LeWtSSDI3em54MmxXamxLc1pPMXlTZmZsRFlNLVlLRERkMUhWQVh0bGo4eGJ1RjZHV1JBSDlqaG81aVplbE80UWVPQQ?oc=5,Positive,,,,,,0.5,0.26666666666666666,0.5,"https://news.google.com/rss/search?q=""Microsoft+Family+Safety""&hl=en-IN&gl=IN&ceid=IN:en","Mon, 21 Jul 2025 14:40:42 GMT"
e0dfa982844293229a529643584424e2,rss,"<a href=""https://news.google.com/rss/articles/CBMiuAFBVV95cUxPQmxxQnRDRXprU2hNLVpfTVp0bGJFSFNfeWpyelJmUU9hYVB0cGVnTGtTa0FTLWtmNGhlaXFhVjBnM2VRVE85aEI2NjAyWnpyVFdhY0xfa2c2dTIxVWs0cDRoUXVCTFdVWVM5OGs3VUM2SHdIOHlGWFE0bmNLSW9oQm1uNVN5dzA4ZjFDNmVHbjlPdS1JN0ZjRXJGSzdYR0pJQnhKTVVITVd6YllERUxrUDRpNmV1S2M40gG-AUFVX3lxTE53bWpxZDBjM0RPR25Ma0VUY09USGw0NS1IYWlHd3dfb2UwT2JDUlVHa2QxUHZlRkhlYUpPMlN5azRsTF9OampLRXhVQUppSFZuaTdOX1JxclhyR294OWVaM3VpTUNPLU5ELVdraS1xaTFXRVUzTHNaOElRaXBBU0tLRkh4SldZTko5dFBmUU5LdXVjLWFNY3FzQVY4bzhaT2dERTJZc3JHN0trVDk3eDNxR1ZqaHJhclFVTjg2TkE?oc=5"" target=""_blank"">Microsoft confirms Family Safety blocks Google Chrome from launching</a>&nbsp;&nbsp;<font color=""#6f6f6f"">BleepingComputer</font>",Microsoft confirms Family Safety blocks Google Chrome from launching - BleepingComputer,,,2025-06-26T07:00:00,https://news.google.com/rss/articles/CBMiuAFBVV95cUxPQmxxQnRDRXprU2hNLVpfTVp0bGJFSFNfeWpyelJmUU9hYVB0cGVnTGtTa0FTLWtmNGhlaXFhVjBnM2VRVE85aEI2NjAyWnpyVFdhY0xfa2c2dTIxVWs0cDRoUXVCTFdVWVM5OGs3VUM2SHdIOHlGWFE0bmNLSW9oQm1uNVN5dzA4ZjFDNmVHbjlPdS1JN0ZjRXJGSzdYR0pJQnhKTVVITVd6YllERUxrUDRpNmV1S2M40gG-AUFVX3lxTE53bWpxZDBjM0RPR25Ma0VUY09USGw0NS1IYWlHd3dfb2UwT2JDUlVHa2QxUHZlRkhlYUpPMlN5azRsTF9OampLRXhVQUppSFZuaTdOX1JxclhyR294OWVaM3VpTUNPLU5ELVdraS1xaTFXRVUzTHNaOElRaXBBU0tLRkh4SldZTko5dFBmUU5LdXVjLWFNY3FzQVY4bzhaT2dERTJZc3JHN0trVDk3eDNxR1ZqaHJhclFVTjg2TkE?oc=5,Neutral,,,,,,0.0,0.0,0.0,"https://news.google.com/rss/search?q=""Microsoft+Family+Safety""&hl=en-IN&gl=IN&ceid=IN:en","Thu, 26 Jun 2025 07:00:00 GMT"
6fd4f1245f7f6731c379039f8a5abaa6,rss,"<a href=""https://news.google.com/rss/articles/CBMikgFBVV95cUxNazhLd256MVp4RmRPSjkxbmFFNEFnZG9aazJOS1lDYjBLdE5kN0ZXSUV4Um01MUF1NWZqOEFTUFJkRm92ZThpWnIxZV9sU18zbjg0VFlCSnVib1NMa09uX2hUSU1nQkMzc1ctTUpfZ2N4ZHUzdERSOHRmMGdkLV80bnZ4NnZVQ0tzVG03bTZSYVR5Zw?oc=5"" target=""_blank"">Microsoft Family Safety Feature Is Blocking Chrome on Windows—Here Are Your Options</a>&nbsp;&nbsp;<font color=""#6f6f6f"">How-To Geek</font>",Microsoft Family Safety Feature Is Blocking Chrome on Windows—Here Are Your Options - How-To Geek,,,2025-07-02T07:00:00,https://news.google.com/rss/articles/CBMikgFBVV95cUxNazhLd256MVp4RmRPSjkxbmFFNEFnZG9aazJOS1lDYjBLdE5kN0ZXSUV4Um01MUF1NWZqOEFTUFJkRm92ZThpWnIxZV9sU18zbjg0VFlCSnVib1NMa09uX2hUSU1nQkMzc1ctTUpfZ2N4ZHUzdERSOHRmMGdkLV80bnZ4NnZVQ0tzVG03bTZSYVR5Zw?oc=5,Neutral,,,,,,0.0,0.0,0.0,"https://news.google.com/rss/search?q=""Microsoft+Family+Safety""&hl=en-IN&gl=IN&ceid=IN:en","Wed, 02 Jul 2025 07:00:00 GMT"
49267770ed617967065667d8f3867362,rss,"<a href=""https://news.google.com/rss/articles/CBMikgFBVV95cUxPUjhEVUFEaGFKaXJnMTNIZUFiSDZqN1JpUWZSd3ctUG1LVmU0bTMwZ0MxZDY2cS1IdFFES1NEWmpreU4xNzVNaFVFWk9wUVhPWFZ5LXc3SG9ocUxnMnpWUERXZ0dIaHpkUFFQNnJNUm5yaEdadVBwNHB0MXZzdnk5eXpYRkYwajVqY0t3LVUtUkRxQQ?oc=5"" target=""_blank"">Microsoft is blocking Google Chrome through its family safety feature</a>&nbsp;&nbsp;<font color=""#6f6f6f"">The Verge</font>",Microsoft is blocking Google Chrome through its family safety feature - The Verge,,,2025-06-20T07:00:00,https://news.google.com/rss/articles/CBMikgFBVV95cUxPUjhEVUFEaGFKaXJnMTNIZUFiSDZqN1JpUWZSd3ctUG1LVmU0bTMwZ0MxZDY2cS1IdFFES1NEWmpreU4xNzVNaFVFWk9wUVhPWFZ5LXc3SG9ocUxnMnpWUERXZ0dIaHpkUFFQNnJNUm5yaEdadVBwNHB0MXZzdnk5eXpYRkYwajVqY0t3LVUtUkRxQQ?oc=5,Neutral,,,,,,0.0,0.0,0.0,"https://news.google.com/rss/search?q=""Microsoft+Family+Safety""&hl=en-IN&gl=IN&ceid=IN:en","Fri, 20 Jun 2025 07:00:00 GMT"
c36e38eab916a38153a0095d85e3a369,rss,"<a href=""https://news.google.com/rss/articles/CBMirgFBVV95cUxNVWZ2WHlCVy1MTXZuVWJVM3pMbV9hcEtialZYT1RwWGJGbkdCS2ZHRmZGc1RIczlHTlcyRFJmQ3ItOWN1LWVhRXIzempGWXdOMkpKOGx4ZG0xLVdDak5HOUctOEpaNEhtRHVyQmExeW11Y01tbTQxc1YyZmtWLVlmY1JWR3p3ejJ1UTNYSEVlbE5HRnVkdjQtY1JfendKZDVCS29ZMkhLY2Z6dXVXeFE?oc=5"" target=""_blank"">Microsoft's Family Safety Feature Is Blocking Chrome: Here's the Workaround</a>&nbsp;&nbsp;<font color=""#6f6f6f"">CNET</font>",Microsoft's Family Safety Feature Is Blocking Chrome: Here's the Workaround - CNET,,,2025-06-20T07:00:00,https://news.google.com/rss/articles/CBMirgFBVV95cUxNVWZ2WHlCVy1MTXZuVWJVM3pMbV9hcEtialZYT1RwWGJGbkdCS2ZHRmZGc1RIczlHTlcyRFJmQ3ItOWN1LWVhRXIzempGWXdOMkpKOGx4ZG0xLVdDak5HOUctOEpaNEhtRHVyQmExeW11Y01tbTQxc1YyZmtWLVlmY1JWR3p3ejJ1UTNYSEVlbE5HRnVkdjQtY1JfendKZDVCS29ZMkhLY2Z6dXVXeFE?oc=5,Neutral,,,,,,0.0,0.0,0.0,"https://news.google.com/rss/search?q=""Microsoft+Family+Safety""&hl=en-IN&gl=IN&ceid=IN:en","Fri, 20 Jun 2025 07:00:00 GMT"
c08a7601a979a0d93c5ea0fd7e62f38c,rss,"<a href=""https://news.google.com/rss/articles/CBMie0FVX3lxTE94cktzbnRQUnR0eThHczNmem8xS3VPb1JTaW02TGlmZi1NY0tzczBvSGxybUE4MU85THl0OTNlQkZueWlNWDV3blA4eTlWR2lSTk5tazlwU1VWU01hazVRS3k0akFOcjRmUXhmcGxaVWxoM1g0dGtWazY0WQ?oc=5"" target=""_blank"">Microsoft Family Safety Is Blocking Chrome And It's A Feature Not A Bug</a>&nbsp;&nbsp;<font color=""#6f6f6f"">HotHardware</font>",Microsoft Family Safety Is Blocking Chrome And It's A Feature Not A Bug - HotHardware,,,2025-06-26T07:00:00,https://news.google.com/rss/articles/CBMie0FVX3lxTE94cktzbnRQUnR0eThHczNmem8xS3VPb1JTaW02TGlmZi1NY0tzczBvSGxybUE4MU85THl0OTNlQkZueWlNWDV3blA4eTlWR2lSTk5tazlwU1VWU01hazVRS3k0akFOcjRmUXhmcGxaVWxoM1g0dGtWazY0WQ?oc=5,Neutral,,,,,,0.0,0.0,0.0,"https://news.google.com/rss/search?q=""Microsoft+Family+Safety""&hl=en-IN&gl=IN&ceid=IN:en","Thu, 26 Jun 2025 07:00:00 GMT"
61417820b4e2494d74878fbe3e9c0bb6,rss,"<a href=""https://news.google.com/rss/articles/CBMiW0FVX3lxTE8wMFBuT21XbFg5T3h2VkdJTUNWNFJIcFdDa05MMFRHem8zQ0JQcVU5b2xNbWZoaWtzM2J6Tmp5S2FqOHVnZ1YwYm1KV1kzaThDcS1aSy1uZHhWZ2_SAVtBVV95cUxPMDBQbk9tV2xYOU94dlZHSU1DVjRSSHBXQ2tOTDBUR3pvM0NCUHFVOW9sTW1maGlrczNiek5qeUthajh1Z2dWMGJtSldZM2k4Q3EtWkstbmR4Vmdv?oc=5"" target=""_blank"">Microsoft Family Safety Blocks All Versions of Google Chrome</a>&nbsp;&nbsp;<font color=""#6f6f6f"">Cyber Press</font>",Microsoft Family Safety Blocks All Versions of Google Chrome - Cyber Press,,,2025-06-23T07:00:00,https://news.google.com/rss/articles/CBMiW0FVX3lxTE8wMFBuT21XbFg5T3h2VkdJTUNWNFJIcFdDa05MMFRHem8zQ0JQcVU5b2xNbWZoaWtzM2J6Tmp5S2FqOHVnZ1YwYm1KV1kzaThDcS1aSy1uZHhWZ2_SAVtBVV95cUxPMDBQbk9tV2xYOU94dlZHSU1DVjRSSHBXQ2tOTDBUR3pvM0NCUHFVOW9sTW1maGlrczNiek5qeUthajh1Z2dWMGJtSldZM2k4Q3EtWkstbmR4Vmdv?oc=5,Neutral,,,,,,0.0,0.0,0.0,"https://news.google.com/rss/search?q=""Microsoft+Family+Safety""&hl=en-IN&gl=IN&ceid=IN:en","Mon, 23 Jun 2025 07:00:00 GMT"
f603472f0089eb533421f3acbdd625d1,rss,"<a href=""https://news.google.com/rss/articles/CBMi7AFBVV95cUxNNll6YUgtYXRxVktpRm1tZzdlOTkyQnhwRTUxZFUzNVlYTGZibGlyUVpoLVlDTUpPMEZCTVJ5bW9PZUZtWE95YTVGb1BQOXRrTkZMZTNLdkpZOTdYWmRQUFFRRGF4Z2R1TE9hdVJVYVZRUWhTLUZBSGN1VS1XLWJfcUgzbVVmUlVyLXNmTU1NeW9pR0VTSzI1T0N4WTQ5Wnp1dHFZTDlrd1hPWnExRUdJZnBOYVhXY1lNNGhPdWwwSGo3QVRJYUFPVDMwZlVkS18xMDdoN3p0MzJ4OGJnTTRnS3Z4RnZMT2M4V2dIcQ?oc=5"" target=""_blank"">Microsoft is blocking Google Chrome in the name of family safety — but this time it actually makes sense</a>&nbsp;&nbsp;<font color=""#6f6f6f"">Windows Central</font>",Microsoft is blocking Google Chrome in the name of family safety — but this time it actually makes sense - Windows Central,,,2025-06-21T07:00:00,https://news.google.com/rss/articles/CBMi7AFBVV95cUxNNll6YUgtYXRxVktpRm1tZzdlOTkyQnhwRTUxZFUzNVlYTGZibGlyUVpoLVlDTUpPMEZCTVJ5bW9PZUZtWE95YTVGb1BQOXRrTkZMZTNLdkpZOTdYWmRQUFFRRGF4Z2R1TE9hdVJVYVZRUWhTLUZBSGN1VS1XLWJfcUgzbVVmUlVyLXNmTU1NeW9pR0VTSzI1T0N4WTQ5Wnp1dHFZTDlrd1hPWnExRUdJZnBOYVhXY1lNNGhPdWwwSGo3QVRJYUFPVDMwZlVkS18xMDdoN3p0MzJ4OGJnTTRnS3Z4RnZMT2M4V2dIcQ?oc=5,Neutral,,,,,,0.0,0.05,0.0,"https://news.google.com/rss/search?q=""Microsoft+Family+Safety""&hl=en-IN&gl=IN&ceid=IN:en","Sat, 21 Jun 2025 07:00:00 GMT"
ebdc0977392c0e04954e59cc541cb81e,rss,"<a href=""https://news.google.com/rss/articles/CBMid0FVX3lxTE01NnJob29iTzcxNlVCRW9NUVRjSUdhN0JkcmNMTDBJQUVIa3pvd3oxbVdFZFJzYlV2Qm5vNkRXZkNtZ0F3WnU5dWlPQlpMcUJEa1pYTjNwaGtRUERxWlVObHZ0ZjFqWHNkck9PcklNSkNlR25WMkpN0gF8QVVfeXFMTmo1Uy05b2RmOUFBOVVZMk9RTXZWY1lFc0FCZFVrSWVVV2gycTY2dFVXVC04WVhaTk5LLXotX1l5cnV5bmdaMDhCeTR0bGdIRWNYRkJuTjI2UW5wcDNSMUc3ekxEU2hrd2tDbU1KOFgtcmZTN05wVXlWekNORg?oc=5"" target=""_blank"">Microsoft Family Safety Blocking All the Version of Chrome Browsers</a>&nbsp;&nbsp;<font color=""#6f6f6f"">CyberSecurityNews</font>",Microsoft Family Safety Blocking All the Version of Chrome Browsers - CyberSecurityNews,,,2025-06-23T07:00:00,https://news.google.com/rss/articles/CBMid0FVX3lxTE01NnJob29iTzcxNlVCRW9NUVRjSUdhN0JkcmNMTDBJQUVIa3pvd3oxbVdFZFJzYlV2Qm5vNkRXZkNtZ0F3WnU5dWlPQlpMcUJEa1pYTjNwaGtRUERxWlVObHZ0ZjFqWHNkck9PcklNSkNlR25WMkpN0gF8QVVfeXFMTmo1Uy05b2RmOUFBOVVZMk9RTXZWY1lFc0FCZFVrSWVVV2gycTY2dFVXVC04WVhaTk5LLXotX1l5cnV5bmdaMDhCeTR0bGdIRWNYRkJuTjI2UW5wcDNSMUc3ekxEU2hrd2tDbU1KOFgtcmZTN05wVXlWekNORg?oc=5,Neutral,,,,,,0.0,0.0,0.0,"https://news.google.com/rss/search?q=""Microsoft+Family+Safety""&hl=en-IN&gl=IN&ceid=IN:en","Mon, 23 Jun 2025 07:00:00 GMT"
23505493292ddfc60831ce307e6ddb19,rss,"<a href=""https://news.google.com/rss/articles/CBMilwFBVV95cUxPZmVKOHN1NVFNZ0o2RThORDZnUjR3VmVRQks2X1FRZWFLcmcyY05uNUxZTEh2LW1lcnhFb2s3bjBIWXJCM0JQbDNZMnhuakxUS3UtOTVJb1FmcVExTnFMckVaaHRVbzFzNzJFTHlyRUVURWpkY1NnczU1VnFRa2FvQzBteDhJMnktVm1sSjNLUVJYNDNaRzJ3?oc=5"" target=""_blank"">Microsoft Family Safety parental control software review</a>&nbsp;&nbsp;<font color=""#6f6f6f"">Yahoo! Tech</font>",Microsoft Family Safety parental control software review - Yahoo! Tech,,,2025-07-02T07:00:00,https://news.google.com/rss/articles/CBMilwFBVV95cUxPZmVKOHN1NVFNZ0o2RThORDZnUjR3VmVRQks2X1FRZWFLcmcyY05uNUxZTEh2LW1lcnhFb2s3bjBIWXJCM0JQbDNZMnhuakxUS3UtOTVJb1FmcVExTnFMckVaaHRVbzFzNzJFTHlyRUVURWpkY1NnczU1VnFRa2FvQzBteDhJMnktVm1sSjNLUVJYNDNaRzJ3?oc=5,Neutral,,,,,,0.0,0.0,0.0,"https://news.google.com/rss/search?q=""Microsoft+Family+Safety""&hl=en-IN&gl=IN&ceid=IN:en","Wed, 02 Jul 2025 07:00:00 GMT"
914ce36197540f6a19d0336dbf27aac8,rss,"<a href=""https://news.google.com/rss/articles/CBMiwAFBVV95cUxPWUxuMGFoWkFVT2tUT1R1Tk5UQkROcC15SzBMNGhTczM5Y05rMjhuajNXTGlRNHk2U2VTSXl5SzlMMlJZM05JaFB4bnNkXzVUcDc4X0xoZ3BBNTMwN3d6TE8ybWFwRDduaFNnMk4tVzZIMEJGcFBBVWU0V1YwbFZZRThhTlF3NnlROGJuQ2wyUFEwOEkxZkczNVpBRFFCbDdSdHhnTDNPU3U2bkZWWmVpbXlOdEwwQXhvY1ZUUllSS1I?oc=5"" target=""_blank"">Microsoft Confirms Google Chrome Block After Windows 11 Users Complain</a>&nbsp;&nbsp;<font color=""#6f6f6f"">Forbes</font>",Microsoft Confirms Google Chrome Block After Windows 11 Users Complain - Forbes,,,2025-06-27T07:00:00,https://news.google.com/rss/articles/CBMiwAFBVV95cUxPWUxuMGFoWkFVT2tUT1R1Tk5UQkROcC15SzBMNGhTczM5Y05rMjhuajNXTGlRNHk2U2VTSXl5SzlMMlJZM05JaFB4bnNkXzVUcDc4X0xoZ3BBNTMwN3d6TE8ybWFwRDduaFNnMk4tVzZIMEJGcFBBVWU0V1YwbFZZRThhTlF3NnlROGJuQ2wyUFEwOEkxZkczNVpBRFFCbDdSdHhnTDNPU3U2bkZWWmVpbXlOdEwwQXhvY1ZUUllSS1I?oc=5,Neutral,,,,,,0.0,0.0,0.0,"https://news.google.com/rss/search?q=""Microsoft+Family+Safety""&hl=en-IN&gl=IN&ceid=IN:en","Fri, 27 Jun 2025 07:00:00 GMT"
ea36d2772dfc1c7d550367ef416b2693,rss,"<a href=""https://news.google.com/rss/articles/CBMifEFVX3lxTE1Gdll5VFQzdW9jNk9ZTXBCdFhINHIzUHNxa1FpTWZmTC1mLUNHWW84SXNMWHpCNFZoeUVCM0FyVkstVjh3ZktMRXEzRUtKMDhKQ19BQ1lTZVQ2bFJEamtKOWdoUWtOS2pqZ1ZaTndsZnhHU0ZjZUliZ0V0NnPSAYIBQVVfeXFMUC1hNzFMeFJ2VUJ6N2prNWR2S0JxMXdPOGJGaDA3U0NGQUZndE5RWm8zdUc0N3NYTGVHbC1UNDFqMWt0MldidkMzS2J4VC1mOVFoLXBaSm1kOFhsd0VFYnJ5UW5pREVHQ3hrYk1XQno1VzBQeUM3dmdvZUhTTWhlZW85dw?oc=5"" target=""_blank"">Microsoft Family Safety Now Blocking All Versions of Google Chrome</a>&nbsp;&nbsp;<font color=""#6f6f6f"">gbhackers.com</font>",Microsoft Family Safety Now Blocking All Versions of Google Chrome - gbhackers.com,,,2025-06-23T07:00:00,https://news.google.com/rss/articles/CBMifEFVX3lxTE1Gdll5VFQzdW9jNk9ZTXBCdFhINHIzUHNxa1FpTWZmTC1mLUNHWW84SXNMWHpCNFZoeUVCM0FyVkstVjh3ZktMRXEzRUtKMDhKQ19BQ1lTZVQ2bFJEamtKOWdoUWtOS2pqZ1ZaTndsZnhHU0ZjZUliZ0V0NnPSAYIBQVVfeXFMUC1hNzFMeFJ2VUJ6N2prNWR2S0JxMXdPOGJGaDA3U0NGQUZndE5RWm8zdUc0N3NYTGVHbC1UNDFqMWt0MldidkMzS2J4VC1mOVFoLXBaSm1kOFhsd0VFYnJ5UW5pREVHQ3hrYk1XQno1VzBQeUM3dmdvZUhTTWhlZW85dw?oc=5,Neutral,,,,,,0.0,0.0,0.0,"https://news.google.com/rss/search?q=""Microsoft+Family+Safety""&hl=en-IN&gl=IN&ceid=IN:en","Mon, 23 Jun 2025 07:00:00 GMT"
f73a93b4c0d7d122c75db562ada40182,rss,"<a href=""https://news.google.com/rss/articles/CBMiqwFBVV95cUxNS1NxN0E0OTFkeC1oSVlxNGpVOE14WURiZTR2ZW1HRU1aRThDOEdKODFHRktvaURwWW12ZWdtR2VYeVBlS2tFVlVDRnAwOVhtVzREcmRqTkVBamhKclQwLUlLczhIUTBBWGFIVDk2RHJlSDhHU0RaUWlZeDBjdWJ0NXRneWhUcmhEU0oxMFRQcHJCUWNfZ0FQOW54T0FfY2Y1bW5vM05tODJtZkE?oc=5"" target=""_blank"">Microsoft’s Family Safety app is blocking Chrome on Windows PCs</a>&nbsp;&nbsp;<font color=""#6f6f6f"">PCWorld</font>",Microsoft’s Family Safety app is blocking Chrome on Windows PCs - PCWorld,,,2025-06-20T07:00:00,https://news.google.com/rss/articles/CBMiqwFBVV95cUxNS1NxN0E0OTFkeC1oSVlxNGpVOE14WURiZTR2ZW1HRU1aRThDOEdKODFHRktvaURwWW12ZWdtR2VYeVBlS2tFVlVDRnAwOVhtVzREcmRqTkVBamhKclQwLUlLczhIUTBBWGFIVDk2RHJlSDhHU0RaUWlZeDBjdWJ0NXRneWhUcmhEU0oxMFRQcHJCUWNfZ0FQOW54T0FfY2Y1bW5vM05tODJtZkE?oc=5,Neutral,,,,,,0.0,0.0,0.0,"https://news.google.com/rss/search?q=""Microsoft+Family+Safety""&hl=en-IN&gl=IN&ceid=IN:en","Fri, 20 Jun 2025 07:00:00 GMT"
58f612e20fb497873eb3e8728daf893b,rss,"<a href=""https://news.google.com/rss/articles/CBMiuAFBVV95cUxPbkk0ZWppeHNtTmRNWUJ0cTl6ZlNGb0VDdEJid3VrSEhXVzFULU4tT09iS21fVEs5MlZVV254TmF5ZHZOSEc0QkZVY3FrMV93Z3R6cHFJeVlNbUM0bHNUUFRPYTNNMEsxZ3VIc0JRaV9ZLUNtRE1qak1jQ2pKdEp1R2oteGNPaHBKWXA3ZTRLcFRGcU1tb1BtUzU1dWt5M3NXYkNkZDdybGo4OFFIYjM3bS1ENENaNnRY?oc=5"" target=""_blank"">Microsoft’s Family Safety app is blocking Chrome on Windows PCs</a>&nbsp;&nbsp;<font color=""#6f6f6f"">MSN</font>",Microsoft’s Family Safety app is blocking Chrome on Windows PCs - MSN,,,2025-06-20T19:16:21,https://news.google.com/rss/articles/CBMiuAFBVV95cUxPbkk0ZWppeHNtTmRNWUJ0cTl6ZlNGb0VDdEJid3VrSEhXVzFULU4tT09iS21fVEs5MlZVV254TmF5ZHZOSEc0QkZVY3FrMV93Z3R6cHFJeVlNbUM0bHNUUFRPYTNNMEsxZ3VIc0JRaV9ZLUNtRE1qak1jQ2pKdEp1R2oteGNPaHBKWXA3ZTRLcFRGcU1tb1BtUzU1dWt5M3NXYkNkZDdybGo4OFFIYjM3bS1ENENaNnRY?oc=5,Neutral,,,,,,0.0,0.0,0.0,"https://news.google.com/rss/search?q=""Microsoft+Family+Safety""&hl=en-IN&gl=IN&ceid=IN:en","Fri, 20 Jun 2025 19:16:21 GMT"
6b1fc44ee82df2ecdcfac7def101e8c0,rss,"<a href=""https://news.google.com/rss/articles/CBMirAFBVV95cUxNZlcxUC1SUFVPanlHX2xISm9NSVp4X1htMmNsSi04OU5fNTVtUlZzclo4OUFyYlJWVnZmZGNNd2NlSXRfdGJiSHAxWEo5QVozUElBQklsU1BGWHE0Q21hNkhpZ3RSeUo2dHNnNUZMVFY2Q2FvalgtU2tySHBHN29aQ3dkQ0s4WGJldnZZZUVCcXJCXzNlb3RXaXhHT1B6dXg0QWdsVEZJNUM3TUdM0gGyAUFVX3lxTE1LR2RBS1FYVi01RFN6RFU3TU0yWlhfOVJSZTBycTFjZ2ZCLThrN09RZGtIMWRLaUJMWXc5UGJ3UHV0bjQ1V2QzTWtUTXd2cGJMbVlvckl6dVgxUGQtczM4NDlnZUhFRks4VUd6WXZ5MHcxY2NBM1QyOHFzd1lhY3dvdURnQ2hIR3Z1RmZ6WTlQTWJWSnNDR3VkV1pMNHR6Tm5SR3hUd2o5YlE0MEgyVG1OYXc?oc=5"" target=""_blank"">Microsoft Family Safety is blocking Google Chrome, but there's a workaround</a>&nbsp;&nbsp;<font color=""#6f6f6f"">gHacks Technology News</font>","Microsoft Family Safety is blocking Google Chrome, but there's a workaround - gHacks Technology News",,,2025-06-23T07:00:00,https://news.google.com/rss/articles/CBMirAFBVV95cUxNZlcxUC1SUFVPanlHX2xISm9NSVp4X1htMmNsSi04OU5fNTVtUlZzclo4OUFyYlJWVnZmZGNNd2NlSXRfdGJiSHAxWEo5QVozUElBQklsU1BGWHE0Q21hNkhpZ3RSeUo2dHNnNUZMVFY2Q2FvalgtU2tySHBHN29aQ3dkQ0s4WGJldnZZZUVCcXJCXzNlb3RXaXhHT1B6dXg0QWdsVEZJNUM3TUdM0gGyAUFVX3lxTE1LR2RBS1FYVi01RFN6RFU3TU0yWlhfOVJSZTBycTFjZ2ZCLThrN09RZGtIMWRLaUJMWXc5UGJ3UHV0bjQ1V2QzTWtUTXd2cGJMbVlvckl6dVgxUGQtczM4NDlnZUhFRks4VUd6WXZ5MHcxY2NBM1QyOHFzd1lhY3dvdURnQ2hIR3Z1RmZ6WTlQTWJWSnNDR3VkV1pMNHR6Tm5SR3hUd2o5YlE0MEgyVG1OYXc?oc=5,Neutral,,,,,,0.0,0.0,0.0,"https://news.google.com/rss/search?q=""Microsoft+Family+Safety""&hl=en-IN&gl=IN&ceid=IN:en","Mon, 23 Jun 2025 07:00:00 GMT"
76aed5d2d1fc5275777e106fe63775e6,rss,"<a href=""https://news.google.com/rss/articles/CBMimwFBVV95cUxOa19zeGZFekl1WkRlNW1vWGk1LW5FOUw5UENWNERjSWJkd1dFOXhvcmViVEtKVnBNQ2twNjlfWXppNnJWS1BWTkpwbDZzRFNrWTBkbk5NTmh5NDZ6Y3EwY1oxWmVqeFpzS1NaM2VBSm5ySE9PM21VMmdNM1pyV08xYVN4WlhLQWRPMXhpcDBTckozRWtIU3dUd1V2VQ?oc=5"" target=""_blank"">This Microsoft app thinks Google Chrome is NSFW (Not Safe For Windows)</a>&nbsp;&nbsp;<font color=""#6f6f6f"">Laptop Mag</font>",This Microsoft app thinks Google Chrome is NSFW (Not Safe For Windows) - Laptop Mag,,,2025-06-20T07:00:00,https://news.google.com/rss/articles/CBMimwFBVV95cUxOa19zeGZFekl1WkRlNW1vWGk1LW5FOUw5UENWNERjSWJkd1dFOXhvcmViVEtKVnBNQ2twNjlfWXppNnJWS1BWTkpwbDZzRFNrWTBkbk5NTmh5NDZ6Y3EwY1oxWmVqeFpzS1NaM2VBSm5ySE9PM21VMmdNM1pyV08xYVN4WlhLQWRPMXhpcDBTckozRWtIU3dUd1V2VQ?oc=5,Negative,Others,,,,,-0.125,0.25,0.125,"https://news.google.com/rss/search?q=""Microsoft+Family+Safety""&hl=en-IN&gl=IN&ceid=IN:en","Fri, 20 Jun 2025 07:00:00 GMT"
030430115dc1ba5a167c27cab7d1daec,rss,"<a href=""https://news.google.com/rss/articles/CBMitAFBVV95cUxPMVpxUkREZHZ6OEJMQUYwN1JQUDdjSmZTc2o1dURxNWYwNHJqNjVNWW5wMjhFa3JaLURDZzAyT0ZQOTJlMW56ZjNWdzVDWEc1b0o2dmJuUGgyZjFwSkhtWnk4ZF9GT2tkWUdseGU3MzF4VUJmdFpIcFoxSXJ4akJjUzBzdk5aMTBVV1gwclhrVTZYQUp2UlJWVzFrbGNXNTZPYlBiLXlNUF9vX3BpUGY2T2RXc3M?oc=5"" target=""_blank"">Microsoft Is Blocking Google Chrome, Windows 11 Users Complain</a>&nbsp;&nbsp;<font color=""#6f6f6f"">Forbes</font>","Microsoft Is Blocking Google Chrome, Windows 11 Users Complain - Forbes",,,2025-06-25T07:00:00,https://news.google.com/rss/articles/CBMitAFBVV95cUxPMVpxUkREZHZ6OEJMQUYwN1JQUDdjSmZTc2o1dURxNWYwNHJqNjVNWW5wMjhFa3JaLURDZzAyT0ZQOTJlMW56ZjNWdzVDWEc1b0o2dmJuUGgyZjFwSkhtWnk4ZF9GT2tkWUdseGU3MzF4VUJmdFpIcFoxSXJ4akJjUzBzdk5aMTBVV1gwclhrVTZYQUp2UlJWVzFrbGNXNTZPYlBiLXlNUF9vX3BpUGY2T2RXc3M?oc=5,Neutral,,,,,,0.0,0.0,0.0,"https://news.google.com/rss/search?q=""Microsoft+Family+Safety""&hl=en-IN&gl=IN&ceid=IN:en","Wed, 25 Jun 2025 07:00:00 GMT"
05b20bc1e4eb62d001b453a496930c2e,rss,"<a href=""https://news.google.com/rss/articles/CBMi6wFBVV95cUxNSlhaTlZsNnFyN1U2c2dEQTVJeUNNTFV0RHVnaHVyYnlNMWhQSW5zR3VMOEhtTVBka0l1SFMyMVNNbWdTQm1TbEZvcHZOZ3FiYlNaUUU1NHJQaGl4WmdsVUk3TkkzNlNYUW5LVlM5VWg4d2hWcTBDWkd0RVlUajRiaHNNUkRlLTRsbnRsTUhjdlNFNkxsTUdQUlVVb0tYQzY3MURrdFVZelhTZTlNdWUxYnhRaHUybFJTYXFYejVaYWRwMHhaVU9kZ2FyOE5DSThxbEZuSjQ3bGk4ZnQwT3gxSWZrSDhsR1gyQlA00gHwAUFVX3lxTE9WcnYweUpVbmNGRDVTWHBudHlDQnN1RU1uZm9SSXhZb2ZudUFQMXpFZzFRWldYdmdmUUYzLVRnYTVNREpOT08xekItT0d6SmN1aVlwSmMzZ1UtWFRLNHpSNFFJZ0xXSEw0eEhpNU0xdVFuQktndUJYekNTaGpCbl9URnhXaGR6cU5qdWJESW8zemJFZ3ZGTGFMUFFyMHc1alRpX09hTElnODQyMmhPeFZMVU1nUXc5U2FHMnU0UGMteUhPdlZPdDhLOG9yOF9ORUFHVlgzdXRubExHLXIyUEVOSEFncXlWRUVyMTdKMndDLQ?oc=5"" target=""_blank"">This Microsoft feature is accidentally ‘blocking’ Google Chrome on Windows</a>&nbsp;&nbsp;<font color=""#6f6f6f"">Times of India</font>",This Microsoft feature is accidentally ‘blocking’ Google Chrome on Windows - Times of India,,,2025-06-20T07:00:00,https://news.google.com/rss/articles/CBMi6wFBVV95cUxNSlhaTlZsNnFyN1U2c2dEQTVJeUNNTFV0RHVnaHVyYnlNMWhQSW5zR3VMOEhtTVBka0l1SFMyMVNNbWdTQm1TbEZvcHZOZ3FiYlNaUUU1NHJQaGl4WmdsVUk3TkkzNlNYUW5LVlM5VWg4d2hWcTBDWkd0RVlUajRiaHNNUkRlLTRsbnRsTUhjdlNFNkxsTUdQUlVVb0tYQzY3MURrdFVZelhTZTlNdWUxYnhRaHUybFJTYXFYejVaYWRwMHhaVU9kZ2FyOE5DSThxbEZuSjQ3bGk4ZnQwT3gxSWZrSDhsR1gyQlA00gHwAUFVX3lxTE9WcnYweUpVbmNGRDVTWHBudHlDQnN1RU1uZm9SSXhZb2ZudUFQMXpFZzFRWldYdmdmUUYzLVRnYTVNREpOT08xekItT0d6SmN1aVlwSmMzZ1UtWFRLNHpSNFFJZ0xXSEw0eEhpNU0xdVFuQktndUJYekNTaGpCbl9URnhXaGR6cU5qdWJESW8zemJFZ3ZGTGFMUFFyMHc1alRpX09hTElnODQyMmhPeFZMVU1nUXc5U2FHMnU0UGMteUhPdlZPdDhLOG9yOF9ORUFHVlgzdXRubExHLXIyUEVOSEFncXlWRUVyMTdKMndDLQ?oc=5,Neutral,,,,,,0.0,0.0,0.0,"https://news.google.com/rss/search?q=""Microsoft+Family+Safety""&hl=en-IN&gl=IN&ceid=IN:en","Fri, 20 Jun 2025 07:00:00 GMT"
ed147639cfb7e2b389f342e0df409fc9,rss,"<a href=""https://news.google.com/rss/articles/CBMiS0FVX3lxTFBfV1pyNWtoTXY3TzVfZWN4eFNxbWtvYmFLUFlzYkdMV3JPdnh0X0kxTU9kSEtNbzQ0Q1BvX19BWVFzYURIQlV5YXhpd9IBQkFVX3lxTE0tajU5ME5GcUNySklPZF9FWVRsT2lzcmRWbzZtWXBnaS1XcHVmXzlCZE9YMElxQlcwQkVRN3dRMVdodw?oc=5"" target=""_blank"">Google Chrome Blocked On Windows Devices Due To Microsoft's Family Safety Feature</a>&nbsp;&nbsp;<font color=""#6f6f6f"">VOI.ID</font>",Google Chrome Blocked On Windows Devices Due To Microsoft's Family Safety Feature - VOI.ID,,,2025-06-23T08:47:38,https://news.google.com/rss/articles/CBMiS0FVX3lxTFBfV1pyNWtoTXY3TzVfZWN4eFNxbWtvYmFLUFlzYkdMV3JPdnh0X0kxTU9kSEtNbzQ0Q1BvX19BWVFzYURIQlV5YXhpd9IBQkFVX3lxTE0tajU5ME5GcUNySklPZF9FWVRsT2lzcmRWbzZtWXBnaS1XcHVmXzlCZE9YMElxQlcwQkVRN3dRMVdodw?oc=5,Negative,App Blocking,,,,,-0.0625,0.1875,0.0625,"https://news.google.com/rss/search?q=""Microsoft+Family+Safety""&hl=en-IN&gl=IN&ceid=IN:en","Mon, 23 Jun 2025 08:47:38 GMT"
025b6c849f48a2112e9697115335bf0a,rss,"<a href=""https://news.google.com/rss/articles/CBMioAFBVV95cUxNUkdzM21FNGZ1ZEhQRXp0YlZodEhMMUJad1JxdzAtU1lmQktyNElidV9fOHpkTDR4aWF1UlhOYUNvVm43a002bzRzeUo5My1VWTVWR3ZSVFdOeU1jLVpjVzZEcHoxYXU4WlctNGFHSDQ1WkFhbXZURWRtbDRpcUtrakhqRHBkMkwzaUIxTjQtdWNSOURBQU5RNm81dDNiTjli?oc=5"" target=""_blank"">Microsoft Family Safety blocks Google Chrome browser (June 2025)</a>&nbsp;&nbsp;<font color=""#6f6f6f"">BornCity</font>",Microsoft Family Safety blocks Google Chrome browser (June 2025) - BornCity,,,2025-06-23T07:00:00,https://news.google.com/rss/articles/CBMioAFBVV95cUxNUkdzM21FNGZ1ZEhQRXp0YlZodEhMMUJad1JxdzAtU1lmQktyNElidV9fOHpkTDR4aWF1UlhOYUNvVm43a002bzRzeUo5My1VWTVWR3ZSVFdOeU1jLVpjVzZEcHoxYXU4WlctNGFHSDQ1WkFhbXZURWRtbDRpcUtrakhqRHBkMkwzaUIxTjQtdWNSOURBQU5RNm81dDNiTjli?oc=5,Neutral,,,,,,0.0,0.0,0.0,"https://news.google.com/rss/search?q=""Microsoft+Family+Safety""&hl=en-IN&gl=IN&ceid=IN:en","Mon, 23 Jun 2025 07:00:00 GMT"
5437e7a668a57019ed35d741defa8f15,rss,"<a href=""https://news.google.com/rss/articles/CBMi4gFBVV95cUxPYThwSUdJWnBET21nT1l6VTBrX0xxbDF3cUNjanVuM2FTemttZnpVN3I5Qk1mTkRwRFFTYmNPbk9WY2o5SmFEcTlsTE42QkhWZlh1V09EckswVlZXYmtfZzFqRmdlR25OY0dxZTV0QjlSX09wbmVmNHVFei1ZUEZyVWhib1RlSlRIalNwajZDcVBnUmJma0dCcDJKTzZmaVRGaVdmSmpJOWVldWJzSGJIcU9PVWVZbHpjZ0MzQmNNY0wtODBpaW55M2VEd3UzZk4wMXJ2aWZTZF9aVW9xNWlURVJn0gHnAUFVX3lxTFA2bVhRR1cySVpOb1Z6T0REcFhUUDVQSkk0aFVWU3FkYk0zNy1DYlFLVHJaY3JJV1dTQ2xIYTlSZkZNX1pXNS1fQXpPRFNZdkNoMVFUMEZzVlZPV2xLNlBsaG16VTdTSE14eVRVUEVOSU5TNDVtR2Y4R0swNFpjWEpwSGhuS3VsSzBUeDJuY3FVbEFNSURaTmNPNzd2VE1DV2pOa1REV2FuMzRGZGFxdzZwSHA2VEVCcGdqN25URjE0dWdKT1NfX1dpbGxadEhmZTBJd0kwaXhLTWNpaVJNM1M0aThBVElkMA?oc=5"" target=""_blank"">Facing troubles with Google Chrome on Windows? Check reason and workaround</a>&nbsp;&nbsp;<font color=""#6f6f6f"">Business Standard</font>",Facing troubles with Google Chrome on Windows? Check reason and workaround - Business Standard,,,2025-06-23T07:00:00,https://news.google.com/rss/articles/CBMi4gFBVV95cUxPYThwSUdJWnBET21nT1l6VTBrX0xxbDF3cUNjanVuM2FTemttZnpVN3I5Qk1mTkRwRFFTYmNPbk9WY2o5SmFEcTlsTE42QkhWZlh1V09EckswVlZXYmtfZzFqRmdlR25OY0dxZTV0QjlSX09wbmVmNHVFei1ZUEZyVWhib1RlSlRIalNwajZDcVBnUmJma0dCcDJKTzZmaVRGaVdmSmpJOWVldWJzSGJIcU9PVWVZbHpjZ0MzQmNNY0wtODBpaW55M2VEd3UzZk4wMXJ2aWZTZF9aVW9xNWlURVJn0gHnAUFVX3lxTFA2bVhRR1cySVpOb1Z6T0REcFhUUDVQSkk0aFVWU3FkYk0zNy1DYlFLVHJaY3JJV1dTQ2xIYTlSZkZNX1pXNS1fQXpPRFNZdkNoMVFUMEZzVlZPV2xLNlBsaG16VTdTSE14eVRVUEVOSU5TNDVtR2Y4R0swNFpjWEpwSGhuS3VsSzBUeDJuY3FVbEFNSURaTmNPNzd2VE1DV2pOa1REV2FuMzRGZGFxdzZwSHA2VEVCcGdqN25URjE0dWdKT1NfX1dpbGxadEhmZTBJd0kwaXhLTWNpaVJNM1M0aThBVElkMA?oc=5,Neutral,,,,,,0.0,0.0,0.0,"https://news.google.com/rss/search?q=""Microsoft+Family+Safety""&hl=en-IN&gl=IN&ceid=IN:en","Mon, 23 Jun 2025 07:00:00 GMT"
51b1c580113b2143ca63525ab3758b23,rss,"<a href=""https://news.google.com/rss/articles/CBMiugFBVV95cUxNaXNCUWZINEttaGJIYnQzczZIVTRCOHBhMkRJUS1PTjN1dUJSTXFnVGRwOVpyRFNkTlRkZWs5Y3Vyd1hYaUN6Mzc2bnBEd3NsSGY5dWJfX0JQekVxRFZ4TEdPMnl6M0xQMGNlZWhYTjFXaHJQcjRDRzNIOTZ0dUhEMXZfMjhtdjdQd3FGekU1bTJCTDlLNmxDNDJNXzBXbGVvbzlnd1VsNGh0NXVHcVN0UW1vUmNpbEMtcnc?oc=5"" target=""_blank"">This Windows safety feature is crashing Google Chrome</a>&nbsp;&nbsp;<font color=""#6f6f6f"">NewsBytes</font>",This Windows safety feature is crashing Google Chrome - NewsBytes,,,2025-06-21T07:00:00,https://news.google.com/rss/articles/CBMiugFBVV95cUxNaXNCUWZINEttaGJIYnQzczZIVTRCOHBhMkRJUS1PTjN1dUJSTXFnVGRwOVpyRFNkTlRkZWs5Y3Vyd1hYaUN6Mzc2bnBEd3NsSGY5dWJfX0JQekVxRFZ4TEdPMnl6M0xQMGNlZWhYTjFXaHJQcjRDRzNIOTZ0dUhEMXZfMjhtdjdQd3FGekU1bTJCTDlLNmxDNDJNXzBXbGVvbzlnd1VsNGh0NXVHcVN0UW1vUmNpbEMtcnc?oc=5,Neutral,,,,,,0.0,0.0,0.0,"https://news.google.com/rss/search?q=""Microsoft+Family+Safety""&hl=en-IN&gl=IN&ceid=IN:en","Sat, 21 Jun 2025 07:00:00 GMT"
e31847b267d9b8ef49def16992e181d7,rss,"<a href=""https://news.google.com/rss/articles/CBMilAFBVV95cUxPQmhJSXdZcVlLVjlUcWVydnhjTm92dFBvcUZ0V0N1d1paNzZpdGh0RlpfckY0eV84SWtfX2EwV3NwRzRsY2laYTFBaGZvblZfdmNjTGg2YjRVUXRUVG55Nk5RdnNwR1pHZmYtWVlLekQ4aWNwcDFwUUZIeENrM1NXdGlfM1FTYUtOcVpRYVpCYTNKMGFi?oc=5"" target=""_blank"">Google Chrome Blocked on Some Windows PCs—Blame Microsoft</a>&nbsp;&nbsp;<font color=""#6f6f6f"">Republic World</font>",Google Chrome Blocked on Some Windows PCs—Blame Microsoft - Republic World,,,2025-06-23T07:00:00,https://news.google.com/rss/articles/CBMilAFBVV95cUxPQmhJSXdZcVlLVjlUcWVydnhjTm92dFBvcUZ0V0N1d1paNzZpdGh0RlpfckY0eV84SWtfX2EwV3NwRzRsY2laYTFBaGZvblZfdmNjTGg2YjRVUXRUVG55Nk5RdnNwR1pHZmYtWVlLekQ4aWNwcDFwUUZIeENrM1NXdGlfM1FTYUtOcVpRYVpCYTNKMGFi?oc=5,Neutral,,,,,,0.0,0.0,0.0,"https://news.google.com/rss/search?q=""Microsoft+Family+Safety""&hl=en-IN&gl=IN&ceid=IN:en","Mon, 23 Jun 2025 07:00:00 GMT"
6daa60e66227252c329a7b1a11dc58af,rss,"<a href=""https://news.google.com/rss/articles/CBMiigFBVV95cUxNa1ZoWWpEVDN3WG9qSWJKd1JpUEdScWFaemhiOWd3TzJ2V3hzbmI3em9CSENfNXA3TFFWRWkycFg2VUtpTW51MEZzdzVMbjNTRGJxWndhb3FYQS12Q042bFBOdlFkV3hKTXFNaDRxXzZqazR3d3hnZ2NHUEFrTk1hM0RTamxYZXAxRWc?oc=5"" target=""_blank"">A second Windows 11 bug takes suspicious aim at Google Chrome — and the same Microsoft app is to blame</a>&nbsp;&nbsp;<font color=""#6f6f6f"">Laptop Mag</font>",A second Windows 11 bug takes suspicious aim at Google Chrome — and the same Microsoft app is to blame - Laptop Mag,,,2025-06-26T07:00:00,https://news.google.com/rss/articles/CBMiigFBVV95cUxNa1ZoWWpEVDN3WG9qSWJKd1JpUEdScWFaemhiOWd3TzJ2V3hzbmI3em9CSENfNXA3TFFWRWkycFg2VUtpTW51MEZzdzVMbjNTRGJxWndhb3FYQS12Q042bFBOdlFkV3hKTXFNaDRxXzZqazR3d3hnZ2NHUEFrTk1hM0RTamxYZXAxRWc?oc=5,Neutral,,,,,,0.0,0.041666666666666664,0.0,"https://news.google.com/rss/search?q=""Microsoft+Family+Safety""&hl=en-IN&gl=IN&ceid=IN:en","Thu, 26 Jun 2025 07:00:00 GMT"
dfe91a7a421436d0e50740bece2a1a8b,rss,"<a href=""https://news.google.com/rss/articles/CBMigwFBVV95cUxNZ1lCMEt5cVp6YXE5SEFLblMyZ0FOWF8tZ2NZTWpKbjh6ZllwUm5BQ3JNNVZhR1RKYjFHVTN6VDRncnNXTDVaWTY3cmtYRnVYVmVGaVdXazJ5UzA5OTgycV9SdXlzV1EwTGVpYjFQcXFxTW1jNE5NcE1hempsTEhVM3FtNA?oc=5"" target=""_blank"">Windows 11 users report Microsoft blocking Google Chrome</a>&nbsp;&nbsp;<font color=""#6f6f6f"">Latest news from Azerbaijan</font>",Windows 11 users report Microsoft blocking Google Chrome - Latest news from Azerbaijan,,,2025-06-25T07:00:00,https://news.google.com/rss/articles/CBMigwFBVV95cUxNZ1lCMEt5cVp6YXE5SEFLblMyZ0FOWF8tZ2NZTWpKbjh6ZllwUm5BQ3JNNVZhR1RKYjFHVTN6VDRncnNXTDVaWTY3cmtYRnVYVmVGaVdXazJ5UzA5OTgycV9SdXlzV1EwTGVpYjFQcXFxTW1jNE5NcE1hempsTEhVM3FtNA?oc=5,Neutral,,,,,,0.0,0.0,0.0,"https://news.google.com/rss/search?q=""Microsoft+Family+Safety""&hl=en-IN&gl=IN&ceid=IN:en","Wed, 25 Jun 2025 07:00:00 GMT"
8ed468e1797a25522f0fa62c3ca05110,rss,"<a href=""https://news.google.com/rss/articles/CBMiuAFBVV95cUxOaXl5aUkyckI4UUtTQ3RzYk10b2ZsSjV3NndDZWdRRzlzRVhKUU5EaUoxMzEwN2VjZ2ZCNFExejVCLXVESEVKT3FZcWpnQ0hDRmlXbTRGSGptQm8zNmJOaEZXNlNVbDYyZU5jUGJBcENnRVlUVTNDVVV2WU5KYU1Zek9DZGI5MW1vN2tFOGdIWjI2ZWtrVnhKdmRHdjNSSWtuRWlVX0dPX2pITHpvcGowWXp5elFDVXVU?oc=5"" target=""_blank"">Microsoft’s Family Safety ‘Fix’ Is Now Blocking Google Chrome for Windows Users</a>&nbsp;&nbsp;<font color=""#6f6f6f"">WinBuzzer</font>",Microsoft’s Family Safety ‘Fix’ Is Now Blocking Google Chrome for Windows Users - WinBuzzer,,,2025-06-20T07:00:00,https://news.google.com/rss/articles/CBMiuAFBVV95cUxOaXl5aUkyckI4UUtTQ3RzYk10b2ZsSjV3NndDZWdRRzlzRVhKUU5EaUoxMzEwN2VjZ2ZCNFExejVCLXVESEVKT3FZcWpnQ0hDRmlXbTRGSGptQm8zNmJOaEZXNlNVbDYyZU5jUGJBcENnRVlUVTNDVVV2WU5KYU1Zek9DZGI5MW1vN2tFOGdIWjI2ZWtrVnhKdmRHdjNSSWtuRWlVX0dPX2pITHpvcGowWXp5elFDVXVU?oc=5,Neutral,,,,,,0.0,0.0,0.0,"https://news.google.com/rss/search?q=""Microsoft+Family+Safety""&hl=en-IN&gl=IN&ceid=IN:en","Fri, 20 Jun 2025 07:00:00 GMT"
539742facbc0c2a136edd6b4fd63347f,rss,"<a href=""https://news.google.com/rss/articles/CBMijgFBVV95cUxQUVI2VUVqbXBtbzRpSTVFTmgxd01ZS2ZuZHl1UXlPYVFYanRUMFNybVhoRkFOVUxsQWpyUl9fMzh1QjM4MXVmdktCcm9PRl9rRVlPakNTTU9FMXIwaExhNHZua0tBeGJCbzg0VkxFR2E3LTlrWmFXRGg3ZFV5dVZjTG95UDJWSDMxdHNLZjl3?oc=5"" target=""_blank"">Windows Is 'Accidentally' Blocking Chrome and Other Browsers</a>&nbsp;&nbsp;<font color=""#6f6f6f"">How-To Geek</font>",Windows Is 'Accidentally' Blocking Chrome and Other Browsers - How-To Geek,,,2025-06-26T07:00:00,https://news.google.com/rss/articles/CBMijgFBVV95cUxQUVI2VUVqbXBtbzRpSTVFTmgxd01ZS2ZuZHl1UXlPYVFYanRUMFNybVhoRkFOVUxsQWpyUl9fMzh1QjM4MXVmdktCcm9PRl9rRVlPakNTTU9FMXIwaExhNHZua0tBeGJCbzg0VkxFR2E3LTlrWmFXRGg3ZFV5dVZjTG95UDJWSDMxdHNLZjl3?oc=5,Negative,App Blocking,,,,,-0.0625,0.1875,0.0625,"https://news.google.com/rss/search?q=""Microsoft+Family+Safety""&hl=en-IN&gl=IN&ceid=IN:en","Thu, 26 Jun 2025 07:00:00 GMT"
551390a8c91f5805a11783ccad0bbc14,rss,"<a href=""https://news.google.com/rss/articles/CBMimwFBVV95cUxPb095RlNvUk43QnVvZUJEU0NSVHI2VHMxMjJGNHg3NUFyRGpUS0hoZUxVVUJwZHV1X2JIMDZfZEthV2lsSG1pN2lUbm5iVG9oU1ljVk5ybEtlV0M1V2pHYUo3YzZJZHp2bGtWRDlnblFpbzFSd05zWkh4VHN6SnIybU1qdzl6VHlDdHQxeFFMUnBtTllUdEV0Vno5dw?oc=5"" target=""_blank"">Windows parental controls are blocking Chrome</a>&nbsp;&nbsp;<font color=""#6f6f6f"">Engadget</font>",Windows parental controls are blocking Chrome - Engadget,,,2025-06-20T07:00:00,https://news.google.com/rss/articles/CBMimwFBVV95cUxPb095RlNvUk43QnVvZUJEU0NSVHI2VHMxMjJGNHg3NUFyRGpUS0hoZUxVVUJwZHV1X2JIMDZfZEthV2lsSG1pN2lUbm5iVG9oU1ljVk5ybEtlV0M1V2pHYUo3YzZJZHp2bGtWRDlnblFpbzFSd05zWkh4VHN6SnIybU1qdzl6VHlDdHQxeFFMUnBtTllUdEV0Vno5dw?oc=5,Neutral,,,,,,0.0,0.0,0.0,"https://news.google.com/rss/search?q=""Microsoft+Family+Safety""&hl=en-IN&gl=IN&ceid=IN:en","Fri, 20 Jun 2025 07:00:00 GMT"
a508817332869b7204ae35bacda30ed0,rss,"<a href=""https://news.google.com/rss/articles/CBMihAFBVV95cUxPYU5NUGx3ZXRLWi1ETWQ0QklNc3MwTDBXZVluSXRnaGdzY2VkZDBKaEVhUnRBdXBFZzNmbTBPN1FqWk5EXzh2aTFZX21KMjk5dVpfNDhsUVhQYU5vMi00RER0RXlEdE1mempKbnNERVlMWGwyX2FZV0dDSWt0enNmWnNsLXo?oc=5"" target=""_blank"">Having trouble opening Chrome? It may be Microsoft's fault</a>&nbsp;&nbsp;<font color=""#6f6f6f"">Android Authority</font>",Having trouble opening Chrome? It may be Microsoft's fault - Android Authority,,,2025-06-20T07:00:00,https://news.google.com/rss/articles/CBMihAFBVV95cUxPYU5NUGx3ZXRLWi1ETWQ0QklNc3MwTDBXZVluSXRnaGdzY2VkZDBKaEVhUnRBdXBFZzNmbTBPN1FqWk5EXzh2aTFZX21KMjk5dVpfNDhsUVhQYU5vMi00RER0RXlEdE1mempKbnNERVlMWGwyX2FZV0dDSWt0enNmWnNsLXo?oc=5,Negative,Others,,,,,-0.1,0.1,0.1,"https://news.google.com/rss/search?q=""Microsoft+Family+Safety""&hl=en-IN&gl=IN&ceid=IN:en","Fri, 20 Jun 2025 07:00:00 GMT"
60a539ff1470f69da5433fcc714e8068,rss,"<a href=""https://news.google.com/rss/articles/CBMijwFBVV95cUxPWFFVbzlSamxrUk9LSVFNT2doS1oyRGpVRDVrT0JvOF91UFMxNDBoeURyaGthOG9QSW10TlpVOUVfTnJTakR4REpGbGw4UkRjbVlFZGtHbDJhTHNjZWVldDZIQXhSYm5JUVo4aVUyQXM5UzFtQ0hSallycXpfdUNOTEp5MnNLS2F4MVMzZ1hLRQ?oc=5"" target=""_blank"">Google blames Microsoft for Chrome's recent Windows woes</a>&nbsp;&nbsp;<font color=""#6f6f6f"">Android Police</font>",Google blames Microsoft for Chrome's recent Windows woes - Android Police,,,2025-06-20T07:00:00,https://news.google.com/rss/articles/CBMijwFBVV95cUxPWFFVbzlSamxrUk9LSVFNT2doS1oyRGpVRDVrT0JvOF91UFMxNDBoeURyaGthOG9QSW10TlpVOUVfTnJTakR4REpGbGw4UkRjbVlFZGtHbDJhTHNjZWVldDZIQXhSYm5JUVo4aVUyQXM5UzFtQ0hSallycXpfdUNOTEp5MnNLS2F4MVMzZ1hLRQ?oc=5,Neutral,,,,,,0.0,0.125,0.0,"https://news.google.com/rss/search?q=""Microsoft+Family+Safety""&hl=en-IN&gl=IN&ceid=IN:en","Fri, 20 Jun 2025 07:00:00 GMT"
0e78b99a2b231d90aae671dd70319c45,rss,"<a href=""https://news.google.com/rss/articles/CBMirAFBVV95cUxPT3p6S1ZPRFhyc3JrUk1PbG5HYjFhaUpaSldFRUpqSUwtWFBHTWxwV1dHUmNoWUI1QWthakxDSU5leU1yM2htV0kxVjBIUDZUU0xfTEFVYjRacld3bFNOaXdlVlFXLVkwZlBReDRvSTUxakNjZ3ZCc2JvRFA2YlppMW5FeWtSaUhNMUQ2UkR5LVJmbF9FTTVpLTlpV0xlSGpqTkJlNG1IcnY4blA5?oc=5"" target=""_blank"">Microsoft Blocks Google Chrome on Windows: Family Safety Bug or Browser War Strategy?</a>&nbsp;&nbsp;<font color=""#6f6f6f"">Tekedia</font>",Microsoft Blocks Google Chrome on Windows: Family Safety Bug or Browser War Strategy? - Tekedia,,,2025-06-21T07:00:00,https://news.google.com/rss/articles/CBMirAFBVV95cUxPT3p6S1ZPRFhyc3JrUk1PbG5HYjFhaUpaSldFRUpqSUwtWFBHTWxwV1dHUmNoWUI1QWthakxDSU5leU1yM2htV0kxVjBIUDZUU0xfTEFVYjRacld3bFNOaXdlVlFXLVkwZlBReDRvSTUxakNjZ3ZCc2JvRFA2YlppMW5FeWtSaUhNMUQ2UkR5LVJmbF9FTTVpLTlpV0xlSGpqTkJlNG1IcnY4blA5?oc=5,Neutral,,,,,,0.0,0.0,0.0,"https://news.google.com/rss/search?q=""Microsoft+Family+Safety""&hl=en-IN&gl=IN&ceid=IN:en","Sat, 21 Jun 2025 07:00:00 GMT"
8408e0940739814de9c86eeb82a82ee9,rss,"<a href=""https://news.google.com/rss/articles/CBMiqAFBVV95cUxPZlM1Wng0Z0ZWbEk3MXR5MFVjZndOSVJuTkFLU19TeTRRcmZFZmZ4TGtobHhiYTZJTEdSRWY4c1BWVXc5NDNUNUVqejlOQjcza0Z0NUlrN2xwdXdVYUQtSVcyaVJ0dTFxblM2MHl1TVg5Wk1PeXMtZGhBcEZjcFlnLUJsZ3QyRzR1LWVEd1RwdU55UnhLRWxmaHZQd1BCeDVsOFFkcEdPQTE?oc=5"" target=""_blank"">Microsoft feature accidentally starts blocking Google Chrome on Windows</a>&nbsp;&nbsp;<font color=""#6f6f6f"">Daily Jang</font>",Microsoft feature accidentally starts blocking Google Chrome on Windows - Daily Jang,,,2025-06-20T07:00:00,https://news.google.com/rss/articles/CBMiqAFBVV95cUxPZlM1Wng0Z0ZWbEk3MXR5MFVjZndOSVJuTkFLU19TeTRRcmZFZmZ4TGtobHhiYTZJTEdSRWY4c1BWVXc5NDNUNUVqejlOQjcza0Z0NUlrN2xwdXdVYUQtSVcyaVJ0dTFxblM2MHl1TVg5Wk1PeXMtZGhBcEZjcFlnLUJsZ3QyRzR1LWVEd1RwdU55UnhLRWxmaHZQd1BCeDVsOFFkcEdPQTE?oc=5,Neutral,,,,,,0.0,0.0,0.0,"https://news.google.com/rss/search?q=""Microsoft+Family+Safety""&hl=en-IN&gl=IN&ceid=IN:en","Fri, 20 Jun 2025 07:00:00 GMT"
89ddcdc69ca6e0a68f14417a3922318a,rss,"<a href=""https://news.google.com/rss/articles/CBMiugFBVV95cUxNSFVMdmIydk03N2ZqeV9ERnc5UXltRUxLaGQ0VDlpeDJlMk1QNmR2b3BORm5QWGp2eFp6dUxIYnhjZURRQVcxUGZJQWZFYXl3TFZqWW9RakhBbHUtQ3loZHZGVUZqTUUtbWJIeTVYV2Utb0dkRjBMNnlmN204Z2NRWnlYSkc2TmpNM19PTHJ2VHVHelEzOGlHSUNVem9aZU9rdTFHT29kaGFtVmY1V2hrYXFDWVRyQVl5cHc?oc=5"" target=""_blank"">Despite Netflix hit Adolescence driving national conversation, no uptick in online safety apps</a>&nbsp;&nbsp;<font color=""#6f6f6f"">Ipsos</font>","Despite Netflix hit Adolescence driving national conversation, no uptick in online safety apps - Ipsos",,,2025-04-09T07:00:00,https://news.google.com/rss/articles/CBMiugFBVV95cUxNSFVMdmIydk03N2ZqeV9ERnc5UXltRUxLaGQ0VDlpeDJlMk1QNmR2b3BORm5QWGp2eFp6dUxIYnhjZURRQVcxUGZJQWZFYXl3TFZqWW9RakhBbHUtQ3loZHZGVUZqTUUtbWJIeTVYV2Utb0dkRjBMNnlmN204Z2NRWnlYSkc2TmpNM19PTHJ2VHVHelEzOGlHSUNVem9aZU9rdTFHT29kaGFtVmY1V2hrYXFDWVRyQVl5cHc?oc=5,Neutral,,,,,,0.0,0.0,0.0,"https://news.google.com/rss/search?q=""Microsoft+Family+Safety""&hl=en-IN&gl=IN&ceid=IN:en","Wed, 09 Apr 2025 07:00:00 GMT"
